-- Trendsight seed data — generated by scripts/export_to_sql.py
-- Generated at: 2026-07-13T23:46:56.162774
SET NAMES utf8mb4;

-- worldcup.json: 12/34 clusters (heat >= 5.0)
INSERT INTO events (event_id, title, heat, report_count, duplicate_count, time_start, time_end, event_time, risk_level, stage, confidence, prob_latent, prob_growth, prob_peak, prob_decline, analysis, positive, neutral, negative, sources, summary, location, cause, people, authenticity, propagation, created_at, updated_at) VALUES (1, '阿根廷队来了！', 19.862, 38, 1, '2026-07-10 23:27:43', '2026-07-13 21:12:47', '2026-07-12 12:00:00', 'mid_high', 'decline', 0.9, 0.0, 0.0, 0.1, 0.9, '当前事件报道数量持续下降，公众关注度减弱，处于衰退期。', 0.524, 0.286, 0.19, '["微博", "新浪新闻", "知乎"]', '图片来源于网络 本以为瑞士会死守，没想到开场主动压着阿根廷打，好几次反击看着都要破门。图片来源于网络 中场休息过后阿根廷打法偏保守，收缩防线减少前场逼抢，给了瑞士充足的中场控球空间。图片来源于网络 看完瑞士1-3不敌阿根廷无缘世界杯4强，不得不承认的5个事实，瑞士踢得确实有点脏。', '瑞士、美加墨、埃及', '但凡认真看过几场阿根廷队踢球就会知道，这球队踢得脏，小动作不断搞人心态，为了赢什么下三滥的手段都用。', '["阿尔瓦雷", "恩博洛", "斯卡", "洛尼", "卡利斯"]', '{"credibility_score": 0.454, "official_ratio": 0.263, "verified_ratio": 0.789, "plain_user_ratio": 0.211, "verification_dist": {"认证个人": 0.447, "官方平台": 0.263, "普通用户": 0.211, "头部认证个人": 0.079}, "factors": ["well_sourced"]}', '{"key_nodes": [{"role": "初始爆料", "author": "曾经", "platform": "知乎", "verification_type": "普通用户", "publish_time": "2026-07-10T23:27:43", "influence": 71.8, "title": "但凡认真看过几场阿根廷队踢球就会知道，这球队踢得脏，小动作不断搞人心态，为了赢什"}, {"role": "首次官方媒体介入", "author": "欧洲足球记录者", "platform": "新浪新闻", "verification_type": "官方平台", "publish_time": "2026-07-12T07:39:10", "influence": 0.0, "title": "阿根廷队来了！"}, {"role": "首次大V发声", "author": "李平康_", "platform": "微博", "verification_type": "头部认证个人", "publish_time": "2026-07-12T11:32:24", "influence": 6.6, "title": "#瑞士 脏# 上一场热搜是阿根廷脏，现在又说瑞士脏，咱们这都玩闹呢？都是很正常的"}, {"role": "传播高峰", "author": "DeMess1Cafe", "platform": "微博", "verification_type": "认证个人", "publish_time": "2026-07-12T16:00:40", "influence": 395.4, "title": "阿根廷vs瑞士，赛后瑞士球员曼赞比拿到了梅西的球衣还答应给记者炫耀了😎 #阿根廷"}], "top_influencers": [{"author": "DeMess1Cafe", "platform": "微博", "verification_type": "认证个人", "publish_time": "2026-07-12T16:00:40", "influence": 395.4, "repost_count": 22, "like_count": 1193, "comment_count": 31, "title": "阿根廷vs瑞士，赛后瑞士球员曼赞比拿到了梅西的球衣还答应给记者炫耀了😎 #阿根廷"}, {"author": "牛师傅Goat", "platform": "微博", "verification_type": "认证个人", "publish_time": "2026-07-12T12:32:48", "influence": 183.1, "repost_count": 4, "like_count": 417, "comment_count": 108, "title": "#世界杯[超话]# 两三句话就能解释的为啥要解释四百多条？ 是不是有人在急？ 是"}, {"author": "骆明微博", "platform": "微博", "verification_type": "认证个人", "publish_time": "2026-07-12T13:13:07", "influence": 137.6, "repost_count": 20, "like_count": 307, "comment_count": 51, "title": "只能说做一个体面的输家很难，我们自己去可能也一样。但另外一方面也说明，哪怕是教练"}, {"author": "你有大力神杯吗", "platform": "微博", "verification_type": "认证个人", "publish_time": "2026-07-12T12:04:25", "influence": 107.5, "repost_count": 2, "like_count": 295, "comment_count": 34, "title": "我已经能想象到16号那场得有多血雨腥风了🚬🚬🚬 #瑞士 脏##瑞士 假摔##阿根"}, {"author": "IT互联网那点事", "platform": "微博", "verification_type": "认证个人", "publish_time": "2026-07-12T11:45:24", "influence": 80.6, "repost_count": 21, "like_count": 157, "comment_count": 25, "title": "#阿根廷3比1瑞士#阿根廷晋级4强。阿根廷第二球进的太轻松惬意了，阿尔瓦雷斯方圆"}], "platform_chain": {"nodes": [{"name": "知乎", "count": 2, "first_seen": "2026-07-10T23:27:43"}, {"name": "新浪新闻", "count": 10, "first_seen": "2026-07-12T07:39:10"}, {"name": "微博", "count": 26, "first_seen": "2026-07-12T07:43:37"}], "links": [{"source": "知乎", "target": "新浪新闻", "value": 10}, {"source": "新浪新闻", "target": "微博", "value": 26}]}}', '2026-07-13 23:46:56', '2026-07-13 23:46:56');
INSERT INTO event_keywords (event_id, word, weight, rank) VALUES (1, '阿根廷', 1.0, 0);
INSERT INTO event_keywords (event_id, word, weight, rank) VALUES (1, '瑞士', 0.909, 1);
INSERT INTO event_keywords (event_id, word, weight, rank) VALUES (1, '图片', 0.424, 2);
INSERT INTO event_keywords (event_id, word, weight, rank) VALUES (1, '来源于', 0.424, 3);
INSERT INTO event_keywords (event_id, word, weight, rank) VALUES (1, '网络', 0.424, 4);
INSERT INTO event_keywords (event_id, word, weight, rank) VALUES (1, '梅西', 0.355, 5);
INSERT INTO event_keywords (event_id, word, weight, rank) VALUES (1, '分钟', 0.319, 6);
INSERT INTO event_keywords (event_id, word, weight, rank) VALUES (1, '世界杯', 0.303, 7);
INSERT INTO event_platforms (event_id, platform_name, ratio, rank) VALUES (1, '微博', 0.684, 0);
INSERT INTO event_platforms (event_id, platform_name, ratio, rank) VALUES (1, '新浪新闻', 0.263, 1);
INSERT INTO event_platforms (event_id, platform_name, ratio, rank) VALUES (1, '知乎', 0.053, 2);
INSERT INTO event_trend_daily (event_id, date, count, is_predicted) VALUES (1, '2026-07-10', 1, 0);
INSERT INTO event_trend_daily (event_id, date, count, is_predicted) VALUES (1, '2026-07-11', 0, 0);
INSERT INTO event_trend_daily (event_id, date, count, is_predicted) VALUES (1, '2026-07-12', 33, 0);
INSERT INTO event_trend_daily (event_id, date, count, is_predicted) VALUES (1, '2026-07-13', 4, 0);
INSERT INTO event_trend_daily (event_id, date, count, is_predicted, predict_heat, predict_count) VALUES (1, '2026-07-14', 0, 1, 6.0, 6.0);
INSERT INTO event_trend_daily (event_id, date, count, is_predicted, predict_heat, predict_count) VALUES (1, '2026-07-15', 0, 1, 8.0, 8.0);
INSERT INTO event_trend_daily (event_id, date, count, is_predicted, predict_heat, predict_count) VALUES (1, '2026-07-16', 0, 1, 10.0, 10.0);

INSERT INTO events (event_id, title, heat, report_count, duplicate_count, time_start, time_end, event_time, risk_level, stage, confidence, prob_latent, prob_growth, prob_peak, prob_decline, analysis, positive, neutral, negative, sources, summary, location, cause, people, authenticity, propagation, created_at, updated_at) VALUES (2, '头条世界杯｜连场双响！贝林厄姆就是真正的大英救星_运动家_澎湃新闻-The Paper', 17.767, 33, 3, '2026-07-10 14:50:52', '2026-07-13 20:32:35', '2026-07-12 12:00:00', 'mid_high', 'decline', 0.9, 0.0, 0.0, 0.1, 0.9, '当前事件报道数量持续下降，公众关注度减弱，处于衰退期。', 0.62, 0.26, 0.12, '["微博", "新浪新闻", "澎湃新闻", "知乎"]', '【#哈兰德父亲接连开炮#】#哈兰德父亲怒称被抢劫了# 哈兰德父亲：裁判救了英格兰，挪威被抢劫了 世界杯1/4决赛，贝林厄姆双响，英格兰2-1战胜挪威。在北京时间12日结束的一场美加墨世界杯四分之一决赛中，贝林厄姆独中两元，英格兰队通过加时赛2比1逆转挪威队，晋级四强。在当地时间7月11日美加墨世界杯四分之一决赛中，贝林厄姆梅开二度，英格兰队通过加时赛2:1逆转挪威队，时隔8年再次晋级世界杯四强。', '英格兰、挪威、法国', '很难，地狱难度，相比上届，这届只剩下团结和意志了。', '["贝林厄姆", "迈阿密", "凯恩", "贝格", "马甲"]', '{"credibility_score": 0.592, "official_ratio": 0.455, "verified_ratio": 0.758, "plain_user_ratio": 0.242, "verification_dist": {"官方平台": 0.455, "普通用户": 0.242, "认证个人": 0.152, "头部认证个人": 0.121, "认证机构": 0.03}, "factors": ["well_sourced"]}', '{"key_nodes": [{"role": "初始爆料", "author": "Cooper", "platform": "知乎", "verification_type": "普通用户", "publish_time": "2026-07-10T14:50:52", "influence": 1.0, "title": "很难，地狱难度，相比上届，这届只剩下团结和意志了。缺少体力，缺少边锋爆破，后防无"}, {"role": "首次官方媒体介入", "author": "启示者手书", "platform": "新浪新闻", "verification_type": "官方平台", "publish_time": "2026-07-12T07:53:00", "influence": 0.0, "title": "2-1逆转！英格兰挺进四强，23岁巨星闪耀世界杯，两个争议镜头！"}, {"role": "传播高峰", "author": "王玮晨", "platform": "微博", "verification_type": "认证个人", "publish_time": "2026-07-12T08:12:18", "influence": 1291.3, "title": "这场赛后可能还有争议。 贝林厄姆打入的那粒扳平进球，挪威守门员开大脚，球先击中了"}, {"role": "首次大V发声", "author": "直播吧", "platform": "微博", "verification_type": "认证机构", "publish_time": "2026-07-12T12:14:12.000001", "influence": 95.2, "title": "索尔巴肯：哈兰德本届世界杯透支了全部体能，但整体表现堪称完美 在挪威1-2负于英"}], "top_influencers": [{"author": "王玮晨", "platform": "微博", "verification_type": "认证个人", "publish_time": "2026-07-12T08:12:18", "influence": 1291.3, "repost_count": 61, "like_count": 3401, "comment_count": 420, "title": "这场赛后可能还有争议。 贝林厄姆打入的那粒扳平进球，挪威守门员开大脚，球先击中了"}, {"author": "红魔巨星", "platform": "微博", "verification_type": "头部认证个人", "publish_time": "2026-07-12T13:23:38", "influence": 150.0, "repost_count": 9, "like_count": 330, "comment_count": 84, "title": "国际足联又陷争议，疑似为英阿大战“操盘”！ 英格兰2-1险胜挪威进四强，这胜利却"}, {"author": "直播吧", "platform": "微博", "verification_type": "认证机构", "publish_time": "2026-07-12T12:14:12.000001", "influence": 95.2, "repost_count": 20, "like_count": 199, "comment_count": 31, "title": "索尔巴肯：哈兰德本届世界杯透支了全部体能，但整体表现堪称完美 在挪威1-2负于英"}, {"author": "Njone足球梦想", "platform": "知乎", "verification_type": "普通用户", "publish_time": "2026-07-12T14:55:32", "influence": 90.9, "repost_count": 0, "like_count": 203, "comment_count": 60, "title": "世界杯四强凑齐了——法国、西班牙、英格兰、阿根廷。国际足联排名前四，一个不差。挪"}, {"author": "A-Promised-Land1", "platform": "微博", "verification_type": "认证个人", "publish_time": "2026-07-12T14:57:38", "influence": 84.6, "repost_count": 14, "like_count": 202, "comment_count": 20, "title": "越是稀烂的国家，越输不起。埃及队输给阿根廷之后，毫无底线地攻击当值裁判，认为人家"}], "platform_chain": {"nodes": [{"name": "知乎", "count": 9, "first_seen": "2026-07-10T14:50:52"}, {"name": "新浪新闻", "count": 13, "first_seen": "2026-07-12T07:53:00"}, {"name": "微博", "count": 9, "first_seen": "2026-07-12T08:12:18"}, {"name": "澎湃新闻", "count": 2, "first_seen": "2026-07-12T08:59:00"}], "links": [{"source": "知乎", "target": "新浪新闻", "value": 13}, {"source": "新浪新闻", "target": "微博", "value": 9}, {"source": "微博", "target": "澎湃新闻", "value": 2}]}}', '2026-07-13 23:46:56', '2026-07-13 23:46:56');
INSERT INTO event_keywords (event_id, word, weight, rank) VALUES (2, '世界杯', 1.0, 0);
INSERT INTO event_keywords (event_id, word, weight, rank) VALUES (2, '阿根廷', 0.874, 1);
INSERT INTO event_keywords (event_id, word, weight, rank) VALUES (2, '挪威', 0.708, 2);
INSERT INTO event_keywords (event_id, word, weight, rank) VALUES (2, '英格兰队', 0.707, 3);
INSERT INTO event_keywords (event_id, word, weight, rank) VALUES (2, '英格兰', 0.687, 4);
INSERT INTO event_keywords (event_id, word, weight, rank) VALUES (2, '哈兰德', 0.614, 5);
INSERT INTO event_keywords (event_id, word, weight, rank) VALUES (2, '厄姆', 0.548, 6);
INSERT INTO event_keywords (event_id, word, weight, rank) VALUES (2, '视觉', 0.527, 7);
INSERT INTO event_platforms (event_id, platform_name, ratio, rank) VALUES (2, '新浪新闻', 0.394, 0);
INSERT INTO event_platforms (event_id, platform_name, ratio, rank) VALUES (2, '微博', 0.273, 1);
INSERT INTO event_platforms (event_id, platform_name, ratio, rank) VALUES (2, '知乎', 0.273, 2);
INSERT INTO event_platforms (event_id, platform_name, ratio, rank) VALUES (2, '澎湃新闻', 0.061, 3);
INSERT INTO event_trend_daily (event_id, date, count, is_predicted) VALUES (2, '2026-07-10', 1, 0);
INSERT INTO event_trend_daily (event_id, date, count, is_predicted) VALUES (2, '2026-07-11', 1, 0);
INSERT INTO event_trend_daily (event_id, date, count, is_predicted) VALUES (2, '2026-07-12', 25, 0);
INSERT INTO event_trend_daily (event_id, date, count, is_predicted) VALUES (2, '2026-07-13', 6, 0);
INSERT INTO event_trend_daily (event_id, date, count, is_predicted, predict_heat, predict_count) VALUES (2, '2026-07-14', 0, 1, 8.5, 8.5);
INSERT INTO event_trend_daily (event_id, date, count, is_predicted, predict_heat, predict_count) VALUES (2, '2026-07-15', 0, 1, 11.0, 11.0);
INSERT INTO event_trend_daily (event_id, date, count, is_predicted, predict_heat, predict_count) VALUES (2, '2026-07-16', 0, 1, 13.5, 13.5);

INSERT INTO events (event_id, title, heat, report_count, duplicate_count, time_start, time_end, event_time, risk_level, stage, confidence, prob_latent, prob_growth, prob_peak, prob_decline, analysis, positive, neutral, negative, sources, summary, location, cause, people, authenticity, propagation, created_at, updated_at) VALUES (3, '指责主裁双标，埃及足协就争议判罚向国际足联提出申诉_运动家_澎湃新闻-The Paper', 16.427, 61, 23, '2026-07-08 08:08:17', '2026-07-13 20:46:49', '2026-07-08 12:00:00', 'mid_high', 'decline', 0.9, 0.0, 0.0, 0.1, 0.9, '当前事件报道数量持续下降，公众关注度减弱，处于衰退期。', 0.51, 0.252, 0.238, '["微博", "新浪新闻", "澎湃新闻", "知乎"]', '而争议不只这一点，比赛第58分钟时，埃及队反击破门一度将比分扩大至2-0，但事后主裁判经VAR判定有埃及队球员此前对利马犯规在先，因此进球无效。主裁判先判阿根廷球员犯规，VAR回看后改判恩博洛假摔，给他黄牌。以下是埃及队的犯规获利时间表：00：25埃及球员被断球后撞恩佐膝盖，裁判没有表示（危险动作）2：28麦卡利斯特无球状态下遭埃及球员冲撞2：29梅西持球遭埃及防守球员拉拽2：33梅西传球在埃及球员推搡干扰下传出界外5：47埃及防守球员发力推德保罗22：18埃及防守球员发力推梅西26：41埃及防守球员推搡恩佐34：54埃及防守球员用力推搡小蜘蛛35：51埃及防守球员用力推搡帕雷德斯36：15德保罗弧顶处无球状态下被埃及防守球员撕扯衣服倒地36：44埃及球员冲撞帕雷德斯致其倒地36：45梅西背身遭埃及防守球员冲撞推搡导致丢失球权，裁判没有任何表示41：40埃及球员无球状态下禁区内推搡阿尔瓦雷斯42：06埃及防守球员在弧顶处分别推搡恩佐和梅西49：26防守球员背身冲撞梅西46：48梅西带球推进遭埃及防守球员拉拽46：52麦卡利斯特背身做球被埃及防守球员拉倒54：30恩佐背身护球遭到埃及防守球员拉拽61：47麦卡利斯特被推倒埃及顺势打反击 裁判没有表示63：13麦卡利斯特向前带球推进被身后拉拽63：30萨拉赫对利马犯规阿根廷进攻有利被吹64：22梅西追球遭背后埃及防守球员拉拽74：25埃及队门将故意拖延时间不开球79：56梅西寻求撞墙，埃及防守球员抬臂阻挡梅西81：42埃及防守球员被梅西突破后伸手拉拽85：24埃及防守球员背后发力推恩佐88：01小蜘蛛持球后埃及防守球员上前拉拽99：37恩佐护球埃及防守球员拉拽且恶意冲撞恩佐100：20劳马护球埃及防守球员搂抱且另一名埃及队员主动挑衅。', '埃及、瑞士、法国', '当年悄悄收钱，却被球迷公认金哨的陆俊说过，黑哨不会在关键上下手脚，相反手段非常隐蔽。', '["萨拉", "科里纳", "孙葆洁", "阿尔瓦雷", "哈桑"]', '{"credibility_score": 0.343, "official_ratio": 0.246, "verified_ratio": 0.475, "plain_user_ratio": 0.525, "verification_dist": {"普通用户": 0.525, "官方平台": 0.246, "认证个人": 0.197, "头部认证个人": 0.033}, "factors": []}', '{"key_nodes": [{"role": "初始爆料", "author": "Herry", "platform": "知乎", "verification_type": "普通用户", "publish_time": "2026-07-08T08:08:17.000001", "influence": 1073.6, "title": "当年悄悄收钱，却被球迷公认金哨的陆俊说过，黑哨不会在关键上下手脚，相反手段非常隐"}, {"role": "首次官方媒体介入", "author": "澎湃新闻", "platform": "澎湃新闻", "verification_type": "官方平台", "publish_time": "2026-07-08T11:25:00", "influence": 0.0, "title": "指责主裁双标，埃及足协就争议判罚向国际足联提出申诉_运动家_澎湃新闻-The P"}, {"role": "传播高峰", "author": "英国足球那点事", "platform": "微博", "verification_type": "认证个人", "publish_time": "2026-07-08T21:43:01", "influence": 4519.4, "title": "【专家观点】著名裁判员孙葆洁在央视《豪门盛宴》节目中表示：阿根廷逆转埃及的几次争"}, {"role": "首次大V发声", "author": "大徐花花", "platform": "微博", "verification_type": "头部认证个人", "publish_time": "2026-07-12T06:49:22", "influence": 6.8, "title": "#阿根廷 裁判#FIFA结论：首席裁判官科里纳公开声明，VAR回溯合规、萨拉赫倒"}], "top_influencers": [{"author": "英国足球那点事", "platform": "微博", "verification_type": "认证个人", "publish_time": "2026-07-08T21:43:01", "influence": 4519.4, "repost_count": 280, "like_count": 12458, "comment_count": 1004, "title": "【专家观点】著名裁判员孙葆洁在央视《豪门盛宴》节目中表示：阿根廷逆转埃及的几次争"}, {"author": "大嘴韩乔生", "platform": "微博", "verification_type": "认证个人", "publish_time": "2026-07-08T08:32:21", "influence": 3968.7, "repost_count": 506, "like_count": 10164, "comment_count": 827, "title": "法国主裁执法阿根廷对阵埃及的美加墨世界杯1/8决赛，整场比赛多项吹罚引发舆论热议"}, {"author": "耶爷嘢业", "platform": "微博", "verification_type": "认证个人", "publish_time": "2026-07-08T11:29:46", "influence": 2441.0, "repost_count": 108, "like_count": 6250, "comment_count": 916, "title": "埃及足协已经正式提出申诉，申请复盘本场比赛判罚，要求彻查本场主裁判的吹罚尺度。 "}, {"author": "说车的姚老板", "platform": "微博", "verification_type": "认证个人", "publish_time": "2026-07-08T12:09:55", "influence": 1318.1, "repost_count": 60, "like_count": 3427, "comment_count": 460, "title": "#埃及足协正式申诉 要求调查主裁判#世界杯1/8决赛埃及2-0领先遭阿根廷3-2"}, {"author": "Herry", "platform": "知乎", "verification_type": "普通用户", "publish_time": "2026-07-08T08:08:17.000001", "influence": 1073.6, "repost_count": 0, "like_count": 2947, "comment_count": 379, "title": "当年悄悄收钱，却被球迷公认金哨的陆俊说过，黑哨不会在关键上下手脚，相反手段非常隐"}], "platform_chain": {"nodes": [{"name": "知乎", "count": 34, "first_seen": "2026-07-08T08:08:17.000001"}, {"name": "微博", "count": 12, "first_seen": "2026-07-08T08:32:21"}, {"name": "澎湃新闻", "count": 4, "first_seen": "2026-07-08T11:25:00"}, {"name": "新浪新闻", "count": 11, "first_seen": "2026-07-09T16:22:12"}], "links": [{"source": "知乎", "target": "微博", "value": 12}, {"source": "微博", "target": "澎湃新闻", "value": 4}, {"source": "澎湃新闻", "target": "新浪新闻", "value": 11}]}}', '2026-07-13 23:46:56', '2026-07-13 23:46:56');
INSERT INTO event_keywords (event_id, word, weight, rank) VALUES (3, '埃及', 1.0, 0);
INSERT INTO event_keywords (event_id, word, weight, rank) VALUES (3, '阿根廷', 0.768, 1);
INSERT INTO event_keywords (event_id, word, weight, rank) VALUES (3, '裁判', 0.532, 2);
INSERT INTO event_keywords (event_id, word, weight, rank) VALUES (3, '球员', 0.519, 3);
INSERT INTO event_keywords (event_id, word, weight, rank) VALUES (3, '梅西', 0.435, 4);
INSERT INTO event_keywords (event_id, word, weight, rank) VALUES (3, 'VAR', 0.36, 5);
INSERT INTO event_keywords (event_id, word, weight, rank) VALUES (3, '比赛', 0.293, 6);
INSERT INTO event_keywords (event_id, word, weight, rank) VALUES (3, '恩博洛', 0.286, 7);
INSERT INTO event_platforms (event_id, platform_name, ratio, rank) VALUES (3, '知乎', 0.557, 0);
INSERT INTO event_platforms (event_id, platform_name, ratio, rank) VALUES (3, '微博', 0.197, 1);
INSERT INTO event_platforms (event_id, platform_name, ratio, rank) VALUES (3, '新浪新闻', 0.18, 2);
INSERT INTO event_platforms (event_id, platform_name, ratio, rank) VALUES (3, '澎湃新闻', 0.066, 3);
INSERT INTO event_trend_daily (event_id, date, count, is_predicted) VALUES (3, '2026-07-08', 19, 0);
INSERT INTO event_trend_daily (event_id, date, count, is_predicted) VALUES (3, '2026-07-09', 14, 0);
INSERT INTO event_trend_daily (event_id, date, count, is_predicted) VALUES (3, '2026-07-10', 4, 0);
INSERT INTO event_trend_daily (event_id, date, count, is_predicted) VALUES (3, '2026-07-11', 4, 0);
INSERT INTO event_trend_daily (event_id, date, count, is_predicted) VALUES (3, '2026-07-12', 11, 0);
INSERT INTO event_trend_daily (event_id, date, count, is_predicted) VALUES (3, '2026-07-13', 9, 0);
INSERT INTO event_trend_daily (event_id, date, count, is_predicted, predict_heat, predict_count) VALUES (3, '2026-07-14', 0, 1, 11.5, 11.5);
INSERT INTO event_trend_daily (event_id, date, count, is_predicted, predict_heat, predict_count) VALUES (3, '2026-07-15', 0, 1, 14.0, 14.0);
INSERT INTO event_trend_daily (event_id, date, count, is_predicted, predict_heat, predict_count) VALUES (3, '2026-07-16', 0, 1, 16.5, 16.5);

INSERT INTO events (event_id, title, heat, report_count, duplicate_count, time_start, time_end, event_time, risk_level, stage, confidence, prob_latent, prob_growth, prob_peak, prob_decline, analysis, positive, neutral, negative, sources, summary, location, cause, people, authenticity, propagation, created_at, updated_at) VALUES (4, '小组赛闯出的“黑马”，还能“黑”多远_运动家_澎湃新闻-The Paper', 16.215, 81, 33, '2026-06-22 15:55:41', '2026-07-13 19:52:38', '2026-07-08 12:00:00', 'mid_high', 'decline', 0.9, 0.0, 0.0, 0.1, 0.9, '当前事件报道数量持续下降，公众关注度减弱，处于衰退期。', 0.471, 0.324, 0.206, '["人民网", "微博", "新浪新闻", "澎湃新闻", "知乎"]', '新华社记者 程敏 摄 连场进球 梅西在阿根廷队3:2逆转战胜埃及队的比赛中打进一球，将自己保持的世界杯连续进球场次扩大到9场。八分之一决赛面对另一支非洲球队埃及，阿根廷队更是一度被逼到悬崖边，在两球落后的情况下，依靠比赛最后十几分钟里的连入三球才完成大逆转晋级，梅西也忍不住在赛后激动落泪。新华社美国亚特兰大7月7日电（记者王恒志 董意行）在0:2落后的绝境中，在梅西上半场罚丢点球的情况下，卫冕冠军阿根廷队在比赛最后阶段的13分钟内连入三球，神奇逆转埃及队，晋级美加墨世界杯八强。', '埃及、瑞士、佛得角', '混合团体世界杯：国乒轻取埃及队收获两连胜--文旅·体育--人民网。', '["斯卡", "洛尼", "罗梅罗", "恩佐", "哈桑"]', '{"credibility_score": 0.548, "official_ratio": 0.494, "verified_ratio": 0.667, "plain_user_ratio": 0.333, "verification_dist": {"官方平台": 0.494, "普通用户": 0.333, "认证个人": 0.111, "认证机构": 0.037, "头部认证个人": 0.025}, "factors": ["well_sourced"]}', '{"key_nodes": [{"role": "首次官方媒体介入", "author": "人民网", "platform": "人民网", "verification_type": "官方平台", "publish_time": "2026-06-22T15:55:41", "influence": 0.0, "title": "世界杯播报丨姆巴佩将迎国家队里程碑 梅西能否创造新历史--文旅·体育--人民网"}, {"role": "首次大V发声", "author": "参考消息", "platform": "微博", "verification_type": "认证机构", "publish_time": "2026-06-28T12:49:57", "influence": 2662.9, "title": "【外媒：#伊朗队队长怒斥国际足联#】据西班牙《先锋报》网站6月27日报道，在美加"}, {"role": "初始爆料", "author": "耶路撒冷饮", "platform": "知乎", "verification_type": "普通用户", "publish_time": "2026-06-30T17:25:37", "influence": 43.9, "title": "马赫雷斯赛后接受采访时，为93分钟射进的那一球的解释是：“最后时刻有人把球传进禁"}, {"role": "传播高峰", "author": "咪咕足球", "platform": "微博", "verification_type": "认证机构", "publish_time": "2026-07-04T08:44:49", "influence": 11619.5, "title": "#阿根廷16强# 2026世界杯1/16决赛，卫冕冠军阿根廷3-2力克佛得角，晋"}], "top_influencers": [{"author": "咪咕足球", "platform": "微博", "verification_type": "认证机构", "publish_time": "2026-07-04T08:44:49", "influence": 11619.5, "repost_count": 1561, "like_count": 30275, "comment_count": 1952, "title": "#阿根廷16强# 2026世界杯1/16决赛，卫冕冠军阿根廷3-2力克佛得角，晋"}, {"author": "评述员詹俊", "platform": "微博", "verification_type": "认证个人", "publish_time": "2026-07-08T02:41:41", "influence": 7730.5, "repost_count": 301, "like_count": 22100, "comment_count": 1599, "title": "#阿根廷绝杀埃及##阿根廷3比2埃及# 惊天大逆转，阿根廷队绝境逃生。埃及队的进"}, {"author": "梨视频", "platform": "微博", "verification_type": "认证机构", "publish_time": "2026-07-08T06:02:53", "influence": 5695.9, "repost_count": 182, "like_count": 15858, "comment_count": 1513, "title": "【#埃及队抗议#】阿根廷3比2埃及绝地逆转晋级。赛后，埃及主教练哈桑接受采访。“"}, {"author": "英国足球那点事", "platform": "微博", "verification_type": "认证个人", "publish_time": "2026-07-08T02:08:58", "influence": 4321.1, "repost_count": 224, "like_count": 12202, "comment_count": 873, "title": "#阿根廷惊天大逆转# ！78分钟还两球落后，最终让二追三逆转晋级8强！ #阿根廷"}, {"author": "新华社", "platform": "微博", "verification_type": "官方平台", "publish_time": "2026-07-08T02:12:57", "influence": 3165.3, "repost_count": 618, "like_count": 7986, "comment_count": 303, "title": "#阿根廷队让二追三#【梅西传射创纪录 阿根廷绝地逆转埃及进世界杯八强】#阿根廷绝"}], "platform_chain": {"nodes": [{"name": "人民网", "count": 8, "first_seen": "2026-06-22T15:55:41"}, {"name": "微博", "count": 9, "first_seen": "2026-06-28T12:49:57"}, {"name": "澎湃新闻", "count": 17, "first_seen": "2026-06-30T00:00:00"}, {"name": "知乎", "count": 34, "first_seen": "2026-06-30T17:25:37"}, {"name": "新浪新闻", "count": 12, "first_seen": "2026-07-10T07:40:31"}], "links": [{"source": "人民网", "target": "微博", "value": 9}, {"source": "微博", "target": "澎湃新闻", "value": 17}, {"source": "澎湃新闻", "target": "知乎", "value": 34}, {"source": "知乎", "target": "新浪新闻", "value": 12}]}}', '2026-07-13 23:46:56', '2026-07-13 23:46:56');
INSERT INTO event_keywords (event_id, word, weight, rank) VALUES (4, '阿根廷', 1.0, 0);
INSERT INTO event_keywords (event_id, word, weight, rank) VALUES (4, '瑞士', 0.765, 1);
INSERT INTO event_keywords (event_id, word, weight, rank) VALUES (4, '阿根廷队', 0.666, 2);
INSERT INTO event_keywords (event_id, word, weight, rank) VALUES (4, '埃及', 0.599, 3);
INSERT INTO event_keywords (event_id, word, weight, rank) VALUES (4, '比赛', 0.426, 4);
INSERT INTO event_keywords (event_id, word, weight, rank) VALUES (4, '英格兰', 0.364, 5);
INSERT INTO event_keywords (event_id, word, weight, rank) VALUES (4, '世界杯', 0.34, 6);
INSERT INTO event_keywords (event_id, word, weight, rank) VALUES (4, '分钟', 0.318, 7);
INSERT INTO event_platforms (event_id, platform_name, ratio, rank) VALUES (4, '知乎', 0.42, 0);
INSERT INTO event_platforms (event_id, platform_name, ratio, rank) VALUES (4, '澎湃新闻', 0.21, 1);
INSERT INTO event_platforms (event_id, platform_name, ratio, rank) VALUES (4, '新浪新闻', 0.148, 2);
INSERT INTO event_platforms (event_id, platform_name, ratio, rank) VALUES (4, '人民网', 0.111, 3);
INSERT INTO event_platforms (event_id, platform_name, ratio, rank) VALUES (4, '微博', 0.111, 4);
INSERT INTO event_trend_daily (event_id, date, count, is_predicted) VALUES (4, '2026-06-22', 1, 0);
INSERT INTO event_trend_daily (event_id, date, count, is_predicted) VALUES (4, '2026-06-23', 1, 0);
INSERT INTO event_trend_daily (event_id, date, count, is_predicted) VALUES (4, '2026-06-24', 0, 0);
INSERT INTO event_trend_daily (event_id, date, count, is_predicted) VALUES (4, '2026-06-25', 0, 0);
INSERT INTO event_trend_daily (event_id, date, count, is_predicted) VALUES (4, '2026-06-26', 0, 0);
INSERT INTO event_trend_daily (event_id, date, count, is_predicted) VALUES (4, '2026-06-27', 1, 0);
INSERT INTO event_trend_daily (event_id, date, count, is_predicted) VALUES (4, '2026-06-28', 1, 0);
INSERT INTO event_trend_daily (event_id, date, count, is_predicted) VALUES (4, '2026-06-29', 0, 0);
INSERT INTO event_trend_daily (event_id, date, count, is_predicted) VALUES (4, '2026-06-30', 2, 0);
INSERT INTO event_trend_daily (event_id, date, count, is_predicted) VALUES (4, '2026-07-01', 0, 0);
INSERT INTO event_trend_daily (event_id, date, count, is_predicted) VALUES (4, '2026-07-02', 0, 0);
INSERT INTO event_trend_daily (event_id, date, count, is_predicted) VALUES (4, '2026-07-03', 2, 0);
INSERT INTO event_trend_daily (event_id, date, count, is_predicted) VALUES (4, '2026-07-04', 6, 0);
INSERT INTO event_trend_daily (event_id, date, count, is_predicted) VALUES (4, '2026-07-05', 0, 0);
INSERT INTO event_trend_daily (event_id, date, count, is_predicted) VALUES (4, '2026-07-06', 0, 0);
INSERT INTO event_trend_daily (event_id, date, count, is_predicted) VALUES (4, '2026-07-07', 1, 0);
INSERT INTO event_trend_daily (event_id, date, count, is_predicted) VALUES (4, '2026-07-08', 19, 0);
INSERT INTO event_trend_daily (event_id, date, count, is_predicted) VALUES (4, '2026-07-09', 4, 0);
INSERT INTO event_trend_daily (event_id, date, count, is_predicted) VALUES (4, '2026-07-10', 11, 0);
INSERT INTO event_trend_daily (event_id, date, count, is_predicted) VALUES (4, '2026-07-11', 15, 0);
INSERT INTO event_trend_daily (event_id, date, count, is_predicted) VALUES (4, '2026-07-12', 9, 0);
INSERT INTO event_trend_daily (event_id, date, count, is_predicted) VALUES (4, '2026-07-13', 7, 0);
INSERT INTO event_trend_daily (event_id, date, count, is_predicted, predict_heat, predict_count) VALUES (4, '2026-07-14', 0, 1, 3.0, 3.0);
INSERT INTO event_trend_daily (event_id, date, count, is_predicted, predict_heat, predict_count) VALUES (4, '2026-07-15', 0, 1, 0.0, 0.0);
INSERT INTO event_trend_daily (event_id, date, count, is_predicted, predict_heat, predict_count) VALUES (4, '2026-07-16', 0, 1, 0.0, 0.0);

INSERT INTO events (event_id, title, heat, report_count, duplicate_count, time_start, time_end, event_time, risk_level, stage, confidence, prob_latent, prob_growth, prob_peak, prob_decline, analysis, positive, neutral, negative, sources, summary, location, cause, people, authenticity, propagation, created_at, updated_at) VALUES (5, '世界杯首次1/16决赛，我们看什么？_运动家_澎湃新闻-The Paper', 12.377, 49, 22, '2026-06-03 08:29:10', '2026-07-13 20:54:45', '2026-07-13 12:00:00', 'mid_high', 'decline', 0.9, 0.0, 0.0, 0.1, 0.9, '当前事件报道数量持续下降，公众关注度减弱，处于衰退期。', 0.656, 0.281, 0.062, '["人民网", "微博", "新浪新闻", "澎湃新闻", "知乎"]', '国际足联发布声明，允许巴洛贡继续出战与比利时队的1/8决赛 按FIFA的说法，美国队前锋巴洛贡因在世界杯1/16决赛对阵波黑队时踩踏对方球员被禁赛一场。但事实上，从国际足联对美国队红牌球员史无前例的“特赦”，到法国与巴拉圭、阿根廷与埃及比赛中的判罚争议，本届世界杯开赛至今，不断出现的“场外因素”不仅已经严重影响到了球迷的观感，还侵蚀着体育精神的纯粹与本真。美加墨世界杯欧洲6席，分别为法国、英格兰、比利时、西班牙、挪威和瑞士，南美仅剩阿根廷，非洲仍由摩洛哥占据一席。', '西班牙、美加墨、法国', '西甲前瞻｜面对史诗级的皇马，巴萨马竞都在搞小动作_运动家_澎湃新闻-The Paper。', '["蒂诺", "洛特", "梅里", "拉霍伊", "萨拉"]', '{"credibility_score": 0.708, "official_ratio": 0.714, "verified_ratio": 0.816, "plain_user_ratio": 0.184, "verification_dist": {"官方平台": 0.714, "普通用户": 0.184, "认证个人": 0.041, "头部认证个人": 0.041, "认证机构": 0.02}, "factors": ["high_duplicate_rate", "well_sourced"]}', '{"key_nodes": [{"role": "首次官方媒体介入", "author": "新华社", "platform": "人民网", "verification_type": "官方平台", "publish_time": "2026-06-03T08:29:10", "influence": 0.0, "title": "世界杯大名单的争议--文旅·体育--人民网"}, {"role": "初始爆料", "author": "小穆总", "platform": "知乎", "verification_type": "普通用户", "publish_time": "2026-07-06T19:45:11", "influence": 0.3, "title": "2026世界杯美国vs比利时最大争议：德布劳内是否真的状态下滑？比利时被赔率低估"}, {"role": "传播高峰", "author": "青山布衣", "platform": "知乎", "verification_type": "认证个人", "publish_time": "2026-07-08T09:26:55", "influence": 167.7, "title": "1、那是VAR，不是VCR，笑死2、讲点具体的足球规则，伪球迷可以好好学学，阿根"}, {"role": "首次大V发声", "author": "欧洲时报", "platform": "微博", "verification_type": "认证机构", "publish_time": "2026-07-12T20:49:53", "influence": 2.7, "title": "【“法国队水平很高……但没有一名法国球员”，西班牙前首相发表种族主义言论惹众怒】"}], "top_influencers": [{"author": "青山布衣", "platform": "知乎", "verification_type": "认证个人", "publish_time": "2026-07-08T09:26:55", "influence": 167.7, "repost_count": 0, "like_count": 399, "comment_count": 96, "title": "1、那是VAR，不是VCR，笑死2、讲点具体的足球规则，伪球迷可以好好学学，阿根"}, {"author": "在大笑的榴莲", "platform": "微博", "verification_type": "头部认证个人", "publish_time": "2026-07-13T09:59:27", "influence": 60.0, "repost_count": 0, "like_count": 90, "comment_count": 66, "title": "#前西班牙首相称法国队没法国球员#前西班牙首相拉霍伊那句“法国队没法国球员”，听"}, {"author": "卜算子", "platform": "知乎", "verification_type": "认证个人", "publish_time": "2026-07-13T11:29:55.000001", "influence": 55.7, "repost_count": 0, "like_count": 149, "comment_count": 22, "title": "最近越看「保送」这两个字越顺眼，希望借题主吉言，阿根廷真的可以卫冕吧。看问题描述"}, {"author": "厉无咎", "platform": "知乎", "verification_type": "普通用户", "publish_time": "2026-07-10T16:27:19", "influence": 9.9, "repost_count": 0, "like_count": 33, "comment_count": 0, "title": "埃及球员怒喷裁判不公正称世界杯被内定，大量球迷吐槽阿根廷脏，这场裁判真的有问题吗"}, {"author": "见牛寻牛", "platform": "知乎", "verification_type": "普通用户", "publish_time": "2026-07-10T09:47:08", "influence": 5.9, "repost_count": 0, "like_count": 3, "comment_count": 10, "title": "《国际足联的\\"梅西工程\\"：从布拉特到因凡蒂诺，一场走了二十年的造神圈钱局》 - "}], "platform_chain": {"nodes": [{"name": "人民网", "count": 2, "first_seen": "2026-06-03T08:29:10"}, {"name": "澎湃新闻", "count": 26, "first_seen": "2026-06-28T00:00:00"}, {"name": "知乎", "count": 10, "first_seen": "2026-07-06T19:45:11"}, {"name": "新浪新闻", "count": 6, "first_seen": "2026-07-10T12:53:22"}, {"name": "微博", "count": 4, "first_seen": "2026-07-12T20:49:53"}], "links": [{"source": "人民网", "target": "澎湃新闻", "value": 26}, {"source": "澎湃新闻", "target": "知乎", "value": 10}, {"source": "知乎", "target": "新浪新闻", "value": 6}, {"source": "新浪新闻", "target": "微博", "value": 4}]}}', '2026-07-13 23:46:56', '2026-07-13 23:46:56');
INSERT INTO event_keywords (event_id, word, weight, rank) VALUES (5, '世界杯', 1.0, 0);
INSERT INTO event_keywords (event_id, word, weight, rank) VALUES (5, 'FIFA', 0.913, 1);
INSERT INTO event_keywords (event_id, word, weight, rank) VALUES (5, '摩洛哥', 0.573, 2);
INSERT INTO event_keywords (event_id, word, weight, rank) VALUES (5, '姆巴', 0.567, 3);
INSERT INTO event_keywords (event_id, word, weight, rank) VALUES (5, '比利时', 0.528, 4);
INSERT INTO event_keywords (event_id, word, weight, rank) VALUES (5, '比赛', 0.455, 5);
INSERT INTO event_keywords (event_id, word, weight, rank) VALUES (5, '国际足联', 0.368, 6);
INSERT INTO event_keywords (event_id, word, weight, rank) VALUES (5, '阿根廷', 0.367, 7);
INSERT INTO event_platforms (event_id, platform_name, ratio, rank) VALUES (5, '澎湃新闻', 0.551, 0);
INSERT INTO event_platforms (event_id, platform_name, ratio, rank) VALUES (5, '知乎', 0.204, 1);
INSERT INTO event_platforms (event_id, platform_name, ratio, rank) VALUES (5, '新浪新闻', 0.122, 2);
INSERT INTO event_platforms (event_id, platform_name, ratio, rank) VALUES (5, '微博', 0.082, 3);
INSERT INTO event_platforms (event_id, platform_name, ratio, rank) VALUES (5, '人民网', 0.041, 4);
INSERT INTO event_trend_daily (event_id, date, count, is_predicted) VALUES (5, '2026-06-03', 1, 0);
INSERT INTO event_trend_daily (event_id, date, count, is_predicted) VALUES (5, '2026-06-04', 0, 0);
INSERT INTO event_trend_daily (event_id, date, count, is_predicted) VALUES (5, '2026-06-05', 0, 0);
INSERT INTO event_trend_daily (event_id, date, count, is_predicted) VALUES (5, '2026-06-06', 0, 0);
INSERT INTO event_trend_daily (event_id, date, count, is_predicted) VALUES (5, '2026-06-07', 0, 0);
INSERT INTO event_trend_daily (event_id, date, count, is_predicted) VALUES (5, '2026-06-08', 0, 0);
INSERT INTO event_trend_daily (event_id, date, count, is_predicted) VALUES (5, '2026-06-09', 0, 0);
INSERT INTO event_trend_daily (event_id, date, count, is_predicted) VALUES (5, '2026-06-10', 0, 0);
INSERT INTO event_trend_daily (event_id, date, count, is_predicted) VALUES (5, '2026-06-11', 0, 0);
INSERT INTO event_trend_daily (event_id, date, count, is_predicted) VALUES (5, '2026-06-12', 0, 0);
INSERT INTO event_trend_daily (event_id, date, count, is_predicted) VALUES (5, '2026-06-13', 0, 0);
INSERT INTO event_trend_daily (event_id, date, count, is_predicted) VALUES (5, '2026-06-14', 0, 0);
INSERT INTO event_trend_daily (event_id, date, count, is_predicted) VALUES (5, '2026-06-15', 0, 0);
INSERT INTO event_trend_daily (event_id, date, count, is_predicted) VALUES (5, '2026-06-16', 0, 0);
INSERT INTO event_trend_daily (event_id, date, count, is_predicted) VALUES (5, '2026-06-17', 0, 0);
INSERT INTO event_trend_daily (event_id, date, count, is_predicted) VALUES (5, '2026-06-18', 0, 0);
INSERT INTO event_trend_daily (event_id, date, count, is_predicted) VALUES (5, '2026-06-19', 0, 0);
INSERT INTO event_trend_daily (event_id, date, count, is_predicted) VALUES (5, '2026-06-20', 0, 0);
INSERT INTO event_trend_daily (event_id, date, count, is_predicted) VALUES (5, '2026-06-21', 0, 0);
INSERT INTO event_trend_daily (event_id, date, count, is_predicted) VALUES (5, '2026-06-22', 0, 0);
INSERT INTO event_trend_daily (event_id, date, count, is_predicted) VALUES (5, '2026-06-23', 0, 0);
INSERT INTO event_trend_daily (event_id, date, count, is_predicted) VALUES (5, '2026-06-24', 0, 0);
INSERT INTO event_trend_daily (event_id, date, count, is_predicted) VALUES (5, '2026-06-25', 0, 0);
INSERT INTO event_trend_daily (event_id, date, count, is_predicted) VALUES (5, '2026-06-26', 0, 0);
INSERT INTO event_trend_daily (event_id, date, count, is_predicted) VALUES (5, '2026-06-27', 0, 0);
INSERT INTO event_trend_daily (event_id, date, count, is_predicted) VALUES (5, '2026-06-28', 1, 0);
INSERT INTO event_trend_daily (event_id, date, count, is_predicted) VALUES (5, '2026-06-29', 0, 0);
INSERT INTO event_trend_daily (event_id, date, count, is_predicted) VALUES (5, '2026-06-30', 0, 0);
INSERT INTO event_trend_daily (event_id, date, count, is_predicted) VALUES (5, '2026-07-01', 0, 0);
INSERT INTO event_trend_daily (event_id, date, count, is_predicted) VALUES (5, '2026-07-02', 0, 0);
INSERT INTO event_trend_daily (event_id, date, count, is_predicted) VALUES (5, '2026-07-03', 0, 0);
INSERT INTO event_trend_daily (event_id, date, count, is_predicted) VALUES (5, '2026-07-04', 1, 0);
INSERT INTO event_trend_daily (event_id, date, count, is_predicted) VALUES (5, '2026-07-05', 2, 0);
INSERT INTO event_trend_daily (event_id, date, count, is_predicted) VALUES (5, '2026-07-06', 4, 0);
INSERT INTO event_trend_daily (event_id, date, count, is_predicted) VALUES (5, '2026-07-07', 4, 0);
INSERT INTO event_trend_daily (event_id, date, count, is_predicted) VALUES (5, '2026-07-08', 6, 0);
INSERT INTO event_trend_daily (event_id, date, count, is_predicted) VALUES (5, '2026-07-09', 5, 0);
INSERT INTO event_trend_daily (event_id, date, count, is_predicted) VALUES (5, '2026-07-10', 8, 0);
INSERT INTO event_trend_daily (event_id, date, count, is_predicted) VALUES (5, '2026-07-11', 3, 0);
INSERT INTO event_trend_daily (event_id, date, count, is_predicted) VALUES (5, '2026-07-12', 4, 0);
INSERT INTO event_trend_daily (event_id, date, count, is_predicted) VALUES (5, '2026-07-13', 9, 0);
INSERT INTO event_trend_daily (event_id, date, count, is_predicted, predict_heat, predict_count) VALUES (5, '2026-07-14', 0, 1, 12.0, 12.0);
INSERT INTO event_trend_daily (event_id, date, count, is_predicted, predict_heat, predict_count) VALUES (5, '2026-07-15', 0, 1, 15.0, 15.0);
INSERT INTO event_trend_daily (event_id, date, count, is_predicted, predict_heat, predict_count) VALUES (5, '2026-07-16', 0, 1, 18.0, 18.0);

INSERT INTO events (event_id, title, heat, report_count, duplicate_count, time_start, time_end, event_time, risk_level, stage, confidence, prob_latent, prob_growth, prob_peak, prob_decline, analysis, positive, neutral, negative, sources, summary, location, cause, people, authenticity, propagation, created_at, updated_at) VALUES (6, '阿根廷加时赛淘汰瑞士进四强！“甲亢哥”穿阿根廷球衣拖球队下水的想法没得逞', 11.773, 22, 1, '2026-07-12 09:14:35', '2026-07-13 10:02:01', '2026-07-12 12:00:00', 'mid', 'decline', 0.9, 0.0, 0.0, 0.1, 0.9, '当前事件报道数量持续下降，公众关注度减弱，处于衰退期。', 0.706, 0.059, 0.235, '["微博", "新浪新闻", "知乎"]', '梅西助攻，独享世界杯助攻王+射手王 成世界杯史上首位“两双”球员 本次比赛开始仅10分钟，梅西开出角球助攻麦卡利斯特头球破门，为阿根廷队首开纪录。两次被阿根廷球迷用涉嫌种族歧视的方式对待，所以今天“甲亢哥”穿着阿根廷球衣观看阿根廷队与瑞士队的比赛，多少有些让人意外。中新网堪萨斯城7月12日电 题：梅西的世界杯时间，艰难穿过“瑞士时钟” 记者 邢翀 11日晚在堪萨斯城，阿根廷队又度过一场加时鏖战，以3:1击败瑞士队，晋级本届世界杯四强。', '瑞士、美加墨、英格兰', '阿根廷是8强里身高最矮、体重最轻的球队 但靠着梅西的平快助攻，一切皆有可能 吸取上场埃。', '["梅罗", "阿尔瓦雷", "劳塔罗", "卡利斯", "恩多耶小"]', '{"credibility_score": 0.57, "official_ratio": 0.409, "verified_ratio": 0.727, "plain_user_ratio": 0.273, "verification_dist": {"官方平台": 0.409, "普通用户": 0.273, "头部认证个人": 0.227, "认证个人": 0.091}, "factors": ["well_sourced"]}', '{"key_nodes": [{"role": "首次大V发声", "author": "梁祥宇", "platform": "微博", "verification_type": "头部认证个人", "publish_time": "2026-07-12T09:14:35", "influence": 38.9, "title": "麦卡进头球！ 阿根廷是8强里身高最矮、体重最轻的球队 但靠着梅西的平快助攻，一切"}, {"role": "初始爆料", "author": "雷速体育", "platform": "知乎", "verification_type": "普通用户", "publish_time": "2026-07-12T10:02:06", "influence": 0.8, "title": "梅西世界杯助攻数上双，20年间10次助攻不同队友破门得分 - 知乎"}, {"role": "传播高峰", "author": "孙大诚", "platform": "微博", "verification_type": "认证个人", "publish_time": "2026-07-12T11:57:10", "influence": 108.0, "title": "#阿根廷3比1瑞士#上半场第10分钟梅西角球助攻麦卡利斯特头球破门。 下半场恩多"}, {"role": "首次官方媒体介入", "author": "成都商报", "platform": "新浪新闻", "verification_type": "官方平台", "publish_time": "2026-07-12T12:28:00", "influence": 0.0, "title": "阿根廷加时赛淘汰瑞士进四强！“甲亢哥”穿阿根廷球衣拖球队下水的想法没得逞"}], "top_influencers": [{"author": "孙大诚", "platform": "微博", "verification_type": "认证个人", "publish_time": "2026-07-12T11:57:10", "influence": 108.0, "repost_count": 6, "like_count": 290, "comment_count": 30, "title": "#阿根廷3比1瑞士#上半场第10分钟梅西角球助攻麦卡利斯特头球破门。 下半场恩多"}, {"author": "林中落夕Y", "platform": "微博", "verification_type": "头部认证个人", "publish_time": "2026-07-12T11:52:39", "influence": 86.7, "repost_count": 9, "like_count": 194, "comment_count": 39, "title": "这样的结果开赛前真没想到，以39岁球员为核心的球队居然也能进四强了，满分（后面不"}, {"author": "梁祥宇", "platform": "微博", "verification_type": "头部认证个人", "publish_time": "2026-07-12T09:14:35", "influence": 38.9, "repost_count": 2, "like_count": 113, "comment_count": 6, "title": "麦卡进头球！ 阿根廷是8强里身高最矮、体重最轻的球队 但靠着梅西的平快助攻，一切"}, {"author": "我懂个球儿", "platform": "微博", "verification_type": "头部认证个人", "publish_time": "2026-07-12T20:43:21", "influence": 3.9, "repost_count": 0, "like_count": 13, "comment_count": 0, "title": "2026足坛盛事含金量拉满：四强集结夯实实力证明，梅罗落差戳穿双骄假象 2026"}, {"author": "稳步生财a_a", "platform": "微博", "verification_type": "头部认证个人", "publish_time": "2026-07-12T21:36:53", "influence": 2.4, "repost_count": 0, "like_count": 8, "comment_count": 0, "title": "FIFA彻底慌了！英阿世纪对决来袭，世界杯公信力迎来终极大考 随着英格兰、阿根廷"}], "platform_chain": {"nodes": [{"name": "微博", "count": 8, "first_seen": "2026-07-12T09:14:35"}, {"name": "知乎", "count": 5, "first_seen": "2026-07-12T10:02:06"}, {"name": "新浪新闻", "count": 9, "first_seen": "2026-07-12T12:28:00"}], "links": [{"source": "微博", "target": "知乎", "value": 5}, {"source": "知乎", "target": "新浪新闻", "value": 9}]}}', '2026-07-13 23:46:56', '2026-07-13 23:46:56');
INSERT INTO event_keywords (event_id, word, weight, rank) VALUES (6, '世界杯', 1.0, 0);
INSERT INTO event_keywords (event_id, word, weight, rank) VALUES (6, '梅西', 0.617, 1);
INSERT INTO event_keywords (event_id, word, weight, rank) VALUES (6, '阿根廷', 0.491, 2);
INSERT INTO event_keywords (event_id, word, weight, rank) VALUES (6, '阿根廷队', 0.489, 3);
INSERT INTO event_keywords (event_id, word, weight, rank) VALUES (6, '甲亢', 0.357, 4);
INSERT INTO event_keywords (event_id, word, weight, rank) VALUES (6, '助攻', 0.313, 5);
INSERT INTO event_keywords (event_id, word, weight, rank) VALUES (6, '瑞士队', 0.285, 6);
INSERT INTO event_keywords (event_id, word, weight, rank) VALUES (6, '球衣', 0.252, 7);
INSERT INTO event_platforms (event_id, platform_name, ratio, rank) VALUES (6, '新浪新闻', 0.409, 0);
INSERT INTO event_platforms (event_id, platform_name, ratio, rank) VALUES (6, '微博', 0.364, 1);
INSERT INTO event_platforms (event_id, platform_name, ratio, rank) VALUES (6, '知乎', 0.227, 2);
INSERT INTO event_trend_daily (event_id, date, count, is_predicted) VALUES (6, '2026-07-12', 20, 0);
INSERT INTO event_trend_daily (event_id, date, count, is_predicted) VALUES (6, '2026-07-13', 2, 0);
INSERT INTO event_trend_daily (event_id, date, count, is_predicted, predict_heat, predict_count) VALUES (6, '2026-07-14', 0, 1, 0.0, 0.0);
INSERT INTO event_trend_daily (event_id, date, count, is_predicted, predict_heat, predict_count) VALUES (6, '2026-07-15', 0, 1, 0.0, 0.0);
INSERT INTO event_trend_daily (event_id, date, count, is_predicted, predict_heat, predict_count) VALUES (6, '2026-07-16', 0, 1, 0.0, 0.0);

INSERT INTO events (event_id, title, heat, report_count, duplicate_count, time_start, time_end, event_time, risk_level, stage, confidence, prob_latent, prob_growth, prob_peak, prob_decline, analysis, positive, neutral, negative, sources, summary, location, cause, people, authenticity, propagation, created_at, updated_at) VALUES (7, '#阿根廷3比1瑞士##恩博洛假摔被罚下##瑞士 脏# 本场最经典瞬间莫过于此，身穿7号师从谁不知道，', 10.501, 12, 0, '2026-07-08 12:06:30', '2026-07-13 21:44:46', '2026-07-13 12:00:00', 'mid', 'growth', 0.9, 0.05, 0.9, 0.05, 0.0, '当前事件报道数量持续增加，公众关注度快速提升，处于成长期。', 0.657, 0.229, 0.114, '["微博", "新浪新闻"]', '以复刻1986年经典】今天（7月13日），阿根廷确认，世界杯半决赛对阵英格兰队的比赛，阿根廷队将身穿蓝色客场球衣。阿根廷跟队记者确认，阿根廷队将身穿蓝色客场球衣，球队也乐于选择这一款。因为在1986年和1998年两届世界杯上，阿根廷队都是身穿客场球衣战胜了英格兰队。', '英格兰、法国、瑞士', '经典外网环节 #阿根廷 脏#。', '["白岩松", "恩博洛", "埃杜尔"]', '{"credibility_score": 0.558, "official_ratio": 0.417, "verified_ratio": 0.833, "plain_user_ratio": 0.167, "verification_dist": {"官方平台": 0.417, "认证个人": 0.417, "普通用户": 0.167}, "factors": ["well_sourced"]}', '{"key_nodes": [{"role": "传播高峰", "author": "Messifanobserver", "platform": "微博", "verification_type": "认证个人", "publish_time": "2026-07-08T12:06:30", "influence": 1081.5, "title": "经典外网环节 #阿根廷 脏#"}, {"role": "初始爆料", "author": "Celien-Lee", "platform": "微博", "verification_type": "普通用户", "publish_time": "2026-07-12T16:41:49.999999", "influence": 6.8, "title": "#阿根廷3比1瑞士##恩博洛假摔被罚下##瑞士 脏# 本场最经典瞬间莫过于此，身"}, {"role": "首次官方媒体介入", "author": "电影拆台君", "platform": "新浪新闻", "verification_type": "官方平台", "publish_time": "2026-07-13T13:52:13", "influence": 0.0, "title": "英格兰阿根廷再对决，回顾1998年世界杯经典战"}], "top_influencers": [{"author": "Messifanobserver", "platform": "微博", "verification_type": "认证个人", "publish_time": "2026-07-08T12:06:30", "influence": 1081.5, "repost_count": 130, "like_count": 2760, "comment_count": 247, "title": "经典外网环节 #阿根廷 脏#"}, {"author": "I毅世-淇缘", "platform": "微博", "verification_type": "认证个人", "publish_time": "2026-07-13T20:41:37", "influence": 18.0, "repost_count": 0, "like_count": 60, "comment_count": 0, "title": "阿根廷vs英格兰：从1966到2026，一只手，两张红牌，六十年恩怨。世纪之战即"}, {"author": "Celien-Lee", "platform": "微博", "verification_type": "普通用户", "publish_time": "2026-07-12T16:41:49.999999", "influence": 6.8, "repost_count": 0, "like_count": 11, "comment_count": 7, "title": "#阿根廷3比1瑞士##恩博洛假摔被罚下##瑞士 脏# 本场最经典瞬间莫过于此，身"}, {"author": "球王小飞侠", "platform": "微博", "verification_type": "认证个人", "publish_time": "2026-07-13T21:44:46", "influence": 1.5, "repost_count": 1, "like_count": 0, "comment_count": 1, "title": "阿根廷和法国在世界杯上的恩怨，因为一些场外争议被彻底点燃了。 事情的导火索是国际"}, {"author": "马妍", "platform": "微博", "verification_type": "认证个人", "publish_time": "2026-07-13T14:37:42", "influence": 0.6, "repost_count": 0, "like_count": 2, "comment_count": 0, "title": "#阿根廷申请半决赛穿客场队服#哈哈经典玄学记忆！ 我高中男生足球队选队服就选阿根"}], "platform_chain": {"nodes": [{"name": "微博", "count": 7, "first_seen": "2026-07-08T12:06:30"}, {"name": "新浪新闻", "count": 5, "first_seen": "2026-07-13T13:52:13"}], "links": [{"source": "微博", "target": "新浪新闻", "value": 5}]}}', '2026-07-13 23:46:56', '2026-07-13 23:46:56');
INSERT INTO event_keywords (event_id, word, weight, rank) VALUES (7, '球衣', 1.0, 0);
INSERT INTO event_keywords (event_id, word, weight, rank) VALUES (7, '英格兰', 0.487, 1);
INSERT INTO event_keywords (event_id, word, weight, rank) VALUES (7, '蓝色', 0.351, 2);
INSERT INTO event_keywords (event_id, word, weight, rank) VALUES (7, '身穿', 0.345, 3);
INSERT INTO event_keywords (event_id, word, weight, rank) VALUES (7, '阿根廷队', 0.34, 4);
INSERT INTO event_keywords (event_id, word, weight, rank) VALUES (7, '客场', 0.259, 5);
INSERT INTO event_keywords (event_id, word, weight, rank) VALUES (7, 'FIFA', 0.241, 6);
INSERT INTO event_keywords (event_id, word, weight, rank) VALUES (7, '阿根廷', 0.222, 7);
INSERT INTO event_platforms (event_id, platform_name, ratio, rank) VALUES (7, '微博', 0.583, 0);
INSERT INTO event_platforms (event_id, platform_name, ratio, rank) VALUES (7, '新浪新闻', 0.417, 1);
INSERT INTO event_trend_daily (event_id, date, count, is_predicted) VALUES (7, '2026-07-08', 1, 0);
INSERT INTO event_trend_daily (event_id, date, count, is_predicted) VALUES (7, '2026-07-09', 0, 0);
INSERT INTO event_trend_daily (event_id, date, count, is_predicted) VALUES (7, '2026-07-10', 0, 0);
INSERT INTO event_trend_daily (event_id, date, count, is_predicted) VALUES (7, '2026-07-11', 0, 0);
INSERT INTO event_trend_daily (event_id, date, count, is_predicted) VALUES (7, '2026-07-12', 1, 0);
INSERT INTO event_trend_daily (event_id, date, count, is_predicted) VALUES (7, '2026-07-13', 10, 0);
INSERT INTO event_trend_daily (event_id, date, count, is_predicted, predict_heat, predict_count) VALUES (7, '2026-07-14', 0, 1, 15.0, 15.0);
INSERT INTO event_trend_daily (event_id, date, count, is_predicted, predict_heat, predict_count) VALUES (7, '2026-07-15', 0, 1, 20.0, 20.0);
INSERT INTO event_trend_daily (event_id, date, count, is_predicted, predict_heat, predict_count) VALUES (7, '2026-07-16', 0, 1, 25.0, 25.0);

INSERT INTO events (event_id, title, heat, report_count, duplicate_count, time_start, time_end, event_time, risk_level, stage, confidence, prob_latent, prob_growth, prob_peak, prob_decline, analysis, positive, neutral, negative, sources, summary, location, cause, people, authenticity, propagation, created_at, updated_at) VALUES (8, '100岁美国网红老妪场边举牌支持梅西！去年举牌“梅西娶我”走红', 9.765, 13, 0, '2026-07-12 10:04:41', '2026-07-13 13:35:25', '2026-07-13 12:00:00', 'mid', 'growth', 0.9, 0.05, 0.9, 0.05, 0.0, '当前事件报道数量持续增加，公众关注度快速提升，处于成长期。', 0.553, 0.298, 0.149, '["微博", "新浪新闻"]', '】 借着阿根廷艰难晋级半决赛，吹一下梅西。梅西发文冲啊 【#梅西发文冲啊#】#梅西称球队再次历经磨难# 北京时间7月12日，2026美加墨世界杯1/4决赛，阿根廷3比1战胜瑞士，连续两届晋级半决赛，将对阵英格兰，梅西此役送出一记助攻。对这场即将到来的对决，梅西做出回应：“和强队交手总是很特别，在我的阿根廷队生涯中，还从未对阵过英格兰队，这将是我的第一次，这将是一场特别的世界杯半决赛。', '埃及、克罗地亚、美国', '100岁美国网红老妪场边举牌支持梅西。', '["亚姆", "萨拉"]', '{"credibility_score": 0.877, "official_ratio": 0.846, "verified_ratio": 0.923, "plain_user_ratio": 0.077, "verification_dist": {"官方平台": 0.846, "认证个人": 0.077, "普通用户": 0.077}, "factors": ["well_sourced"]}', '{"key_nodes": [{"role": "首次官方媒体介入", "author": "狍子歪解体坛", "platform": "新浪新闻", "verification_type": "官方平台", "publish_time": "2026-07-12T10:04:41", "influence": 0.0, "title": "100岁美国网红老妪场边举牌支持梅西！去年举牌“梅西娶我”走红"}, {"role": "传播高峰", "author": "大萌不懂球", "platform": "微博", "verification_type": "认证个人", "publish_time": "2026-07-12T12:31:15", "influence": 6.7, "title": "不懂球更新【Vol.220 赞美梅西！歌颂梅西！】 借着阿根廷艰难晋级半决赛，吹"}, {"role": "初始爆料", "author": "八百标兵奔北坡抬迫击炮", "platform": "微博", "verification_type": "普通用户", "publish_time": "2026-07-12T22:24:48", "influence": 0.5, "title": "梅西踢埃及那一夜 我找了半天阿根廷球衣 最终看到一件萨拉赫 看起来珠圆玉润 实则"}], "top_influencers": [{"author": "大萌不懂球", "platform": "微博", "verification_type": "认证个人", "publish_time": "2026-07-12T12:31:15", "influence": 6.7, "repost_count": 3, "like_count": 9, "comment_count": 2, "title": "不懂球更新【Vol.220 赞美梅西！歌颂梅西！】 借着阿根廷艰难晋级半决赛，吹"}, {"author": "八百标兵奔北坡抬迫击炮", "platform": "微博", "verification_type": "普通用户", "publish_time": "2026-07-12T22:24:48", "influence": 0.5, "repost_count": 0, "like_count": 0, "comment_count": 1, "title": "梅西踢埃及那一夜 我找了半天阿根廷球衣 最终看到一件萨拉赫 看起来珠圆玉润 实则"}], "platform_chain": {"nodes": [{"name": "新浪新闻", "count": 11, "first_seen": "2026-07-12T10:04:41"}, {"name": "微博", "count": 2, "first_seen": "2026-07-12T12:31:15"}], "links": [{"source": "新浪新闻", "target": "微博", "value": 2}]}}', '2026-07-13 23:46:56', '2026-07-13 23:46:56');
INSERT INTO event_keywords (event_id, word, weight, rank) VALUES (8, '梅西', 1.0, 0);
INSERT INTO event_keywords (event_id, word, weight, rank) VALUES (8, '世界杯', 0.38, 1);
INSERT INTO event_keywords (event_id, word, weight, rank) VALUES (8, '阿根廷', 0.242, 2);
INSERT INTO event_keywords (event_id, word, weight, rank) VALUES (8, '帕雷德', 0.24, 3);
INSERT INTO event_keywords (event_id, word, weight, rank) VALUES (8, '半决赛', 0.207, 4);
INSERT INTO event_keywords (event_id, word, weight, rank) VALUES (8, '发文', 0.18, 5);
INSERT INTO event_keywords (event_id, word, weight, rank) VALUES (8, '迈阿密', 0.18, 6);
INSERT INTO event_keywords (event_id, word, weight, rank) VALUES (8, '千呼万唤', 0.18, 7);
INSERT INTO event_platforms (event_id, platform_name, ratio, rank) VALUES (8, '新浪新闻', 0.846, 0);
INSERT INTO event_platforms (event_id, platform_name, ratio, rank) VALUES (8, '微博', 0.154, 1);
INSERT INTO event_trend_daily (event_id, date, count, is_predicted) VALUES (8, '2026-07-12', 4, 0);
INSERT INTO event_trend_daily (event_id, date, count, is_predicted) VALUES (8, '2026-07-13', 9, 0);
INSERT INTO event_trend_daily (event_id, date, count, is_predicted, predict_heat, predict_count) VALUES (8, '2026-07-14', 0, 1, 14.0, 14.0);
INSERT INTO event_trend_daily (event_id, date, count, is_predicted, predict_heat, predict_count) VALUES (8, '2026-07-15', 0, 1, 19.0, 19.0);
INSERT INTO event_trend_daily (event_id, date, count, is_predicted, predict_heat, predict_count) VALUES (8, '2026-07-16', 0, 1, 24.0, 24.0);

INSERT INTO events (event_id, title, heat, report_count, duplicate_count, time_start, time_end, event_time, risk_level, stage, confidence, prob_latent, prob_growth, prob_peak, prob_decline, analysis, positive, neutral, negative, sources, summary, location, cause, people, authenticity, propagation, created_at, updated_at) VALUES (9, '阿根廷3比1瑞士，晋级四强', 8.06, 13, 0, '2026-07-12 11:56:06', '2026-07-13 20:46:07', '2026-07-12 12:00:00', 'mid', 'decline', 0.9, 0.0, 0.0, 0.1, 0.9, '当前事件报道数量持续下降，公众关注度减弱，处于衰退期。', 0.298, 0.267, 0.435, '["微博", "新浪新闻"]', '阿根廷3比1瑞士，晋级四强。#阿根廷3比1瑞士##世界杯四强# http://t.cn/AXK。#阿根廷3比1瑞士##世界杯四强# http://t.cn/AXKqwtur。', '瑞士、英格兰、埃及', '阿根廷3比1瑞士，晋级四强。', '["斯卡", "洛尼", "王楚钦", "阿坎吉", "贝林厄姆"]', '{"credibility_score": 0.4, "official_ratio": 0.077, "verified_ratio": 0.923, "plain_user_ratio": 0.077, "verification_dist": {"认证个人": 0.538, "头部认证个人": 0.308, "官方平台": 0.077, "普通用户": 0.077}, "factors": ["official_absent"]}', '{"key_nodes": [{"role": "首次官方媒体介入", "author": "新浪军事", "platform": "新浪新闻", "verification_type": "官方平台", "publish_time": "2026-07-12T11:56:06.000001", "influence": 0.0, "title": "阿根廷3比1瑞士，晋级四强"}, {"role": "传播高峰", "author": "常常常新宇", "platform": "微博", "verification_type": "认证个人", "publish_time": "2026-07-12T12:54:53", "influence": 45.5, "title": "阿根廷，掌管弹幕的悬念精彩之王！ #阿根廷3比1瑞士##世界杯四强# http:"}, {"role": "首次大V发声", "author": "星艺零零七", "platform": "微博", "verification_type": "头部认证个人", "publish_time": "2026-07-12T17:01:22.000001", "influence": 3.8, "title": "斯卡洛尼格局拉满 轻看英阿宿怨只谈赛场竞技 沉稳通透安抚全队，这般从容气度实在令"}, {"role": "初始爆料", "author": "幸运和财富来来来", "platform": "微博", "verification_type": "普通用户", "publish_time": "2026-07-13T20:06:52", "influence": 0.0, "title": "埃及主帅最新采访：阿根廷手段卑劣爱用盘外招，故意挑衅激怒对手 @新浪新闻 htt"}], "top_influencers": [{"author": "常常常新宇", "platform": "微博", "verification_type": "认证个人", "publish_time": "2026-07-12T12:54:53", "influence": 45.5, "repost_count": 4, "like_count": 120, "comment_count": 11, "title": "阿根廷，掌管弹幕的悬念精彩之王！ #阿根廷3比1瑞士##世界杯四强# http:"}, {"author": "米奇兔-柳十四", "platform": "微博", "verification_type": "认证个人", "publish_time": "2026-07-12T19:50:12", "influence": 38.1, "repost_count": 2, "like_count": 72, "comment_count": 29, "title": "发布了头条文章：《阿根廷11打11玩真假球王，11打10变两肋插刀》 #世界杯["}, {"author": "星艺零零七", "platform": "微博", "verification_type": "头部认证个人", "publish_time": "2026-07-12T17:01:22.000001", "influence": 3.8, "repost_count": 0, "like_count": 11, "comment_count": 1, "title": "斯卡洛尼格局拉满 轻看英阿宿怨只谈赛场竞技 沉稳通透安抚全队，这般从容气度实在令"}, {"author": "馨阳_", "platform": "微博", "verification_type": "认证个人", "publish_time": "2026-07-12T21:52:49", "influence": 2.9, "repost_count": 0, "like_count": 8, "comment_count": 1, "title": "原则君聊 王楚钦来时路，从18年青奥会开始 确实一路走来太不容容易了 也抓住了每"}, {"author": "笑圈少女", "platform": "微博", "verification_type": "认证个人", "publish_time": "2026-07-12T22:16:57", "influence": 2.7, "repost_count": 0, "like_count": 9, "comment_count": 0, "title": "#樊振东# 回顾解说首秀 两位老师对咚咚赞不绝口～ 谁还不知道20号#樊振东将解"}], "platform_chain": {"nodes": [{"name": "新浪新闻", "count": 1, "first_seen": "2026-07-12T11:56:06.000001"}, {"name": "微博", "count": 12, "first_seen": "2026-07-12T12:54:53"}], "links": [{"source": "新浪新闻", "target": "微博", "value": 12}]}}', '2026-07-13 23:46:56', '2026-07-13 23:46:56');
INSERT INTO event_keywords (event_id, word, weight, rank) VALUES (9, '瑞士', 1.0, 0);
INSERT INTO event_keywords (event_id, word, weight, rank) VALUES (9, '樊振东', 0.726, 1);
INSERT INTO event_keywords (event_id, word, weight, rank) VALUES (9, '解说', 0.726, 2);
INSERT INTO event_keywords (event_id, word, weight, rank) VALUES (9, '进球', 0.726, 3);
INSERT INTO event_keywords (event_id, word, weight, rank) VALUES (9, '精彩', 0.626, 4);
INSERT INTO event_keywords (event_id, word, weight, rank) VALUES (9, '梅西', 0.626, 5);
INSERT INTO event_keywords (event_id, word, weight, rank) VALUES (9, '四强', 0.555, 6);
INSERT INTO event_keywords (event_id, word, weight, rank) VALUES (9, '收藏', 0.544, 7);
INSERT INTO event_platforms (event_id, platform_name, ratio, rank) VALUES (9, '微博', 0.923, 0);
INSERT INTO event_platforms (event_id, platform_name, ratio, rank) VALUES (9, '新浪新闻', 0.077, 1);
INSERT INTO event_trend_daily (event_id, date, count, is_predicted) VALUES (9, '2026-07-12', 11, 0);
INSERT INTO event_trend_daily (event_id, date, count, is_predicted) VALUES (9, '2026-07-13', 2, 0);
INSERT INTO event_trend_daily (event_id, date, count, is_predicted, predict_heat, predict_count) VALUES (9, '2026-07-14', 0, 1, 0.0, 0.0);
INSERT INTO event_trend_daily (event_id, date, count, is_predicted, predict_heat, predict_count) VALUES (9, '2026-07-15', 0, 1, 0.0, 0.0);
INSERT INTO event_trend_daily (event_id, date, count, is_predicted, predict_heat, predict_count) VALUES (9, '2026-07-16', 0, 1, 0.0, 0.0);

INSERT INTO events (event_id, title, heat, report_count, duplicate_count, time_start, time_end, event_time, risk_level, stage, confidence, prob_latent, prob_growth, prob_peak, prob_decline, analysis, positive, neutral, negative, sources, summary, location, cause, people, authenticity, propagation, created_at, updated_at) VALUES (10, '阿根廷举行国庆日庆祝活动--国际--人民网', 6.769, 45, 17, '2026-07-08 01:34:23', '2026-07-13 18:12:54', '2026-07-08 12:00:00', 'mid', 'decline', 0.9, 0.0, 0.0, 0.1, 0.9, '当前事件报道数量持续下降，公众关注度减弱，处于衰退期。', 0.557, 0.279, 0.164, '["人民网", "微博", "新浪新闻", "知乎"]', '对埃及的判罚真的太离谱了，阿根廷犯规那么多都不吹，我希望下半场阿根廷直接进一球结束比赛，这样我买的二比一直接进账两万[哈哈]。但埃及球员疯狂抗议：在阿根廷发动这次反击之前，萨拉赫在另一端被犯规倒地，裁判没有吹停比赛，球权直接到了阿根廷脚下。（阿根廷民众也喜欢吃花生油）2、葵花籽油2022年，阿根廷共计出口葵花籽油约为63万吨2023年，阿根廷共计出口葵花籽油约为72万吨原本阿根廷的葵花籽油出口量在全世界只能排到第5位：第1位是乌克兰，它曾经是全球最大的葵花籽油生产国和净出口国。', '埃及、瑞士、上半场', '阿根廷：剥不完的花生、榨不完的油。', '["萨拉", "斯卡", "洛尼", "科里纳", "恩博洛"]', '{"credibility_score": 0.402, "official_ratio": 0.156, "verified_ratio": 0.756, "plain_user_ratio": 0.244, "verification_dist": {"认证个人": 0.378, "普通用户": 0.244, "官方平台": 0.156, "认证机构": 0.133, "头部认证个人": 0.089}, "factors": []}', '{"key_nodes": [{"role": "首次大V发声", "author": "直播吧", "platform": "微博", "verification_type": "认证机构", "publish_time": "2026-07-08T02:14:19", "influence": 3959.9, "title": "埃及全队投诉，阿根廷进球前，萨拉赫在阿根廷禁区倒地，埃及工作人员被红牌罚下。主帅"}, {"role": "初始爆料", "author": "雷速体育", "platform": "知乎", "verification_type": "普通用户", "publish_time": "2026-07-08T02:53:31", "influence": 0.3, "title": "如何评价？微博热搜前二： 裁判偏心、阿根廷脏 - 知乎"}, {"role": "传播高峰", "author": "咪咕体育", "platform": "微博", "verification_type": "认证机构", "publish_time": "2026-07-09T13:22:41", "influence": 21215.2, "title": "#FIFA认定阿根廷进球判罚正确##FIFA认定埃及进球被取消判罚正确# 对于阿"}, {"role": "首次官方媒体介入", "author": "游戏小白逆袭记", "platform": "新浪新闻", "verification_type": "官方平台", "publish_time": "2026-07-10T11:11:33.000001", "influence": 0.0, "title": "埃及申诉梅西遭嘲弄，FIFA裁决阿根廷胜局有效"}], "top_influencers": [{"author": "咪咕体育", "platform": "微博", "verification_type": "认证机构", "publish_time": "2026-07-09T13:22:41", "influence": 21215.2, "repost_count": 1606, "like_count": 57839, "comment_count": 4515, "title": "#FIFA认定阿根廷进球判罚正确##FIFA认定埃及进球被取消判罚正确# 对于阿"}, {"author": "马克欣", "platform": "微博", "verification_type": "头部认证个人", "publish_time": "2026-07-08T03:12:36", "influence": 12922.5, "repost_count": 496, "like_count": 38750, "comment_count": 1603, "title": "#阿根廷3比2埃及##阿根廷惊天逆转# 说实话，这些标题，都不如#阿根廷 脏#带"}, {"author": "头条新闻", "platform": "微博", "verification_type": "认证机构", "publish_time": "2026-07-08T07:30:00", "influence": 11127.3, "repost_count": 443, "like_count": 31371, "comment_count": 2546, "title": "【#埃及足协向FIFA申诉#，要求全面调查勒泰西耶的严重误判】#阿根廷埃及主裁判"}, {"author": "梨视频", "platform": "微博", "verification_type": "认证机构", "publish_time": "2026-07-08T08:02:31", "influence": 5683.8, "repost_count": 238, "like_count": 15531, "comment_count": 1573, "title": "【#阿根廷埃及球迷爆发冲突#】阿根廷3比2埃及绝地逆转晋级，赛后埃及队主帅及队员"}, {"author": "达克鸭唐", "platform": "微博", "verification_type": "认证个人", "publish_time": "2026-07-08T01:45:42", "influence": 5298.8, "repost_count": 104, "like_count": 13941, "comment_count": 2025, "title": "裁判真的演都不演了，这届世界杯这种越位很多了，罗梅罗这个进球不说一定越位至少看看"}], "platform_chain": {"nodes": [{"name": "微博", "count": 27, "first_seen": "2026-07-08T01:34:23.999999"}, {"name": "知乎", "count": 10, "first_seen": "2026-07-08T02:53:31"}, {"name": "新浪新闻", "count": 6, "first_seen": "2026-07-10T11:11:33.000001"}], "links": [{"source": "微博", "target": "知乎", "value": 10}, {"source": "知乎", "target": "新浪新闻", "value": 6}]}}', '2026-07-13 23:46:56', '2026-07-13 23:46:56');
INSERT INTO event_keywords (event_id, word, weight, rank) VALUES (10, '阿根廷', 1.0, 0);
INSERT INTO event_keywords (event_id, word, weight, rank) VALUES (10, '花生', 0.644, 1);
INSERT INTO event_keywords (event_id, word, weight, rank) VALUES (10, '埃及', 0.638, 2);
INSERT INTO event_keywords (event_id, word, weight, rank) VALUES (10, '万吨', 0.52, 3);
INSERT INTO event_keywords (event_id, word, weight, rank) VALUES (10, '出口', 0.416, 4);
INSERT INTO event_keywords (event_id, word, weight, rank) VALUES (10, '葵花籽', 0.395, 5);
INSERT INTO event_keywords (event_id, word, weight, rank) VALUES (10, '犯规', 0.344, 6);
INSERT INTO event_keywords (event_id, word, weight, rank) VALUES (10, '比赛', 0.341, 7);
INSERT INTO event_platforms (event_id, platform_name, ratio, rank) VALUES (10, '微博', 0.6, 0);
INSERT INTO event_platforms (event_id, platform_name, ratio, rank) VALUES (10, '知乎', 0.244, 1);
INSERT INTO event_platforms (event_id, platform_name, ratio, rank) VALUES (10, '新浪新闻', 0.133, 2);
INSERT INTO event_platforms (event_id, platform_name, ratio, rank) VALUES (10, '人民网', 0.022, 3);
INSERT INTO event_trend_daily (event_id, date, count, is_predicted) VALUES (10, '2026-07-08', 26, 0);
INSERT INTO event_trend_daily (event_id, date, count, is_predicted) VALUES (10, '2026-07-09', 3, 0);
INSERT INTO event_trend_daily (event_id, date, count, is_predicted) VALUES (10, '2026-07-10', 4, 0);
INSERT INTO event_trend_daily (event_id, date, count, is_predicted) VALUES (10, '2026-07-11', 5, 0);
INSERT INTO event_trend_daily (event_id, date, count, is_predicted) VALUES (10, '2026-07-12', 1, 0);
INSERT INTO event_trend_daily (event_id, date, count, is_predicted) VALUES (10, '2026-07-13', 4, 0);
INSERT INTO event_trend_daily (event_id, date, count, is_predicted, predict_heat, predict_count) VALUES (10, '2026-07-14', 0, 1, 3.5, 3.5);
INSERT INTO event_trend_daily (event_id, date, count, is_predicted, predict_heat, predict_count) VALUES (10, '2026-07-15', 0, 1, 3.0, 3.0);
INSERT INTO event_trend_daily (event_id, date, count, is_predicted, predict_heat, predict_count) VALUES (10, '2026-07-16', 0, 1, 2.5, 2.5);

INSERT INTO events (event_id, title, heat, report_count, duplicate_count, time_start, time_end, event_time, risk_level, stage, confidence, prob_latent, prob_growth, prob_peak, prob_decline, analysis, positive, neutral, negative, sources, summary, location, cause, people, authenticity, propagation, created_at, updated_at) VALUES (11, '阿根廷球星伦敦街头携家人现身，反转舆论风波', 6.459, 8, 0, '2026-07-12 22:02:49', '2026-07-13 21:13:35', '2026-07-13 12:00:00', 'mid', 'peak', 0.9, 0.0, 0.05, 0.9, 0.05, '当前事件报道量已接近峰值，关注度趋于稳定，处于高潮期。', 0.5, 0.312, 0.188, '["微博", "新浪新闻"]', '阿根廷队史第1次世界杯6连胜 #英格兰派出了贝林哄哈兰德#【#阿根廷队史第1次世界杯6连胜#】美加墨世界杯1/4决赛，阿根廷3比1战胜瑞士晋级半决赛。范志毅说英格兰很难击败阿根廷 #鹿晗[超话]# 【范志毅说英格兰很难击败阿根廷】7月12日，鹿晗做客范志毅直播间，二人一同分析英格兰对阵阿根廷的世界杯半决赛。范志毅说阿根廷战术刚好克制英格兰 #鹿晗[超话]# 【#范志毅说阿根廷战术刚好克制英格兰#】7月12日，鹿晗做客范志毅直播间，二人一同分析英格兰对阵阿根廷的世界杯半决赛。', '英格兰、伦敦、法国', '阿根廷球星伦敦街头携家人现身，反转舆论风波。', '["史第", "姆巴"]', '{"credibility_score": 0.737, "official_ratio": 0.625, "verified_ratio": 1.0, "plain_user_ratio": 0.0, "verification_dist": {"官方平台": 0.625, "认证个人": 0.375}, "factors": ["well_sourced"]}', '{"key_nodes": [{"role": "初始爆料", "author": "崖上的毛毛", "platform": "新浪新闻", "verification_type": "官方平台", "publish_time": "2026-07-12T22:02:49", "influence": 0.0, "title": "阿根廷球星伦敦街头携家人现身，反转舆论风波"}, {"role": "传播高峰", "author": "芒果名探", "platform": "微博", "verification_type": "认证个人", "publish_time": "2026-07-12T22:07:27", "influence": 15.9, "title": "#鹿晗范志毅直播#7月12日晚鹿晗去范志毅直播间聊世界杯，这是他之前陷入舆论风波"}], "top_influencers": [{"author": "芒果名探", "platform": "微博", "verification_type": "认证个人", "publish_time": "2026-07-12T22:07:27", "influence": 15.9, "repost_count": 0, "like_count": 53, "comment_count": 0, "title": "#鹿晗范志毅直播#7月12日晚鹿晗去范志毅直播间聊世界杯，这是他之前陷入舆论风波"}, {"author": "老高爱看球a", "platform": "微博", "verification_type": "认证个人", "publish_time": "2026-07-13T21:13:35", "influence": 0.6, "repost_count": 0, "like_count": 2, "comment_count": 0, "title": "#范志毅说瑟洛特传给哈兰德也踢不进# 一针见血！范志毅点评瑟洛特不传球：“就算传"}], "platform_chain": {"nodes": [{"name": "新浪新闻", "count": 5, "first_seen": "2026-07-12T22:02:49"}, {"name": "微博", "count": 3, "first_seen": "2026-07-12T22:07:27"}], "links": [{"source": "新浪新闻", "target": "微博", "value": 3}]}}', '2026-07-13 23:46:56', '2026-07-13 23:46:56');
INSERT INTO event_keywords (event_id, word, weight, rank) VALUES (11, '范志毅', 1.0, 0);
INSERT INTO event_keywords (event_id, word, weight, rank) VALUES (11, '阿根廷', 0.955, 1);
INSERT INTO event_keywords (event_id, word, weight, rank) VALUES (11, '英格兰', 0.674, 2);
INSERT INTO event_keywords (event_id, word, weight, rank) VALUES (11, '鹿晗', 0.618, 3);
INSERT INTO event_keywords (event_id, word, weight, rank) VALUES (11, '连胜', 0.6, 4);
INSERT INTO event_keywords (event_id, word, weight, rank) VALUES (11, '洛特', 0.6, 5);
INSERT INTO event_keywords (event_id, word, weight, rank) VALUES (11, '世界杯', 0.581, 6);
INSERT INTO event_keywords (event_id, word, weight, rank) VALUES (11, '哈兰德', 0.419, 7);
INSERT INTO event_platforms (event_id, platform_name, ratio, rank) VALUES (11, '新浪新闻', 0.625, 0);
INSERT INTO event_platforms (event_id, platform_name, ratio, rank) VALUES (11, '微博', 0.375, 1);
INSERT INTO event_trend_daily (event_id, date, count, is_predicted) VALUES (11, '2026-07-12', 3, 0);
INSERT INTO event_trend_daily (event_id, date, count, is_predicted) VALUES (11, '2026-07-13', 5, 0);
INSERT INTO event_trend_daily (event_id, date, count, is_predicted, predict_heat, predict_count) VALUES (11, '2026-07-14', 0, 1, 7.0, 7.0);
INSERT INTO event_trend_daily (event_id, date, count, is_predicted, predict_heat, predict_count) VALUES (11, '2026-07-15', 0, 1, 9.0, 9.0);
INSERT INTO event_trend_daily (event_id, date, count, is_predicted, predict_heat, predict_count) VALUES (11, '2026-07-16', 0, 1, 11.0, 11.0);

INSERT INTO events (event_id, title, heat, report_count, duplicate_count, time_start, time_end, event_time, risk_level, stage, confidence, prob_latent, prob_growth, prob_peak, prob_decline, analysis, positive, neutral, negative, sources, summary, location, cause, people, authenticity, propagation, created_at, updated_at) VALUES (12, '阿根廷庆祝晋级半决赛', 5.007, 9, 1, '2026-07-11 07:46:15', '2026-07-13 14:30:00', '2026-07-12 12:00:00', 'mid', 'decline', 0.9, 0.0, 0.0, 0.1, 0.9, '当前事件报道数量持续下降，公众关注度减弱，处于衰退期。', 0.568, 0.25, 0.182, '["微博", "新浪新闻"]', '赛后疯狂庆祝的阿根廷球迷。赛后疯狂庆祝的阿根廷球迷 赛后疯狂庆祝的阿根廷球迷。赛后阿根廷球员在更衣室继续庆祝 #世界排名前4球队均晋级世界杯4强#阿根廷能走到最后吗。', '瑞士、埃及、堪萨斯城', '另一个角度，再来欣赏一下阿根廷对埃及时梅西打进的凌空抽射。', '["梅西"]', '{"credibility_score": 0.69, "official_ratio": 0.556, "verified_ratio": 0.889, "plain_user_ratio": 0.111, "verification_dist": {"官方平台": 0.556, "头部认证个人": 0.222, "认证个人": 0.111, "普通用户": 0.111}, "factors": ["well_sourced"]}', '{"key_nodes": [{"role": "首次大V发声", "author": "阿根廷往事", "platform": "微博", "verification_type": "头部认证个人", "publish_time": "2026-07-11T07:46:15", "influence": 516.2, "title": "另一个角度，再来欣赏一下阿根廷对埃及时梅西打进的凌空抽射。我喜欢他连跳两下这个庆"}, {"role": "传播高峰", "author": "小野的瓜田", "platform": "微博", "verification_type": "认证个人", "publish_time": "2026-07-12T10:08:52", "influence": 537.0, "title": "阿根廷被上动作：正义必胜 阿根廷给别人上动作：脏 保送 为什么会是这样[疑问] "}, {"role": "首次官方媒体介入", "author": "Freya法法", "platform": "新浪新闻", "verification_type": "官方平台", "publish_time": "2026-07-12T11:57:29", "influence": 0.0, "title": "阿根廷庆祝晋级半决赛"}, {"role": "初始爆料", "author": "章孝龙Shawn", "platform": "微博", "verification_type": "普通用户", "publish_time": "2026-07-12T12:46:21", "influence": 270.2, "title": "比赛结束后，还没来得及庆祝就和无脑黑子大战了100多条，我真想看看他们的论点是啥"}], "top_influencers": [{"author": "小野的瓜田", "platform": "微博", "verification_type": "认证个人", "publish_time": "2026-07-12T10:08:52", "influence": 537.0, "repost_count": 31, "like_count": 1470, "comment_count": 130, "title": "阿根廷被上动作：正义必胜 阿根廷给别人上动作：脏 保送 为什么会是这样[疑问] "}, {"author": "阿根廷往事", "platform": "微博", "verification_type": "头部认证个人", "publish_time": "2026-07-11T07:46:15", "influence": 516.2, "repost_count": 91, "like_count": 1274, "comment_count": 86, "title": "另一个角度，再来欣赏一下阿根廷对埃及时梅西打进的凌空抽射。我喜欢他连跳两下这个庆"}, {"author": "章孝龙Shawn", "platform": "微博", "verification_type": "普通用户", "publish_time": "2026-07-12T12:46:21", "influence": 270.2, "repost_count": 11, "like_count": 784, "comment_count": 48, "title": "比赛结束后，还没来得及庆祝就和无脑黑子大战了100多条，我真想看看他们的论点是啥"}, {"author": "红魔巨星", "platform": "微博", "verification_type": "头部认证个人", "publish_time": "2026-07-12T20:58:13", "influence": 27.7, "repost_count": 4, "like_count": 54, "comment_count": 15, "title": "瑞士主帅亚金赛前赛后发言反差大，挺有意思。赛前他说：“阿根廷与埃及的比赛很公平，"}], "platform_chain": {"nodes": [{"name": "微博", "count": 4, "first_seen": "2026-07-11T07:46:15"}, {"name": "新浪新闻", "count": 5, "first_seen": "2026-07-12T11:57:29"}], "links": [{"source": "微博", "target": "新浪新闻", "value": 5}]}}', '2026-07-13 23:46:56', '2026-07-13 23:46:56');
INSERT INTO event_keywords (event_id, word, weight, rank) VALUES (12, '阿根廷', 1.0, 0);
INSERT INTO event_keywords (event_id, word, weight, rank) VALUES (12, '球迷', 0.902, 1);
INSERT INTO event_keywords (event_id, word, weight, rank) VALUES (12, '赛后', 0.62, 2);
INSERT INTO event_keywords (event_id, word, weight, rank) VALUES (12, '疯狂', 0.583, 3);
INSERT INTO event_keywords (event_id, word, weight, rank) VALUES (12, '歌曲', 0.537, 4);
INSERT INTO event_keywords (event_id, word, weight, rank) VALUES (12, '球员', 0.519, 5);
INSERT INTO event_keywords (event_id, word, weight, rank) VALUES (12, '阿根廷队', 0.46, 6);
INSERT INTO event_keywords (event_id, word, weight, rank) VALUES (12, '世界杯', 0.395, 7);
INSERT INTO event_platforms (event_id, platform_name, ratio, rank) VALUES (12, '新浪新闻', 0.556, 0);
INSERT INTO event_platforms (event_id, platform_name, ratio, rank) VALUES (12, '微博', 0.444, 1);
INSERT INTO event_trend_daily (event_id, date, count, is_predicted) VALUES (12, '2026-07-11', 1, 0);
INSERT INTO event_trend_daily (event_id, date, count, is_predicted) VALUES (12, '2026-07-12', 6, 0);
INSERT INTO event_trend_daily (event_id, date, count, is_predicted) VALUES (12, '2026-07-13', 2, 0);
INSERT INTO event_trend_daily (event_id, date, count, is_predicted, predict_heat, predict_count) VALUES (12, '2026-07-14', 0, 1, 2.5, 2.5);
INSERT INTO event_trend_daily (event_id, date, count, is_predicted, predict_heat, predict_count) VALUES (12, '2026-07-15', 0, 1, 3.0, 3.0);
INSERT INTO event_trend_daily (event_id, date, count, is_predicted, predict_heat, predict_count) VALUES (12, '2026-07-16', 0, 1, 3.5, 3.5);

-- guangxi_flood.json: 15/31 clusters (heat >= 5.0)
INSERT INTO events (event_id, title, heat, report_count, duplicate_count, time_start, time_end, event_time, risk_level, stage, confidence, prob_latent, prob_growth, prob_peak, prob_decline, analysis, positive, neutral, negative, sources, summary, location, cause, people, authenticity, propagation, created_at, updated_at) VALUES (13, '第1现场｜无人机直击：六蓝水库附近村庄遭洪水侵袭_快看_澎湃新闻-The Paper', 24.29, 115, 4, '2026-06-01 08:59:41', '2026-07-13 16:33:01', '2026-07-12 12:00:00', 'mid_high', 'decline', 0.9, 0.0, 0.0, 0.1, 0.9, '当前事件报道数量持续下降，公众关注度减弱，处于衰退期。', 0.357, 0.381, 0.262, '["人民网", "微博", "新浪新闻", "澎湃新闻", "知乎"]', '时隔近半个世纪，北京陆续启动5座山区防洪水库规划建设——在永定河、拒马河、大石河、温榆河上游，规划建设永定河官厅山峡洪水控制工程、拒马河张坊洪水控制工程、二道河水库、钻子岭水库、西峰山水库。且按照坝顶高程计算方法，除水位外还考虑了安全超高、风浪雍高等因素，即便是极端天气，要达到2000年以上一遇洪水量级还是极小概率事件（具体情况需等待官方对洪水量级的确认），该坝建于1960年，处于3年困难时期，全国各地当时建设了不少中小型土石坝，用于灌溉、人饮供水，但当时处于摸着石头过河的年代，水库大坝普遍存在压实质量差、“三边”工程普遍、泄水能力不足等现象。那么两闸失效将损失近587.6m³/s-735.6m³/s的泄洪流量，考虑到实际可以单侧抬起一点，实际可用泄洪量应该小幅超过881.4m³/s-1103.4m³/s（根据评论区指正，在2009年水库改造中，水库的拦水闸式泄洪道设计流量为1469m³/s以应对百年一遇的洪水。', '广西、台风、横州', '广西贵港抽水蓄能电站全面开工。', '["美莎克", "梁平", "邓剑洋", "陆绍相", "郑朝渊"]', '{"credibility_score": 0.662, "official_ratio": 0.548, "verified_ratio": 0.765, "plain_user_ratio": 0.235, "verification_dist": {"官方平台": 0.548, "普通用户": 0.235, "认证个人": 0.122, "认证机构": 0.052, "头部认证个人": 0.043}, "factors": ["well_sourced"]}', '{"key_nodes": [{"role": "首次官方媒体介入", "author": "人民网-图片频道", "platform": "人民网", "verification_type": "官方平台", "publish_time": "2026-06-01T08:59:41.000001", "influence": 0.0, "title": "湖南江华：水库风光美--图片频道--人民网"}, {"role": "首次大V发声", "author": "新浪热点", "platform": "微博", "verification_type": "认证机构", "publish_time": "2026-07-06T14:32:31", "influence": 274.5, "title": "#广西贵港辟谣两水库崩堤溃漏#【广西贵港：网传达开水库、石牛水库“崩堤溃漏”系谣"}, {"role": "初始爆料", "author": "波动科技", "platform": "知乎", "verification_type": "普通用户", "publish_time": "2026-07-07T10:54:14.999999", "influence": 0.3, "title": "广西六蓝水库溃坝之后：探地雷达如何为9.8万座大坝筑牢“看不见的防线”？ - 知"}, {"role": "传播高峰", "author": "央视新闻", "platform": "微博", "verification_type": "官方平台", "publish_time": "2026-07-09T12:37:54", "influence": 651.0, "title": "【#六蓝水库洪灾已致26死亡#】#广西洪灾已致39人遇难# 今天，#广西南宁防汛"}], "top_influencers": [{"author": "央视新闻", "platform": "微博", "verification_type": "官方平台", "publish_time": "2026-07-09T12:37:54", "influence": 651.0, "repost_count": 152, "like_count": 1275, "comment_count": 233, "title": "【#六蓝水库洪灾已致26死亡#】#广西洪灾已致39人遇难# 今天，#广西南宁防汛"}, {"author": "马上谈", "platform": "微博", "verification_type": "认证个人", "publish_time": "2026-07-09T06:15:00", "influence": 415.8, "repost_count": 126, "like_count": 821, "comment_count": 87, "title": "看到这篇文章很感慨：当年六蓝水库这类海量水利基建，账面几十年前就折旧清零，可实实"}, {"author": "群体表演艺术家", "platform": "微博", "verification_type": "认证个人", "publish_time": "2026-07-07T04:40:18", "influence": 414.4, "repost_count": 158, "like_count": 638, "comment_count": 130, "title": "广西辟谣水库崩塌、全市停电，对造谣扰乱公共秩序者将依法严肃处置。 [衰][衰]["}, {"author": "秦枫", "platform": "微博", "verification_type": "认证个人", "publish_time": "2026-07-06T17:50:29", "influence": 303.6, "repost_count": 111, "like_count": 542, "comment_count": 60, "title": "广西特大暴雨，四个水库出现险情，六蓝水库决堤了[祈祷]希望村民们都能避险求生，目"}, {"author": "红歌会网", "platform": "知乎", "verification_type": "认证个人", "publish_time": "2026-07-07T18:25:10", "influence": 288.5, "repost_count": 0, "like_count": 485, "comment_count": 286, "title": "六蓝水库决堤，竟然有人怪大跃进 - 知乎"}], "platform_chain": {"nodes": [{"name": "人民网", "count": 14, "first_seen": "2026-06-01T08:59:41.000001"}, {"name": "澎湃新闻", "count": 13, "first_seen": "2026-07-06T00:00:00"}, {"name": "微博", "count": 25, "first_seen": "2026-07-06T14:32:31"}, {"name": "知乎", "count": 28, "first_seen": "2026-07-07T10:33:42"}, {"name": "新浪新闻", "count": 27, "first_seen": "2026-07-09T16:02:28"}], "links": [{"source": "人民网", "target": "澎湃新闻", "value": 13}, {"source": "澎湃新闻", "target": "微博", "value": 25}, {"source": "微博", "target": "知乎", "value": 28}, {"source": "知乎", "target": "新浪新闻", "value": 27}]}}', '2026-07-13 23:46:56', '2026-07-13 23:46:56');
INSERT INTO event_keywords (event_id, word, weight, rank) VALUES (13, '水库', 1.0, 0);
INSERT INTO event_keywords (event_id, word, weight, rank) VALUES (13, '工程', 0.275, 1);
INSERT INTO event_keywords (event_id, word, weight, rank) VALUES (13, 's', 0.238, 2);
INSERT INTO event_keywords (event_id, word, weight, rank) VALUES (13, '建设', 0.236, 3);
INSERT INTO event_keywords (event_id, word, weight, rank) VALUES (13, '雷达', 0.233, 4);
INSERT INTO event_keywords (event_id, word, weight, rank) VALUES (13, '³', 0.232, 5);
INSERT INTO event_keywords (event_id, word, weight, rank) VALUES (13, '洪水', 0.221, 6);
INSERT INTO event_keywords (event_id, word, weight, rank) VALUES (13, '维护', 0.22, 7);
INSERT INTO event_platforms (event_id, platform_name, ratio, rank) VALUES (13, '知乎', 0.243, 0);
INSERT INTO event_platforms (event_id, platform_name, ratio, rank) VALUES (13, '新浪新闻', 0.235, 1);
INSERT INTO event_platforms (event_id, platform_name, ratio, rank) VALUES (13, '微博', 0.217, 2);
INSERT INTO event_platforms (event_id, platform_name, ratio, rank) VALUES (13, '人民网', 0.191, 3);
INSERT INTO event_platforms (event_id, platform_name, ratio, rank) VALUES (13, '澎湃新闻', 0.113, 4);
INSERT INTO event_trend_daily (event_id, date, count, is_predicted) VALUES (13, '2026-06-01', 1, 0);
INSERT INTO event_trend_daily (event_id, date, count, is_predicted) VALUES (13, '2026-06-02', 0, 0);
INSERT INTO event_trend_daily (event_id, date, count, is_predicted) VALUES (13, '2026-06-03', 1, 0);
INSERT INTO event_trend_daily (event_id, date, count, is_predicted) VALUES (13, '2026-06-04', 1, 0);
INSERT INTO event_trend_daily (event_id, date, count, is_predicted) VALUES (13, '2026-06-05', 0, 0);
INSERT INTO event_trend_daily (event_id, date, count, is_predicted) VALUES (13, '2026-06-06', 0, 0);
INSERT INTO event_trend_daily (event_id, date, count, is_predicted) VALUES (13, '2026-06-07', 0, 0);
INSERT INTO event_trend_daily (event_id, date, count, is_predicted) VALUES (13, '2026-06-08', 0, 0);
INSERT INTO event_trend_daily (event_id, date, count, is_predicted) VALUES (13, '2026-06-09', 1, 0);
INSERT INTO event_trend_daily (event_id, date, count, is_predicted) VALUES (13, '2026-06-10', 0, 0);
INSERT INTO event_trend_daily (event_id, date, count, is_predicted) VALUES (13, '2026-06-11', 0, 0);
INSERT INTO event_trend_daily (event_id, date, count, is_predicted) VALUES (13, '2026-06-12', 1, 0);
INSERT INTO event_trend_daily (event_id, date, count, is_predicted) VALUES (13, '2026-06-13', 0, 0);
INSERT INTO event_trend_daily (event_id, date, count, is_predicted) VALUES (13, '2026-06-14', 0, 0);
INSERT INTO event_trend_daily (event_id, date, count, is_predicted) VALUES (13, '2026-06-15', 0, 0);
INSERT INTO event_trend_daily (event_id, date, count, is_predicted) VALUES (13, '2026-06-16', 0, 0);
INSERT INTO event_trend_daily (event_id, date, count, is_predicted) VALUES (13, '2026-06-17', 0, 0);
INSERT INTO event_trend_daily (event_id, date, count, is_predicted) VALUES (13, '2026-06-18', 0, 0);
INSERT INTO event_trend_daily (event_id, date, count, is_predicted) VALUES (13, '2026-06-19', 1, 0);
INSERT INTO event_trend_daily (event_id, date, count, is_predicted) VALUES (13, '2026-06-20', 0, 0);
INSERT INTO event_trend_daily (event_id, date, count, is_predicted) VALUES (13, '2026-06-21', 0, 0);
INSERT INTO event_trend_daily (event_id, date, count, is_predicted) VALUES (13, '2026-06-22', 1, 0);
INSERT INTO event_trend_daily (event_id, date, count, is_predicted) VALUES (13, '2026-06-23', 0, 0);
INSERT INTO event_trend_daily (event_id, date, count, is_predicted) VALUES (13, '2026-06-24', 0, 0);
INSERT INTO event_trend_daily (event_id, date, count, is_predicted) VALUES (13, '2026-06-25', 0, 0);
INSERT INTO event_trend_daily (event_id, date, count, is_predicted) VALUES (13, '2026-06-26', 0, 0);
INSERT INTO event_trend_daily (event_id, date, count, is_predicted) VALUES (13, '2026-06-27', 0, 0);
INSERT INTO event_trend_daily (event_id, date, count, is_predicted) VALUES (13, '2026-06-28', 0, 0);
INSERT INTO event_trend_daily (event_id, date, count, is_predicted) VALUES (13, '2026-06-29', 0, 0);
INSERT INTO event_trend_daily (event_id, date, count, is_predicted) VALUES (13, '2026-06-30', 0, 0);
INSERT INTO event_trend_daily (event_id, date, count, is_predicted) VALUES (13, '2026-07-01', 0, 0);
INSERT INTO event_trend_daily (event_id, date, count, is_predicted) VALUES (13, '2026-07-02', 0, 0);
INSERT INTO event_trend_daily (event_id, date, count, is_predicted) VALUES (13, '2026-07-03', 0, 0);
INSERT INTO event_trend_daily (event_id, date, count, is_predicted) VALUES (13, '2026-07-04', 0, 0);
INSERT INTO event_trend_daily (event_id, date, count, is_predicted) VALUES (13, '2026-07-05', 0, 0);
INSERT INTO event_trend_daily (event_id, date, count, is_predicted) VALUES (13, '2026-07-06', 5, 0);
INSERT INTO event_trend_daily (event_id, date, count, is_predicted) VALUES (13, '2026-07-07', 13, 0);
INSERT INTO event_trend_daily (event_id, date, count, is_predicted) VALUES (13, '2026-07-08', 9, 0);
INSERT INTO event_trend_daily (event_id, date, count, is_predicted) VALUES (13, '2026-07-09', 15, 0);
INSERT INTO event_trend_daily (event_id, date, count, is_predicted) VALUES (13, '2026-07-10', 14, 0);
INSERT INTO event_trend_daily (event_id, date, count, is_predicted) VALUES (13, '2026-07-11', 7, 0);
INSERT INTO event_trend_daily (event_id, date, count, is_predicted) VALUES (13, '2026-07-12', 36, 0);
INSERT INTO event_trend_daily (event_id, date, count, is_predicted) VALUES (13, '2026-07-13', 1, 0);
INSERT INTO event_trend_daily (event_id, date, count, is_predicted, predict_heat, predict_count) VALUES (13, '2026-07-14', 0, 1, 0.0, 0.0);
INSERT INTO event_trend_daily (event_id, date, count, is_predicted, predict_heat, predict_count) VALUES (13, '2026-07-15', 0, 1, 0.0, 0.0);
INSERT INTO event_trend_daily (event_id, date, count, is_predicted, predict_heat, predict_count) VALUES (13, '2026-07-16', 0, 1, 0.0, 0.0);

INSERT INTO events (event_id, title, heat, report_count, duplicate_count, time_start, time_end, event_time, risk_level, stage, confidence, prob_latent, prob_growth, prob_peak, prob_decline, analysis, positive, neutral, negative, sources, summary, location, cause, people, authenticity, propagation, created_at, updated_at) VALUES (14, '单次可载五百余人，救援人员携“水上救援航母”转运广西贵港被洪水围困的学生_锋线视频_澎湃新闻-The Paper', 19.663, 52, 5, '2026-07-07 23:30:38', '2026-07-13 21:12:38', '2026-07-12 12:00:00', 'mid_high', 'peak', 0.9, 0.0, 0.05, 0.9, 0.05, '当前事件报道量已接近峰值，关注度趋于稳定，处于高潮期。', 0.75, 0.25, 0.0, '["人民网", "微博", "新浪新闻", "澎湃新闻", "知乎"]', '浑浊洪水漫过一楼、淹没道路、冲断桥梁，村庄成孤岛，车辆困洪流，冲锋舟受湍急水流、电线阻拦无法靠近被困群众，一条震撼全网的救援视频，道尽最朴素的道理：规则是底线，生命是上限，原则上无人机严禁吊人，但危急关头，人民永远大于冰冷条文。广西洪水里腾空而起的无人机，吊起的不只是被困群众，更是刻在所有救援者心中的信念：所有原则、条例、管控，最终服务的永远是人民。大疆无人机无惧暴雨驰援广西,一线机手获赞 原则上不允许载人，但人民就是原则。', '广西、贵港、舟桥', '洪水过境贵港故土：见过无常，才懂平安是此生最大的福报 - 知乎。', '["美莎克", "黄银贵"]', '{"credibility_score": 0.657, "official_ratio": 0.481, "verified_ratio": 0.788, "plain_user_ratio": 0.212, "verification_dist": {"官方平台": 0.481, "普通用户": 0.212, "认证机构": 0.154, "认证个人": 0.096, "头部认证个人": 0.058}, "factors": ["well_sourced"]}', '{"key_nodes": [{"role": "初始爆料", "author": "渡川见心", "platform": "知乎", "verification_type": "普通用户", "publish_time": "2026-07-07T23:30:38.000001", "influence": 0.0, "title": "洪水过境贵港故土：见过无常，才懂平安是此生最大的福报 - 知乎"}, {"role": "首次官方媒体介入", "author": "央视新闻", "platform": "微博", "verification_type": "官方平台", "publish_time": "2026-07-09T10:21:12", "influence": 9906.9, "title": "【#当救援航母驶入洪水校园#[心]】#动力舟桥洪水中化身生命方舟# 近日，广西贵"}, {"role": "首次大V发声", "author": "中国新闻网", "platform": "微博", "verification_type": "认证机构", "publish_time": "2026-07-09T13:39:14", "influence": 21331.9, "title": "【#广西洪灾救援无人机变有人机#】#原则上无人机不许吊人但人民大于原则#广西洪灾"}], "top_influencers": [{"author": "中国新闻网", "platform": "微博", "verification_type": "认证机构", "publish_time": "2026-07-09T13:39:14", "influence": 21331.9, "repost_count": 2883, "like_count": 58418, "comment_count": 1847, "title": "【#广西洪灾救援无人机变有人机#】#原则上无人机不许吊人但人民大于原则#广西洪灾"}, {"author": "央视新闻", "platform": "微博", "verification_type": "官方平台", "publish_time": "2026-07-09T18:00:00", "influence": 9989.2, "repost_count": 1916, "like_count": 24739, "comment_count": 1303, "title": "【硬核救援！#救援航母出现那一刻安全感拉满#】#救援航母上响起歌唱祖国# 近日，"}, {"author": "央视新闻", "platform": "微博", "verification_type": "官方平台", "publish_time": "2026-07-09T10:21:12", "influence": 9906.9, "repost_count": 1311, "like_count": 26883, "comment_count": 1062, "title": "【#当救援航母驶入洪水校园#[心]】#动力舟桥洪水中化身生命方舟# 近日，广西贵"}, {"author": "缘木球鱼", "platform": "微博", "verification_type": "认证个人", "publish_time": "2026-07-09T18:35:53", "influence": 6601.3, "repost_count": 671, "like_count": 18246, "comment_count": 913, "title": "在广西贵港，一名救援队员在大雨中淡定吃饭，完全无视大雨的存在。看样子，真的是累麻"}, {"author": "中国新闻网", "platform": "微博", "verification_type": "认证机构", "publish_time": "2026-07-09T19:09:13", "influence": 6346.1, "repost_count": 907, "like_count": 16407, "comment_count": 1034, "title": "【致敬！#贵港救援人员席地而坐冒雨吃饭#】广西贵港一线救援人员席地而坐，在雨中休"}], "platform_chain": {"nodes": [{"name": "知乎", "count": 12, "first_seen": "2026-07-07T23:30:38.000001"}, {"name": "微博", "count": 18, "first_seen": "2026-07-08T23:30:03"}, {"name": "澎湃新闻", "count": 4, "first_seen": "2026-07-09T10:25:00"}, {"name": "新浪新闻", "count": 17, "first_seen": "2026-07-10T08:50:21"}, {"name": "人民网", "count": 1, "first_seen": "2026-07-12T18:25:30"}], "links": [{"source": "知乎", "target": "微博", "value": 18}, {"source": "微博", "target": "澎湃新闻", "value": 4}, {"source": "澎湃新闻", "target": "新浪新闻", "value": 17}, {"source": "新浪新闻", "target": "人民网", "value": 1}]}}', '2026-07-13 23:46:56', '2026-07-13 23:46:56');
INSERT INTO event_keywords (event_id, word, weight, rank) VALUES (14, '无人机', 1.0, 0);
INSERT INTO event_keywords (event_id, word, weight, rank) VALUES (14, '救援', 0.326, 1);
INSERT INTO event_keywords (event_id, word, weight, rank) VALUES (14, '洪水', 0.215, 2);
INSERT INTO event_keywords (event_id, word, weight, rank) VALUES (14, '大疆', 0.179, 3);
INSERT INTO event_keywords (event_id, word, weight, rank) VALUES (14, '人民', 0.17, 4);
INSERT INTO event_keywords (event_id, word, weight, rank) VALUES (14, '原则', 0.17, 5);
INSERT INTO event_keywords (event_id, word, weight, rank) VALUES (14, '学生', 0.168, 6);
INSERT INTO event_keywords (event_id, word, weight, rank) VALUES (14, '广西', 0.163, 7);
INSERT INTO event_platforms (event_id, platform_name, ratio, rank) VALUES (14, '微博', 0.346, 0);
INSERT INTO event_platforms (event_id, platform_name, ratio, rank) VALUES (14, '新浪新闻', 0.327, 1);
INSERT INTO event_platforms (event_id, platform_name, ratio, rank) VALUES (14, '知乎', 0.231, 2);
INSERT INTO event_platforms (event_id, platform_name, ratio, rank) VALUES (14, '澎湃新闻', 0.077, 3);
INSERT INTO event_platforms (event_id, platform_name, ratio, rank) VALUES (14, '人民网', 0.019, 4);
INSERT INTO event_trend_daily (event_id, date, count, is_predicted) VALUES (14, '2026-07-07', 1, 0);
INSERT INTO event_trend_daily (event_id, date, count, is_predicted) VALUES (14, '2026-07-08', 1, 0);
INSERT INTO event_trend_daily (event_id, date, count, is_predicted) VALUES (14, '2026-07-09', 11, 0);
INSERT INTO event_trend_daily (event_id, date, count, is_predicted) VALUES (14, '2026-07-10', 7, 0);
INSERT INTO event_trend_daily (event_id, date, count, is_predicted) VALUES (14, '2026-07-11', 8, 0);
INSERT INTO event_trend_daily (event_id, date, count, is_predicted) VALUES (14, '2026-07-12', 15, 0);
INSERT INTO event_trend_daily (event_id, date, count, is_predicted) VALUES (14, '2026-07-13', 9, 0);
INSERT INTO event_trend_daily (event_id, date, count, is_predicted, predict_heat, predict_count) VALUES (14, '2026-07-14', 0, 1, 9.5, 9.5);
INSERT INTO event_trend_daily (event_id, date, count, is_predicted, predict_heat, predict_count) VALUES (14, '2026-07-15', 0, 1, 10.0, 10.0);
INSERT INTO event_trend_daily (event_id, date, count, is_predicted, predict_heat, predict_count) VALUES (14, '2026-07-16', 0, 1, 10.5, 10.5);

INSERT INTO events (event_id, title, heat, report_count, duplicate_count, time_start, time_end, event_time, risk_level, stage, confidence, prob_latent, prob_growth, prob_peak, prob_decline, analysis, positive, neutral, negative, sources, summary, location, cause, people, authenticity, propagation, created_at, updated_at) VALUES (15, '洪水褪去，英雄启程，贵港百姓夹道送别抗洪英雄，你们辛苦了，一路平安！', 11.074, 16, 0, '2026-07-10 17:42:54', '2026-07-13 19:52:00', '2026-07-13 12:00:00', 'mid', 'decline', 0.9, 0.0, 0.0, 0.1, 0.9, '当前事件报道数量持续下降，公众关注度减弱，处于衰退期。', 0.963, 0.037, 0.0, '["微博", "新浪新闻"]', '”高清镜头下的广西贵港市民送别人民子弟兵，一幕幕画面，感动又震撼。广西贵港：群众自发送别抗洪子弟兵。馆长被广西抗洪感动哭 【#馆长被广西抗洪感动哭#】#馆长说广西救援速度令他不可思议#台湾网红“馆长”点赞广西洪灾救援，惊叹硬核救援速度直呼不可思议。', '广西、贵港、中国', '这张图真的封神了[good][good][good] #广西洪水##广西#。', '["高清", "毛宁"]', '{"credibility_score": 0.856, "official_ratio": 0.812, "verified_ratio": 0.938, "plain_user_ratio": 0.062, "verification_dist": {"官方平台": 0.812, "认证个人": 0.125, "普通用户": 0.062}, "factors": ["well_sourced"]}', '{"key_nodes": [{"role": "传播高峰", "author": "江湖李傅相", "platform": "微博", "verification_type": "认证个人", "publish_time": "2026-07-10T17:42:54", "influence": 1171.2, "title": "这张图真的封神了[good][good][good] #广西洪水##广西#"}, {"role": "首次官方媒体介入", "author": "军人之家", "platform": "新浪新闻", "verification_type": "官方平台", "publish_time": "2026-07-12T14:55:18", "influence": 0.0, "title": "洪水褪去，英雄启程，贵港百姓夹道送别抗洪英雄，你们辛苦了，一路平安！"}, {"role": "初始爆料", "author": "ivv絆眠", "platform": "微博", "verification_type": "普通用户", "publish_time": "2026-07-12T21:55:02", "influence": 1.1, "title": "#成毅带动香港旅游经济##成毅带动香港旅游经济#财顶是这样的[赞]喜欢成毅谦逊低"}], "top_influencers": [{"author": "江湖李傅相", "platform": "微博", "verification_type": "认证个人", "publish_time": "2026-07-10T17:42:54", "influence": 1171.2, "repost_count": 54, "like_count": 3664, "comment_count": 36, "title": "这张图真的封神了[good][good][good] #广西洪水##广西#"}, {"author": "旅行厨男", "platform": "微博", "verification_type": "认证个人", "publish_time": "2026-07-12T14:19:36", "influence": 32.1, "repost_count": 6, "like_count": 77, "comment_count": 6, "title": "广西贵港，一位抗洪军人在救援途中偶遇自己的妻儿被救！[作揖][心][good]["}, {"author": "ivv絆眠", "platform": "微博", "verification_type": "普通用户", "publish_time": "2026-07-12T21:55:02", "influence": 1.1, "repost_count": 0, "like_count": 2, "comment_count": 1, "title": "#成毅带动香港旅游经济##成毅带动香港旅游经济#财顶是这样的[赞]喜欢成毅谦逊低"}], "platform_chain": {"nodes": [{"name": "微博", "count": 3, "first_seen": "2026-07-10T17:42:54"}, {"name": "新浪新闻", "count": 13, "first_seen": "2026-07-12T14:55:18"}], "links": [{"source": "微博", "target": "新浪新闻", "value": 13}]}}', '2026-07-13 23:46:56', '2026-07-13 23:46:56');
INSERT INTO event_keywords (event_id, word, weight, rank) VALUES (15, '救援', 1.0, 0);
INSERT INTO event_keywords (event_id, word, weight, rank) VALUES (15, '抗洪', 0.839, 1);
INSERT INTO event_keywords (event_id, word, weight, rank) VALUES (15, '广西', 0.837, 2);
INSERT INTO event_keywords (event_id, word, weight, rank) VALUES (15, '馆长', 0.72, 3);
INSERT INTO event_keywords (event_id, word, weight, rank) VALUES (15, '送别', 0.654, 4);
INSERT INTO event_keywords (event_id, word, weight, rank) VALUES (15, '子弟兵', 0.621, 5);
INSERT INTO event_keywords (event_id, word, weight, rank) VALUES (15, '贵港市', 0.6, 6);
INSERT INTO event_keywords (event_id, word, weight, rank) VALUES (15, 'good', 0.537, 7);
INSERT INTO event_platforms (event_id, platform_name, ratio, rank) VALUES (15, '新浪新闻', 0.812, 0);
INSERT INTO event_platforms (event_id, platform_name, ratio, rank) VALUES (15, '微博', 0.188, 1);
INSERT INTO event_trend_daily (event_id, date, count, is_predicted) VALUES (15, '2026-07-10', 1, 0);
INSERT INTO event_trend_daily (event_id, date, count, is_predicted) VALUES (15, '2026-07-11', 0, 0);
INSERT INTO event_trend_daily (event_id, date, count, is_predicted) VALUES (15, '2026-07-12', 6, 0);
INSERT INTO event_trend_daily (event_id, date, count, is_predicted) VALUES (15, '2026-07-13', 9, 0);
INSERT INTO event_trend_daily (event_id, date, count, is_predicted, predict_heat, predict_count) VALUES (15, '2026-07-14', 0, 1, 13.5, 13.5);
INSERT INTO event_trend_daily (event_id, date, count, is_predicted, predict_heat, predict_count) VALUES (15, '2026-07-15', 0, 1, 18.0, 18.0);
INSERT INTO event_trend_daily (event_id, date, count, is_predicted, predict_heat, predict_count) VALUES (15, '2026-07-16', 0, 1, 22.5, 22.5);

INSERT INTO events (event_id, title, heat, report_count, duplicate_count, time_start, time_end, event_time, risk_level, stage, confidence, prob_latent, prob_growth, prob_peak, prob_decline, analysis, positive, neutral, negative, sources, summary, location, cause, people, authenticity, propagation, created_at, updated_at) VALUES (16, '越南泄洪导致广西多地被淹？自治区水利厅辟谣_绿政公署_澎湃新闻-The Paper', 9.117, 83, 40, '2026-06-04 16:50:38', '2026-07-13 19:19:47', '2026-07-06 12:00:00', 'mid', 'peak', 0.9, 0.0, 0.05, 0.9, 0.05, '当前事件报道量已接近峰值，关注度趋于稳定，处于高潮期。', 0.438, 0.406, 0.155, '["人民网", "微博", "新浪新闻", "澎湃新闻", "知乎"]', '记者从水利部了解到，受台风“美莎克”影响，7月5日至7日，西江、柳江、桂江、郁江、桂南沿海诸河等主要河流将出现明显涨水过程，其中西江干流及支流柳江桂江可能发生超警洪水，暴雨区内部分中小河流可能发生较大洪水。前期，广西大部降雨强度大、时间长，具有极端性，桂东和沿海地区7日晚到9日降水持续，局地强度大，发生山洪地质灾害、城市暴雨积涝和中小河流洪水的气象风险高，在开展涉险水库抢险救援的同时，需谨防出现新的灾害。自治区水文中心预测，未来12小时，都柳江三江侗族自治县洋溪乡河段将复涨，并再次出现超警戒水位3.5米左右洪水，柳江柳州市城区河段将出现83.2米左右的洪峰水位。', '广西、南宁、台风', '广西洪水漂浮1.6万死猪已捞500头，官方称不会流上餐桌_绿政公署_澎湃新闻-The Paper。', '["美莎克", "雷雨", "黄淮", "杨驰", "覃塘区"]', '{"credibility_score": 0.846, "official_ratio": 0.928, "verified_ratio": 0.94, "plain_user_ratio": 0.06, "verification_dist": {"官方平台": 0.928, "普通用户": 0.06, "认证个人": 0.012}, "factors": ["high_duplicate_rate", "well_sourced"]}', '{"key_nodes": [{"role": "首次官方媒体介入", "author": "人民网－广西频道", "platform": "人民网", "verification_type": "官方平台", "publish_time": "2026-06-04T16:50:38", "influence": 0.0, "title": "贵港供电局全力筑牢高考保电安全防线"}, {"role": "初始爆料", "author": "胡飞飞", "platform": "知乎", "verification_type": "普通用户", "publish_time": "2026-07-06T15:43:34", "influence": 0.3, "title": "广西郁江发生2026年第1号洪水，贵港水文站水位超警戒1.80米 - 知乎"}, {"role": "传播高峰", "author": "央视新闻", "platform": "微博", "verification_type": "官方平台", "publish_time": "2026-07-06T18:33:26", "influence": 7821.7, "title": "#广西洪水##安排1亿元支持广西灾后恢复#【 #广西2地洪水防御应急响应升为一级"}], "top_influencers": [{"author": "央视新闻", "platform": "微博", "verification_type": "官方平台", "publish_time": "2026-07-06T18:33:26", "influence": 7821.7, "repost_count": 2874, "like_count": 13934, "comment_count": 1535, "title": "#广西洪水##安排1亿元支持广西灾后恢复#【 #广西2地洪水防御应急响应升为一级"}, {"author": "祥昊", "platform": "知乎", "verification_type": "普通用户", "publish_time": "2026-07-10T11:04:24", "influence": 53.4, "repost_count": 0, "like_count": 168, "comment_count": 6, "title": "先说坏消息。沙糖桔作为宽皮柑橘，确实非常怕涝。由于它的根系以好气性须根为主，呼吸"}, {"author": "橙师辛苦了", "platform": "微博", "verification_type": "普通用户", "publish_time": "2026-07-12T10:01:48", "influence": 0.3, "repost_count": 0, "like_count": 1, "comment_count": 0, "title": "#广西洪水#内容由 AI 生成受台风“美莎克”影响，广西遭遇历史罕见持续性强降雨"}, {"author": "胡飞飞", "platform": "知乎", "verification_type": "普通用户", "publish_time": "2026-07-06T15:43:34", "influence": 0.3, "repost_count": 0, "like_count": 1, "comment_count": 0, "title": "广西郁江发生2026年第1号洪水，贵港水文站水位超警戒1.80米 - 知乎"}], "platform_chain": {"nodes": [{"name": "人民网", "count": 26, "first_seen": "2026-06-04T16:50:38"}, {"name": "澎湃新闻", "count": 8, "first_seen": "2026-06-24T00:00:00"}, {"name": "知乎", "count": 4, "first_seen": "2026-07-06T15:43:34"}, {"name": "微博", "count": 3, "first_seen": "2026-07-06T18:33:26"}, {"name": "新浪新闻", "count": 5, "first_seen": "2026-07-13T08:27:03.000001"}], "links": [{"source": "人民网", "target": "澎湃新闻", "value": 8}, {"source": "澎湃新闻", "target": "知乎", "value": 4}, {"source": "知乎", "target": "微博", "value": 3}, {"source": "微博", "target": "新浪新闻", "value": 5}]}}', '2026-07-13 23:46:56', '2026-07-13 23:46:56');
INSERT INTO event_keywords (event_id, word, weight, rank) VALUES (16, '洪水', 1.0, 0);
INSERT INTO event_keywords (event_id, word, weight, rank) VALUES (16, '红十字', 0.671, 1);
INSERT INTO event_keywords (event_id, word, weight, rank) VALUES (16, '救援队', 0.654, 2);
INSERT INTO event_keywords (event_id, word, weight, rank) VALUES (16, '供电', 0.588, 3);
INSERT INTO event_keywords (event_id, word, weight, rank) VALUES (16, '超警', 0.538, 4);
INSERT INTO event_keywords (event_id, word, weight, rank) VALUES (16, '暴雨', 0.511, 5);
INSERT INTO event_keywords (event_id, word, weight, rank) VALUES (16, '河段', 0.506, 6);
INSERT INTO event_keywords (event_id, word, weight, rank) VALUES (16, '救援', 0.477, 7);
INSERT INTO event_platforms (event_id, platform_name, ratio, rank) VALUES (16, '人民网', 0.639, 0);
INSERT INTO event_platforms (event_id, platform_name, ratio, rank) VALUES (16, '澎湃新闻', 0.217, 1);
INSERT INTO event_platforms (event_id, platform_name, ratio, rank) VALUES (16, '新浪新闻', 0.06, 2);
INSERT INTO event_platforms (event_id, platform_name, ratio, rank) VALUES (16, '知乎', 0.048, 3);
INSERT INTO event_platforms (event_id, platform_name, ratio, rank) VALUES (16, '微博', 0.036, 4);
INSERT INTO event_trend_daily (event_id, date, count, is_predicted) VALUES (16, '2026-06-04', 1, 0);
INSERT INTO event_trend_daily (event_id, date, count, is_predicted) VALUES (16, '2026-06-05', 0, 0);
INSERT INTO event_trend_daily (event_id, date, count, is_predicted) VALUES (16, '2026-06-06', 0, 0);
INSERT INTO event_trend_daily (event_id, date, count, is_predicted) VALUES (16, '2026-06-07', 0, 0);
INSERT INTO event_trend_daily (event_id, date, count, is_predicted) VALUES (16, '2026-06-08', 1, 0);
INSERT INTO event_trend_daily (event_id, date, count, is_predicted) VALUES (16, '2026-06-09', 1, 0);
INSERT INTO event_trend_daily (event_id, date, count, is_predicted) VALUES (16, '2026-06-10', 0, 0);
INSERT INTO event_trend_daily (event_id, date, count, is_predicted) VALUES (16, '2026-06-11', 0, 0);
INSERT INTO event_trend_daily (event_id, date, count, is_predicted) VALUES (16, '2026-06-12', 0, 0);
INSERT INTO event_trend_daily (event_id, date, count, is_predicted) VALUES (16, '2026-06-13', 0, 0);
INSERT INTO event_trend_daily (event_id, date, count, is_predicted) VALUES (16, '2026-06-14', 0, 0);
INSERT INTO event_trend_daily (event_id, date, count, is_predicted) VALUES (16, '2026-06-15', 1, 0);
INSERT INTO event_trend_daily (event_id, date, count, is_predicted) VALUES (16, '2026-06-16', 1, 0);
INSERT INTO event_trend_daily (event_id, date, count, is_predicted) VALUES (16, '2026-06-17', 1, 0);
INSERT INTO event_trend_daily (event_id, date, count, is_predicted) VALUES (16, '2026-06-18', 0, 0);
INSERT INTO event_trend_daily (event_id, date, count, is_predicted) VALUES (16, '2026-06-19', 0, 0);
INSERT INTO event_trend_daily (event_id, date, count, is_predicted) VALUES (16, '2026-06-20', 2, 0);
INSERT INTO event_trend_daily (event_id, date, count, is_predicted) VALUES (16, '2026-06-21', 2, 0);
INSERT INTO event_trend_daily (event_id, date, count, is_predicted) VALUES (16, '2026-06-22', 2, 0);
INSERT INTO event_trend_daily (event_id, date, count, is_predicted) VALUES (16, '2026-06-23', 0, 0);
INSERT INTO event_trend_daily (event_id, date, count, is_predicted) VALUES (16, '2026-06-24', 1, 0);
INSERT INTO event_trend_daily (event_id, date, count, is_predicted) VALUES (16, '2026-06-25', 0, 0);
INSERT INTO event_trend_daily (event_id, date, count, is_predicted) VALUES (16, '2026-06-26', 0, 0);
INSERT INTO event_trend_daily (event_id, date, count, is_predicted) VALUES (16, '2026-06-27', 0, 0);
INSERT INTO event_trend_daily (event_id, date, count, is_predicted) VALUES (16, '2026-06-28', 0, 0);
INSERT INTO event_trend_daily (event_id, date, count, is_predicted) VALUES (16, '2026-06-29', 0, 0);
INSERT INTO event_trend_daily (event_id, date, count, is_predicted) VALUES (16, '2026-06-30', 0, 0);
INSERT INTO event_trend_daily (event_id, date, count, is_predicted) VALUES (16, '2026-07-01', 0, 0);
INSERT INTO event_trend_daily (event_id, date, count, is_predicted) VALUES (16, '2026-07-02', 0, 0);
INSERT INTO event_trend_daily (event_id, date, count, is_predicted) VALUES (16, '2026-07-03', 0, 0);
INSERT INTO event_trend_daily (event_id, date, count, is_predicted) VALUES (16, '2026-07-04', 1, 0);
INSERT INTO event_trend_daily (event_id, date, count, is_predicted) VALUES (16, '2026-07-05', 2, 0);
INSERT INTO event_trend_daily (event_id, date, count, is_predicted) VALUES (16, '2026-07-06', 6, 0);
INSERT INTO event_trend_daily (event_id, date, count, is_predicted) VALUES (16, '2026-07-07', 5, 0);
INSERT INTO event_trend_daily (event_id, date, count, is_predicted) VALUES (16, '2026-07-08', 2, 0);
INSERT INTO event_trend_daily (event_id, date, count, is_predicted) VALUES (16, '2026-07-09', 1, 0);
INSERT INTO event_trend_daily (event_id, date, count, is_predicted) VALUES (16, '2026-07-10', 3, 0);
INSERT INTO event_trend_daily (event_id, date, count, is_predicted) VALUES (16, '2026-07-11', 2, 0);
INSERT INTO event_trend_daily (event_id, date, count, is_predicted) VALUES (16, '2026-07-12', 5, 0);
INSERT INTO event_trend_daily (event_id, date, count, is_predicted) VALUES (16, '2026-07-13', 6, 0);
INSERT INTO event_trend_daily (event_id, date, count, is_predicted, predict_heat, predict_count) VALUES (16, '2026-07-14', 0, 1, 8.0, 8.0);
INSERT INTO event_trend_daily (event_id, date, count, is_predicted, predict_heat, predict_count) VALUES (16, '2026-07-15', 0, 1, 10.0, 10.0);
INSERT INTO event_trend_daily (event_id, date, count, is_predicted, predict_heat, predict_count) VALUES (16, '2026-07-16', 0, 1, 12.0, 12.0);

INSERT INTO events (event_id, title, heat, report_count, duplicate_count, time_start, time_end, event_time, risk_level, stage, confidence, prob_latent, prob_growth, prob_peak, prob_decline, analysis, positive, neutral, negative, sources, summary, location, cause, people, authenticity, propagation, created_at, updated_at) VALUES (17, '【点滴善意汇聚燎原星火，#橹穆粉丝为洪灾捐款超百万#】#橹穆粉丝把热忱化作驰援灾区行动#7月6日，广', 8.269, 14, 1, '2026-07-08 10:04:26', '2026-07-13 21:07:17', '2026-07-12 12:00:00', 'mid', 'peak', 0.9, 0.0, 0.05, 0.9, 0.05, '当前事件报道量已接近峰值，关注度趋于稳定，处于高潮期。', 0.75, 0.22, 0.03, '["微博", "新浪新闻", "知乎"]', '如此细心如此专业还有超绝的行动力，太令人敬佩了[老师好] #肖战粉丝小飞侠驰援广西贵港灾区#。#肖战粉丝小飞侠驰援广西#官方权威平台中志协应急委专题报道小飞侠驰援广西贵港灾情。广西贵港港北区受洪涝侵袭， 肖战粉丝小飞侠迅速集结筹备大批防汛应急物资，消杀用品、食品、无人机、对讲机、救生艇等十余类急需物资整装发车，专车奔赴灾区一线，用实打实的物资帮扶解决群众难题。', '广西、贵港、城市', '有晴天的粉丝吗。', '["郑朋"]', '{"credibility_score": 0.445, "official_ratio": 0.071, "verified_ratio": 0.714, "plain_user_ratio": 0.286, "verification_dist": {"认证机构": 0.357, "认证个人": 0.286, "普通用户": 0.286, "官方平台": 0.071}, "factors": ["official_absent"]}', '{"key_nodes": [{"role": "首次大V发声", "author": "极目新闻", "platform": "微博", "verification_type": "认证机构", "publish_time": "2026-07-08T10:04:26", "influence": 16555.4, "title": "【点滴善意汇聚燎原星火，#橹穆粉丝为洪灾捐款超百万#】#橹穆粉丝把热忱化作驰援灾"}, {"role": "初始爆料", "author": "蓝色牵牛花1234", "platform": "微博", "verification_type": "普通用户", "publish_time": "2026-07-12T21:58:37", "influence": 3.4, "title": "#肖战粉丝驰援广西洪水救援物资# 点点微光，汇聚爱意，#肖战公益一路有你##肖战"}, {"role": "首次官方媒体介入", "author": "24小时情报员", "platform": "新浪新闻", "verification_type": "官方平台", "publish_time": "2026-07-13T11:43:57.000001", "influence": 0.0, "title": "广西贵港洪水退后两万救援队投入排涝消杀"}], "top_influencers": [{"author": "极目新闻", "platform": "微博", "verification_type": "认证机构", "publish_time": "2026-07-08T10:04:26", "influence": 16555.4, "repost_count": 3622, "like_count": 35893, "comment_count": 4331, "title": "【点滴善意汇聚燎原星火，#橹穆粉丝为洪灾捐款超百万#】#橹穆粉丝把热忱化作驰援灾"}, {"author": "椰子渝-", "platform": "微博", "verification_type": "认证个人", "publish_time": "2026-07-13T19:38:16", "influence": 3169.8, "repost_count": 763, "like_count": 7311, "comment_count": 427, "title": "#梓渝#💙#郑朋# 洪灾牵动人心，在梓渝的引领下，梓渝粉丝YUNI们将满腔牵挂化"}, {"author": "真相上映厅", "platform": "微博", "verification_type": "认证个人", "publish_time": "2026-07-12T09:08:38", "influence": 1015.0, "repost_count": 125, "like_count": 2870, "comment_count": 58, "title": "什么？你是说洪水刚刚退去，灾区就收到了飞侠送来的清淤泥铲子！如此细心如此专业还有"}, {"author": "华晨宇全球歌迷会官博", "platform": "微博", "verification_type": "认证机构", "publish_time": "2026-07-12T21:58:36", "influence": 918.1, "repost_count": 564, "like_count": 777, "comment_count": 242, "title": "#华晨宇粉丝捐款广西洪涝灾区# 【紧急驰援广西水灾项目进展同步】 📍物资整体落地"}, {"author": "鹿晗吧_LuhanBar", "platform": "微博", "verification_type": "认证机构", "publish_time": "2026-07-12T19:47:28.999999", "influence": 680.7, "repost_count": 259, "like_count": 1139, "comment_count": 160, "title": "#与鹿晗益起来# 【鹿晗粉丝驰援广西暴雨洪水灾区|第二批爱心生活物资已送达】 7"}], "platform_chain": {"nodes": [{"name": "微博", "count": 11, "first_seen": "2026-07-08T10:04:26"}, {"name": "新浪新闻", "count": 1, "first_seen": "2026-07-13T11:43:57.000001"}], "links": [{"source": "微博", "target": "新浪新闻", "value": 1}]}}', '2026-07-13 23:46:56', '2026-07-13 23:46:56');
INSERT INTO event_keywords (event_id, word, weight, rank) VALUES (17, '女士', 1.0, 0);
INSERT INTO event_keywords (event_id, word, weight, rank) VALUES (17, '肖战', 0.636, 1);
INSERT INTO event_keywords (event_id, word, weight, rank) VALUES (17, '黄某', 0.579, 2);
INSERT INTO event_keywords (event_id, word, weight, rank) VALUES (17, '造谣', 0.456, 3);
INSERT INTO event_keywords (event_id, word, weight, rank) VALUES (17, '小飞侠', 0.33, 4);
INSERT INTO event_keywords (event_id, word, weight, rank) VALUES (17, '公益', 0.277, 5);
INSERT INTO event_keywords (event_id, word, weight, rank) VALUES (17, '贵港', 0.268, 6);
INSERT INTO event_keywords (event_id, word, weight, rank) VALUES (17, '甜玉米', 0.263, 7);
INSERT INTO event_platforms (event_id, platform_name, ratio, rank) VALUES (17, '微博', 0.786, 0);
INSERT INTO event_platforms (event_id, platform_name, ratio, rank) VALUES (17, '知乎', 0.143, 1);
INSERT INTO event_platforms (event_id, platform_name, ratio, rank) VALUES (17, '新浪新闻', 0.071, 2);
INSERT INTO event_trend_daily (event_id, date, count, is_predicted) VALUES (17, '2026-07-08', 1, 0);
INSERT INTO event_trend_daily (event_id, date, count, is_predicted) VALUES (17, '2026-07-09', 0, 0);
INSERT INTO event_trend_daily (event_id, date, count, is_predicted) VALUES (17, '2026-07-10', 0, 0);
INSERT INTO event_trend_daily (event_id, date, count, is_predicted) VALUES (17, '2026-07-11', 0, 0);
INSERT INTO event_trend_daily (event_id, date, count, is_predicted) VALUES (17, '2026-07-12', 6, 0);
INSERT INTO event_trend_daily (event_id, date, count, is_predicted) VALUES (17, '2026-07-13', 5, 0);
INSERT INTO event_trend_daily (event_id, date, count, is_predicted, predict_heat, predict_count) VALUES (17, '2026-07-14', 0, 1, 7.5, 7.5);
INSERT INTO event_trend_daily (event_id, date, count, is_predicted, predict_heat, predict_count) VALUES (17, '2026-07-15', 0, 1, 10.0, 10.0);
INSERT INTO event_trend_daily (event_id, date, count, is_predicted, predict_heat, predict_count) VALUES (17, '2026-07-16', 0, 1, 12.5, 12.5);

INSERT INTO events (event_id, title, heat, report_count, duplicate_count, time_start, time_end, event_time, risk_level, stage, confidence, prob_latent, prob_growth, prob_peak, prob_decline, analysis, positive, neutral, negative, sources, summary, location, cause, people, authenticity, propagation, created_at, updated_at) VALUES (18, '贵港平安，解放军撤离，两女子疯狂奔跑…', 7.546, 11, 1, '2026-07-12 13:58:41', '2026-07-13 20:55:54', '2026-07-12 12:00:00', 'mid', 'decline', 0.9, 0.0, 0.0, 0.1, 0.9, '当前事件报道数量持续下降，公众关注度减弱，处于衰退期。', 0.875, 0.083, 0.042, '["微博", "新浪新闻"]', '驰援广西贵港的人民子弟兵踏上返程，当地群众夹道欢送。驰援广西贵港的人民子弟兵踏上返程，当地群众夹道欢送 驰援广西贵港的人民子弟兵踏上返程，当地群众夹道欢送。子弟兵完成贵港驰援任务返程,群众夹道送鲜花特产 驰援广西贵港的人民子弟兵踏上返程，当地群众夹道欢送，送上鲜花、特产，这就是军民鱼水情。', '广西、贵港、中国', '贵港平安，解放军撤离，两女子疯狂奔跑…。', '["陆军"]', '{"credibility_score": 0.891, "official_ratio": 0.818, "verified_ratio": 1.0, "plain_user_ratio": 0.0, "verification_dist": {"官方平台": 0.818, "认证个人": 0.091, "认证机构": 0.091}, "factors": ["well_sourced"]}', '{"key_nodes": [{"role": "初始爆料", "author": "趣闻角落", "platform": "新浪新闻", "verification_type": "官方平台", "publish_time": "2026-07-12T13:58:41", "influence": 0.0, "title": "贵港平安，解放军撤离，两女子疯狂奔跑…"}, {"role": "传播高峰", "author": "好大的奕", "platform": "微博", "verification_type": "认证个人", "publish_time": "2026-07-12T21:59:02", "influence": 3.3, "title": "这就是为什么「越了解越拥护」。 图一是1998年 江西九江人民夹道欢送子弟兵 图"}, {"role": "首次大V发声", "author": "央视军事报道", "platform": "微博", "verification_type": "认证机构", "publish_time": "2026-07-13T20:55:54", "influence": 0.8, "title": "#抢险救援 子弟兵在行动#经过几天的救援，广西横州洪水逐步减退。今天，解放军和武"}], "top_influencers": [{"author": "好大的奕", "platform": "微博", "verification_type": "认证个人", "publish_time": "2026-07-12T21:59:02", "influence": 3.3, "repost_count": 0, "like_count": 11, "comment_count": 0, "title": "这就是为什么「越了解越拥护」。 图一是1998年 江西九江人民夹道欢送子弟兵 图"}, {"author": "央视军事报道", "platform": "微博", "verification_type": "认证机构", "publish_time": "2026-07-13T20:55:54", "influence": 0.8, "repost_count": 0, "like_count": 1, "comment_count": 1, "title": "#抢险救援 子弟兵在行动#经过几天的救援，广西横州洪水逐步减退。今天，解放军和武"}], "platform_chain": {"nodes": [{"name": "新浪新闻", "count": 9, "first_seen": "2026-07-12T13:58:41"}, {"name": "微博", "count": 2, "first_seen": "2026-07-12T21:59:02"}], "links": [{"source": "新浪新闻", "target": "微博", "value": 2}]}}', '2026-07-13 23:46:56', '2026-07-13 23:46:56');
INSERT INTO event_keywords (event_id, word, weight, rank) VALUES (18, '救援', 1.0, 0);
INSERT INTO event_keywords (event_id, word, weight, rank) VALUES (18, '民众', 0.962, 1);
INSERT INTO event_keywords (event_id, word, weight, rank) VALUES (18, '欢送', 0.917, 2);
INSERT INTO event_keywords (event_id, word, weight, rank) VALUES (18, '人民', 0.909, 3);
INSERT INTO event_keywords (event_id, word, weight, rank) VALUES (18, '贵港', 0.899, 4);
INSERT INTO event_keywords (event_id, word, weight, rank) VALUES (18, '夹道', 0.833, 5);
INSERT INTO event_keywords (event_id, word, weight, rank) VALUES (18, '老外', 0.705, 6);
INSERT INTO event_keywords (event_id, word, weight, rank) VALUES (18, '驰援', 0.705, 7);
INSERT INTO event_platforms (event_id, platform_name, ratio, rank) VALUES (18, '新浪新闻', 0.818, 0);
INSERT INTO event_platforms (event_id, platform_name, ratio, rank) VALUES (18, '微博', 0.182, 1);
INSERT INTO event_trend_daily (event_id, date, count, is_predicted) VALUES (18, '2026-07-12', 6, 0);
INSERT INTO event_trend_daily (event_id, date, count, is_predicted) VALUES (18, '2026-07-13', 5, 0);
INSERT INTO event_trend_daily (event_id, date, count, is_predicted, predict_heat, predict_count) VALUES (18, '2026-07-14', 0, 1, 4.0, 4.0);
INSERT INTO event_trend_daily (event_id, date, count, is_predicted, predict_heat, predict_count) VALUES (18, '2026-07-15', 0, 1, 3.0, 3.0);
INSERT INTO event_trend_daily (event_id, date, count, is_predicted, predict_heat, predict_count) VALUES (18, '2026-07-16', 0, 1, 2.0, 2.0);

INSERT INTO events (event_id, title, heat, report_count, duplicate_count, time_start, time_end, event_time, risk_level, stage, confidence, prob_latent, prob_growth, prob_peak, prob_decline, analysis, positive, neutral, negative, sources, summary, location, cause, people, authenticity, propagation, created_at, updated_at) VALUES (19, '广西贵港市多所高中严重内涝学生出行受阻，多部门联动确保学生安全和物资保障_直击现场_澎湃新闻-The Paper', 6.889, 21, 10, '2026-07-07 10:59:04', '2026-07-13 21:02:00', '2026-07-11 12:00:00', 'mid', 'peak', 0.9, 0.0, 0.05, 0.9, 0.05, '当前事件报道量已接近峰值，关注度趋于稳定，处于高潮期。', 0.5, 0.455, 0.045, '["人民网", "微博", "新浪新闻", "澎湃新闻"]', '5月14日15时，载着贵港市覃塘、石卡两所高中690名学生的Y488次研学专列从贵港站开出，驶向红色热土——湖南长沙。覃塘高中的带队教师李老师对铁路专列出行赞不绝口：“铁路专列高效、安全、便捷，孩子们集中乘坐，方便管理，我们一路上都很放心。”车厢里，石卡高中的学生小张望着窗外，面带期盼：“这是我第一次和这么多同学一起去外地研学，亲身感受课本上学过的历史。', '广西、贵港、台风', '广西贵港首趟“拼团”研学专列奔赴长沙。', '["美莎克", "高中生", "覃塘", "石卡", "何宁"]', '{"credibility_score": 0.822, "official_ratio": 0.81, "verified_ratio": 1.0, "plain_user_ratio": 0.0, "verification_dist": {"官方平台": 0.81, "认证个人": 0.095, "认证机构": 0.095}, "factors": ["high_duplicate_rate", "well_sourced"]}', '{"key_nodes": [{"role": "初始爆料", "author": "人民网－广西频道", "platform": "人民网", "verification_type": "官方平台", "publish_time": "2026-07-07T10:59:04", "influence": 0.0, "title": "贵港市老年大学开展主题活动礼赞城市发展"}, {"role": "传播高峰", "author": "绿茶发言大赏", "platform": "微博", "verification_type": "认证个人", "publish_time": "2026-07-10T20:03:27", "influence": 6381.2, "title": "感觉这张照片可以上《感动中国》了[苦涩] 广西贵港洪灾区蓝天救援队在转移贵港高中"}, {"role": "首次大V发声", "author": "先锋新闻", "platform": "微博", "verification_type": "认证机构", "publish_time": "2026-07-11T15:22:53", "influence": 1656.7, "title": "【#校长提前6小时预判跑赢洪水#】#校长预判险情安全转移3000名学生# 近日，"}], "top_influencers": [{"author": "绿茶发言大赏", "platform": "微博", "verification_type": "认证个人", "publish_time": "2026-07-10T20:03:27", "influence": 6381.2, "repost_count": 581, "like_count": 18819, "comment_count": 309, "title": "感觉这张照片可以上《感动中国》了[苦涩] 广西贵港洪灾区蓝天救援队在转移贵港高中"}, {"author": "秦祎墨", "platform": "微博", "verification_type": "认证个人", "publish_time": "2026-07-11T13:40:39", "influence": 5182.4, "repost_count": 1694, "like_count": 11523, "comment_count": 63, "title": "最近有两个新闻： 第一个新闻：广西洪水，有很多学生被困学校，转以后其实接走的都不"}, {"author": "央视新闻", "platform": "微博", "verification_type": "官方平台", "publish_time": "2026-07-11T20:19:25", "influence": 3806.9, "repost_count": 764, "like_count": 9323, "comment_count": 492, "title": "#广西学生实拍从被困到撤离#【#广西高中生拍的视频泪目了#[抱抱]】从被洪水围困"}, {"author": "先锋新闻", "platform": "微博", "verification_type": "认证机构", "publish_time": "2026-07-11T15:22:53", "influence": 1656.7, "repost_count": 174, "like_count": 4714, "comment_count": 137, "title": "【#校长提前6小时预判跑赢洪水#】#校长预判险情安全转移3000名学生# 近日，"}], "platform_chain": {"nodes": [{"name": "人民网", "count": 6, "first_seen": "2026-07-07T10:59:04"}, {"name": "澎湃新闻", "count": 3, "first_seen": "2026-07-07T22:38:00"}, {"name": "微博", "count": 5, "first_seen": "2026-07-10T20:03:27"}, {"name": "新浪新闻", "count": 6, "first_seen": "2026-07-11T20:58:50"}], "links": [{"source": "人民网", "target": "澎湃新闻", "value": 3}, {"source": "澎湃新闻", "target": "微博", "value": 5}, {"source": "微博", "target": "新浪新闻", "value": 6}]}}', '2026-07-13 23:46:56', '2026-07-13 23:46:56');
INSERT INTO event_keywords (event_id, word, weight, rank) VALUES (19, '学生', 1.0, 0);
INSERT INTO event_keywords (event_id, word, weight, rank) VALUES (19, '家长', 0.704, 1);
INSERT INTO event_keywords (event_id, word, weight, rank) VALUES (19, '研学', 0.549, 2);
INSERT INTO event_keywords (event_id, word, weight, rank) VALUES (19, '高中', 0.497, 3);
INSERT INTO event_keywords (event_id, word, weight, rank) VALUES (19, '孩子', 0.46, 4);
INSERT INTO event_keywords (event_id, word, weight, rank) VALUES (19, '车站', 0.455, 5);
INSERT INTO event_keywords (event_id, word, weight, rank) VALUES (19, '专列', 0.416, 6);
INSERT INTO event_keywords (event_id, word, weight, rank) VALUES (19, '抽排', 0.416, 7);
INSERT INTO event_platforms (event_id, platform_name, ratio, rank) VALUES (19, '人民网', 0.333, 0);
INSERT INTO event_platforms (event_id, platform_name, ratio, rank) VALUES (19, '新浪新闻', 0.286, 1);
INSERT INTO event_platforms (event_id, platform_name, ratio, rank) VALUES (19, '微博', 0.238, 2);
INSERT INTO event_platforms (event_id, platform_name, ratio, rank) VALUES (19, '澎湃新闻', 0.143, 3);
INSERT INTO event_trend_daily (event_id, date, count, is_predicted) VALUES (19, '2026-07-07', 2, 0);
INSERT INTO event_trend_daily (event_id, date, count, is_predicted) VALUES (19, '2026-07-08', 0, 0);
INSERT INTO event_trend_daily (event_id, date, count, is_predicted) VALUES (19, '2026-07-09', 2, 0);
INSERT INTO event_trend_daily (event_id, date, count, is_predicted) VALUES (19, '2026-07-10', 4, 0);
INSERT INTO event_trend_daily (event_id, date, count, is_predicted) VALUES (19, '2026-07-11', 5, 0);
INSERT INTO event_trend_daily (event_id, date, count, is_predicted) VALUES (19, '2026-07-12', 4, 0);
INSERT INTO event_trend_daily (event_id, date, count, is_predicted) VALUES (19, '2026-07-13', 3, 0);
INSERT INTO event_trend_daily (event_id, date, count, is_predicted, predict_heat, predict_count) VALUES (19, '2026-07-14', 0, 1, 2.0, 2.0);
INSERT INTO event_trend_daily (event_id, date, count, is_predicted, predict_heat, predict_count) VALUES (19, '2026-07-15', 0, 1, 1.0, 1.0);
INSERT INTO event_trend_daily (event_id, date, count, is_predicted, predict_heat, predict_count) VALUES (19, '2026-07-16', 0, 1, 0.0, 0.0);

INSERT INTO events (event_id, title, heat, report_count, duplicate_count, time_start, time_end, event_time, risk_level, stage, confidence, prob_latent, prob_growth, prob_peak, prob_decline, analysis, positive, neutral, negative, sources, summary, location, cause, people, authenticity, propagation, created_at, updated_at) VALUES (20, '广西暴雨转高温，警惕午后热雷雨', 6.422, 10, 0, '2026-07-10 15:32:00', '2026-07-13 12:30:00', '2026-07-13 12:00:00', 'mid', 'growth', 0.9, 0.05, 0.9, 0.05, 0.0, '当前事件报道数量持续增加，公众关注度快速提升，处于成长期。', 0.438, 0.312, 0.25, '["微博", "新浪新闻"]', '台风“巴威”向北偏东移动，接下来携暴雨大暴雨去哪儿。目前“巴威”的强度虽已减弱为热带风暴级，江南、江淮、华北、东北等地部分地区仍有强降雨，局地或现特大暴雨。强降雨中心主要围绕台风本体，并随着台风一同北上，需特别关注安徽南部山区的地形抬升，导致降雨可能更强，局地会有特大暴雨。', '巴威、台风、广西', '广西暴雨转高温，警惕午后热雷雨。', '["雷雨", "科普"]', '{"credibility_score": 0.885, "official_ratio": 0.8, "verified_ratio": 0.9, "plain_user_ratio": 0.1, "verification_dist": {"官方平台": 0.8, "普通用户": 0.1, "认证机构": 0.1}, "factors": ["well_sourced"]}', '{"key_nodes": [{"role": "首次官方媒体介入", "author": "知识引力场", "platform": "新浪新闻", "verification_type": "官方平台", "publish_time": "2026-07-10T15:32:00", "influence": 0.0, "title": "广西暴雨转高温，警惕午后热雷雨"}, {"role": "初始爆料", "author": "用户7874430497", "platform": "微博", "verification_type": "普通用户", "publish_time": "2026-07-12T22:00:41", "influence": 0.0, "title": "广西暴雨加洪水太惨了，还有台风别来东北，我害怕我也不会游泳，但是怀念居家办公的日"}, {"role": "首次大V发声", "author": "大皖新闻", "platform": "微博", "verification_type": "认证机构", "publish_time": "2026-07-13T11:45:00", "influence": 144.6, "title": "【转给更多人！#暴雨内涝避险教程#】#洪水来了往外跑还是往上跑# [话筒]如果身"}], "top_influencers": [{"author": "大皖新闻", "platform": "微博", "verification_type": "认证机构", "publish_time": "2026-07-13T11:45:00", "influence": 144.6, "repost_count": 66, "like_count": 202, "comment_count": 36, "title": "【转给更多人！#暴雨内涝避险教程#】#洪水来了往外跑还是往上跑# [话筒]如果身"}], "platform_chain": {"nodes": [{"name": "新浪新闻", "count": 8, "first_seen": "2026-07-10T15:32:00"}, {"name": "微博", "count": 2, "first_seen": "2026-07-12T22:00:41"}], "links": [{"source": "新浪新闻", "target": "微博", "value": 2}]}}', '2026-07-13 23:46:56', '2026-07-13 23:46:56');
INSERT INTO event_keywords (event_id, word, weight, rank) VALUES (20, '大暴雨', 1.0, 0);
INSERT INTO event_keywords (event_id, word, weight, rank) VALUES (20, '台风', 0.657, 1);
INSERT INTO event_keywords (event_id, word, weight, rank) VALUES (20, '巴威', 0.502, 2);
INSERT INTO event_keywords (event_id, word, weight, rank) VALUES (20, '暴雨', 0.441, 3);
INSERT INTO event_keywords (event_id, word, weight, rank) VALUES (20, '可能', 0.398, 4);
INSERT INTO event_keywords (event_id, word, weight, rank) VALUES (20, '避险', 0.345, 5);
INSERT INTO event_keywords (event_id, word, weight, rank) VALUES (20, '防范', 0.298, 6);
INSERT INTO event_keywords (event_id, word, weight, rank) VALUES (20, '强度', 0.292, 7);
INSERT INTO event_platforms (event_id, platform_name, ratio, rank) VALUES (20, '新浪新闻', 0.8, 0);
INSERT INTO event_platforms (event_id, platform_name, ratio, rank) VALUES (20, '微博', 0.2, 1);
INSERT INTO event_trend_daily (event_id, date, count, is_predicted) VALUES (20, '2026-07-10', 1, 0);
INSERT INTO event_trend_daily (event_id, date, count, is_predicted) VALUES (20, '2026-07-11', 0, 0);
INSERT INTO event_trend_daily (event_id, date, count, is_predicted) VALUES (20, '2026-07-12', 4, 0);
INSERT INTO event_trend_daily (event_id, date, count, is_predicted) VALUES (20, '2026-07-13', 5, 0);
INSERT INTO event_trend_daily (event_id, date, count, is_predicted, predict_heat, predict_count) VALUES (20, '2026-07-14', 0, 1, 7.5, 7.5);
INSERT INTO event_trend_daily (event_id, date, count, is_predicted, predict_heat, predict_count) VALUES (20, '2026-07-15', 0, 1, 10.0, 10.0);
INSERT INTO event_trend_daily (event_id, date, count, is_predicted, predict_heat, predict_count) VALUES (20, '2026-07-16', 0, 1, 12.5, 12.5);

INSERT INTO events (event_id, title, heat, report_count, duplicate_count, time_start, time_end, event_time, risk_level, stage, confidence, prob_latent, prob_growth, prob_peak, prob_decline, analysis, positive, neutral, negative, sources, summary, location, cause, people, authenticity, propagation, created_at, updated_at) VALUES (21, '人民网“领导留言板”设专区接收受灾群众诉求，直达各级领导_中国政库_澎湃新闻-The Paper', 6.271, 22, 7, '2026-07-09 15:43:35', '2026-07-12 21:58:45', '2026-07-12 12:00:00', 'mid', 'decline', 0.9, 0.0, 0.0, 0.1, 0.9, '当前事件报道数量持续下降，公众关注度减弱，处于衰退期。', 1.0, 0.0, 0.0, '["人民网", "微博", "新浪新闻", "澎湃新闻", "知乎"]', '自暴雨洪涝灾害发生以来，广西各级党委政府第一时间启动应急响应，迅速部署防汛抗洪、抢险救灾、群众转移工作，层层压实责任、全员在岗值守，奔赴各个受灾一线统筹抢险救援工作。面对大面积水域围困、群众集中滞留的险情，救援队伍紧急调配水上“救援航母”——应急动力舟桥，将六十米长的舟桥拆分拼接、快速搭建水上生命通道，两节组合式舟桥单次可转运两百名被困人员，极大提升了大规模人员转移效率，累计安全转移师生六千余人，用科技力量为生命护航。很多偏远山村道路塌方、车辆无法通行，救援人员便徒步穿梭在泥泞山路，背着物资、带着装备，翻山越岭奔赴孤岛村落，为被困群众送去饮用水、食物和应急物资，保障群众基本生活所需。', '广西、台风、贵港', '广西横州：洪水渐退，子弟兵筑起连心桥。', '["陆军", "美莎克", "张国清", "覃塘区", "汤圆"]', '{"credibility_score": 0.784, "official_ratio": 0.818, "verified_ratio": 0.864, "plain_user_ratio": 0.136, "verification_dist": {"官方平台": 0.818, "普通用户": 0.136, "认证个人": 0.045}, "factors": ["well_sourced"]}', '{"key_nodes": [{"role": "首次官方媒体介入", "author": "人民网－广西频道", "platform": "人民网", "verification_type": "官方平台", "publish_time": "2026-07-09T15:43:35", "influence": 0.0, "title": "广西横州：洪水渐退，子弟兵筑起连心桥"}, {"role": "初始爆料", "author": "陈列", "platform": "知乎", "verification_type": "普通用户", "publish_time": "2026-07-10T12:10:49", "influence": 0.3, "title": "暴雨围城、大水进村！广西百姓亲历：一夜之间，家园被淹，人心慌慌 - 知乎"}, {"role": "传播高峰", "author": "人民日报", "platform": "微博", "verification_type": "官方平台", "publish_time": "2026-07-11T21:46:18", "influence": 3684.1, "title": "#这就是人民子弟兵给的安全感#【#清淤现场村民朝子弟兵竖起大拇指#】连日来，广西"}], "top_influencers": [{"author": "人民日报", "platform": "微博", "verification_type": "官方平台", "publish_time": "2026-07-11T21:46:18", "influence": 3684.1, "repost_count": 319, "like_count": 10212, "comment_count": 603, "title": "#这就是人民子弟兵给的安全感#【#清淤现场村民朝子弟兵竖起大拇指#】连日来，广西"}, {"author": "新华社", "platform": "微博", "verification_type": "官方平台", "publish_time": "2026-07-12T10:05:19", "influence": 1966.4, "repost_count": 333, "like_count": 4818, "comment_count": 376, "title": "【#洪水退去后这一幕让人泪目#】近日，广西南宁，洪水退去后这一幕看哭了，战士们大"}, {"author": "人民网", "platform": "微博", "verification_type": "官方平台", "publish_time": "2026-07-12T10:50:01", "influence": 289.8, "repost_count": 52, "like_count": 691, "comment_count": 61, "title": "【#子弟兵清淤时遇到战友妈妈#】广西南宁市宾阳县甘棠镇，洪水退去后街巷淤泥堆积，"}, {"author": "江山如画", "platform": "知乎", "verification_type": "普通用户", "publish_time": "2026-07-10T12:53:58", "influence": 1.8, "repost_count": 0, "like_count": 6, "comment_count": 0, "title": "广西洪水里，处处都有戳心泪目的瞬间，每每看到各大平台播放的视频，我都禁不住热泪盈"}, {"author": "陈列", "platform": "知乎", "verification_type": "普通用户", "publish_time": "2026-07-10T12:10:49", "influence": 0.3, "repost_count": 0, "like_count": 1, "comment_count": 0, "title": "暴雨围城、大水进村！广西百姓亲历：一夜之间，家园被淹，人心慌慌 - 知乎"}], "platform_chain": {"nodes": [{"name": "人民网", "count": 3, "first_seen": "2026-07-09T15:43:35"}, {"name": "新浪新闻", "count": 7, "first_seen": "2026-07-10T07:36:46"}, {"name": "澎湃新闻", "count": 5, "first_seen": "2026-07-10T07:57:00"}, {"name": "知乎", "count": 3, "first_seen": "2026-07-10T12:10:49"}, {"name": "微博", "count": 4, "first_seen": "2026-07-11T21:46:18"}], "links": [{"source": "人民网", "target": "新浪新闻", "value": 7}, {"source": "新浪新闻", "target": "澎湃新闻", "value": 5}, {"source": "澎湃新闻", "target": "知乎", "value": 3}, {"source": "知乎", "target": "微博", "value": 4}]}}', '2026-07-13 23:46:56', '2026-07-13 23:46:56');
INSERT INTO event_keywords (event_id, word, weight, rank) VALUES (21, '群众', 1.0, 0);
INSERT INTO event_keywords (event_id, word, weight, rank) VALUES (21, '安置', 0.964, 1);
INSERT INTO event_keywords (event_id, word, weight, rank) VALUES (21, '救援', 0.85, 2);
INSERT INTO event_keywords (event_id, word, weight, rank) VALUES (21, '险情', 0.826, 3);
INSERT INTO event_keywords (event_id, word, weight, rank) VALUES (21, '老人', 0.772, 4);
INSERT INTO event_keywords (event_id, word, weight, rank) VALUES (21, '应急', 0.643, 5);
INSERT INTO event_keywords (event_id, word, weight, rank) VALUES (21, '生活', 0.585, 6);
INSERT INTO event_keywords (event_id, word, weight, rank) VALUES (21, '暴雨', 0.564, 7);
INSERT INTO event_platforms (event_id, platform_name, ratio, rank) VALUES (21, '新浪新闻', 0.318, 0);
INSERT INTO event_platforms (event_id, platform_name, ratio, rank) VALUES (21, '澎湃新闻', 0.227, 1);
INSERT INTO event_platforms (event_id, platform_name, ratio, rank) VALUES (21, '微博', 0.182, 2);
INSERT INTO event_platforms (event_id, platform_name, ratio, rank) VALUES (21, '人民网', 0.136, 3);
INSERT INTO event_platforms (event_id, platform_name, ratio, rank) VALUES (21, '知乎', 0.136, 4);
INSERT INTO event_trend_daily (event_id, date, count, is_predicted) VALUES (21, '2026-07-09', 1, 0);
INSERT INTO event_trend_daily (event_id, date, count, is_predicted) VALUES (21, '2026-07-10', 8, 0);
INSERT INTO event_trend_daily (event_id, date, count, is_predicted) VALUES (21, '2026-07-11', 4, 0);
INSERT INTO event_trend_daily (event_id, date, count, is_predicted) VALUES (21, '2026-07-12', 9, 0);
INSERT INTO event_trend_daily (event_id, date, count, is_predicted, predict_heat, predict_count) VALUES (21, '2026-07-13', 0, 1, 9.5, 9.5);
INSERT INTO event_trend_daily (event_id, date, count, is_predicted, predict_heat, predict_count) VALUES (21, '2026-07-14', 0, 1, 10.0, 10.0);
INSERT INTO event_trend_daily (event_id, date, count, is_predicted, predict_heat, predict_count) VALUES (21, '2026-07-15', 0, 1, 10.5, 10.5);

INSERT INTO events (event_id, title, heat, report_count, duplicate_count, time_start, time_end, event_time, risk_level, stage, confidence, prob_latent, prob_growth, prob_peak, prob_decline, analysis, positive, neutral, negative, sources, summary, location, cause, people, authenticity, propagation, created_at, updated_at) VALUES (22, '广西洪水后的第一现场', 5.93, 14, 2, '2026-07-10 07:02:00', '2026-07-13 20:10:46', '2026-07-12 12:00:00', 'mid', 'decline', 0.9, 0.0, 0.0, 0.1, 0.9, '当前事件报道数量持续下降，公众关注度减弱，处于衰退期。', 0.647, 0.294, 0.059, '["微博", "新浪新闻", "知乎"]', '洪水渐退广西花农抢洗茉莉保生计 洪水逐步褪去，广西横州这片“世界茉莉花都”迎来灾后自救，眼下正值伏花盛采期，洪水浸泡让整片花田沾满黄泥，花苞与枝叶都裹着泥沙。全国80%的茉莉花都在横州，洪水退后广西花农开始自救。【2】隐秘的养蛇业与茉莉花不同，蛇养殖是横州乃至整个广西更低调的产业。', '广西、横州、台风', '人民的军队正在接受人民的检阅。', '["美莎克"]', '{"credibility_score": 0.77, "official_ratio": 0.714, "verified_ratio": 0.929, "plain_user_ratio": 0.071, "verification_dist": {"官方平台": 0.714, "认证个人": 0.143, "头部认证个人": 0.071, "普通用户": 0.071}, "factors": ["well_sourced"]}', '{"key_nodes": [{"role": "传播高峰", "author": "牧星观海天", "platform": "微博", "verification_type": "认证个人", "publish_time": "2026-07-10T07:02:00", "influence": 855.0, "title": "人民的军队正在接受人民的检阅。#热点现场##贵港街头解放军军车一眼望不到头#"}, {"role": "首次官方媒体介入", "author": "轻斟浅醉Violet", "platform": "新浪新闻", "verification_type": "官方平台", "publish_time": "2026-07-11T10:33:25", "influence": 0.0, "title": "广西洪水后的第一现场"}, {"role": "初始爆料", "author": "知乎用户RSsXVz", "platform": "知乎", "verification_type": "普通用户", "publish_time": "2026-07-12T03:05:43", "influence": 2.1, "title": "不是哥们，广西洪水你担心的是砂糖橘？？"}, {"role": "首次大V发声", "author": "顺得招财猫", "platform": "微博", "verification_type": "头部认证个人", "publish_time": "2026-07-12T07:49:05", "influence": 19.1, "title": "洪水退去后的村庄，满目都是三米高的水痕和厚厚的淤泥。村民们顾不上叹气，开始清淤自"}], "top_influencers": [{"author": "牧星观海天", "platform": "微博", "verification_type": "认证个人", "publish_time": "2026-07-10T07:02:00", "influence": 855.0, "repost_count": 144, "like_count": 2240, "comment_count": 78, "title": "人民的军队正在接受人民的检阅。#热点现场##贵港街头解放军军车一眼望不到头#"}, {"author": "顺得招财猫", "platform": "微博", "verification_type": "头部认证个人", "publish_time": "2026-07-12T07:49:05", "influence": 19.1, "repost_count": 0, "like_count": 62, "comment_count": 1, "title": "洪水退去后的村庄，满目都是三米高的水痕和厚厚的淤泥。村民们顾不上叹气，开始清淤自"}, {"author": "知乎用户RSsXVz", "platform": "知乎", "verification_type": "普通用户", "publish_time": "2026-07-12T03:05:43", "influence": 2.1, "repost_count": 0, "like_count": 7, "comment_count": 0, "title": "不是哥们，广西洪水你担心的是砂糖橘？？"}, {"author": "九派新闻", "platform": "知乎", "verification_type": "认证个人", "publish_time": "2026-07-13T17:20:49", "influence": 0.9, "repost_count": 0, "like_count": 3, "comment_count": 0, "title": "一场暴雨，把广西横州推到了舆论中心。7月上旬，台风“美莎克”带来的持续强降雨席卷"}], "platform_chain": {"nodes": [{"name": "微博", "count": 2, "first_seen": "2026-07-10T07:02:00"}, {"name": "新浪新闻", "count": 10, "first_seen": "2026-07-11T10:33:25"}, {"name": "知乎", "count": 2, "first_seen": "2026-07-12T03:05:43"}], "links": [{"source": "微博", "target": "新浪新闻", "value": 10}, {"source": "新浪新闻", "target": "知乎", "value": 2}]}}', '2026-07-13 23:46:56', '2026-07-13 23:46:56');
INSERT INTO event_keywords (event_id, word, weight, rank) VALUES (22, '茉莉花', 1.0, 0);
INSERT INTO event_keywords (event_id, word, weight, rank) VALUES (22, '横州', 0.884, 1);
INSERT INTO event_keywords (event_id, word, weight, rank) VALUES (22, '产业', 0.462, 2);
INSERT INTO event_keywords (event_id, word, weight, rank) VALUES (22, '养殖', 0.406, 3);
INSERT INTO event_keywords (event_id, word, weight, rank) VALUES (22, '蛇类', 0.342, 4);
INSERT INTO event_keywords (event_id, word, weight, rank) VALUES (22, '广西', 0.308, 5);
INSERT INTO event_keywords (event_id, word, weight, rank) VALUES (22, '茉莉', 0.223, 6);
INSERT INTO event_keywords (event_id, word, weight, rank) VALUES (22, '花农', 0.217, 7);
INSERT INTO event_platforms (event_id, platform_name, ratio, rank) VALUES (22, '新浪新闻', 0.714, 0);
INSERT INTO event_platforms (event_id, platform_name, ratio, rank) VALUES (22, '微博', 0.143, 1);
INSERT INTO event_platforms (event_id, platform_name, ratio, rank) VALUES (22, '知乎', 0.143, 2);
INSERT INTO event_trend_daily (event_id, date, count, is_predicted) VALUES (22, '2026-07-10', 1, 0);
INSERT INTO event_trend_daily (event_id, date, count, is_predicted) VALUES (22, '2026-07-11', 5, 0);
INSERT INTO event_trend_daily (event_id, date, count, is_predicted) VALUES (22, '2026-07-12', 6, 0);
INSERT INTO event_trend_daily (event_id, date, count, is_predicted) VALUES (22, '2026-07-13', 2, 0);
INSERT INTO event_trend_daily (event_id, date, count, is_predicted, predict_heat, predict_count) VALUES (22, '2026-07-14', 0, 1, 0.5, 0.5);
INSERT INTO event_trend_daily (event_id, date, count, is_predicted, predict_heat, predict_count) VALUES (22, '2026-07-15', 0, 1, 0.0, 0.0);
INSERT INTO event_trend_daily (event_id, date, count, is_predicted, predict_heat, predict_count) VALUES (22, '2026-07-16', 0, 1, 0.0, 0.0);

INSERT INTO events (event_id, title, heat, report_count, duplicate_count, time_start, time_end, event_time, risk_level, stage, confidence, prob_latent, prob_growth, prob_peak, prob_decline, analysis, positive, neutral, negative, sources, summary, location, cause, people, authenticity, propagation, created_at, updated_at) VALUES (23, '广西六蓝村灾后村民哽咽感谢救援', 5.883, 8, 0, '2026-07-08 17:40:46', '2026-07-13 21:12:40', '2026-07-13 12:00:00', 'mid', 'peak', 0.9, 0.0, 0.05, 0.9, 0.05, '当前事件报道量已接近峰值，关注度趋于稳定，处于高潮期。', 0.762, 0.19, 0.048, '["微博", "新浪新闻"]', '广西六蓝村灾后村民哽咽感谢救援。广西六蓝村灾后村民哽咽感谢救援 【#广西六蓝村灾后村民哽咽感谢救援#】7月12日，羊晚记者直击广西横州市六蓝村灾后恢复现场。感谢沈阳暴雨中挺身而出的你。', '沈阳、广西、辽宁', '#赵露思[超话]# /#赵露思# 心系广西汛情，结合当地一线救援紧缺需求，赵露思全国后援会救援物。', '["蔡嘉鸿", "王潇", "杨雨桐"]', '{"credibility_score": 0.825, "official_ratio": 0.625, "verified_ratio": 0.875, "plain_user_ratio": 0.125, "verification_dist": {"官方平台": 0.625, "认证机构": 0.25, "普通用户": 0.125}, "factors": ["well_sourced"]}', '{"key_nodes": [{"role": "首次大V发声", "author": "赵露思全国后援会", "platform": "微博", "verification_type": "认证机构", "publish_time": "2026-07-08T17:40:46.000001", "influence": 9614.3, "title": "#赵露思[超话]# /#赵露思# 心系广西汛情，结合当地一线救援紧缺需求，赵露思"}, {"role": "首次官方媒体介入", "author": "羊城晚报", "platform": "新浪新闻", "verification_type": "官方平台", "publish_time": "2026-07-12T23:05:05", "influence": 0.0, "title": "广西六蓝村灾后村民哽咽感谢救援"}, {"role": "初始爆料", "author": "沈阳小飞侠群-盛京萌兔乐园", "platform": "微博", "verification_type": "普通用户", "publish_time": "2026-07-13T21:12:40", "influence": 8.9, "title": "山海相隔，善意相连。 沈阳小飞侠与城市网格携手中华志愿者协会，将满载心意的应急物"}], "top_influencers": [{"author": "赵露思全国后援会", "platform": "微博", "verification_type": "认证机构", "publish_time": "2026-07-08T17:40:46.000001", "influence": 9614.3, "repost_count": 2677, "like_count": 20261, "comment_count": 1718, "title": "#赵露思[超话]# /#赵露思# 心系广西汛情，结合当地一线救援紧缺需求，赵露思"}, {"author": "沈阳小飞侠群-盛京萌兔乐园", "platform": "微博", "verification_type": "普通用户", "publish_time": "2026-07-13T21:12:40", "influence": 8.9, "repost_count": 6, "like_count": 8, "comment_count": 1, "title": "山海相隔，善意相连。 沈阳小飞侠与城市网格携手中华志愿者协会，将满载心意的应急物"}], "platform_chain": {"nodes": [{"name": "微博", "count": 3, "first_seen": "2026-07-08T17:40:46.000001"}, {"name": "新浪新闻", "count": 5, "first_seen": "2026-07-12T23:05:05"}], "links": [{"source": "微博", "target": "新浪新闻", "value": 5}]}}', '2026-07-13 23:46:56', '2026-07-13 23:46:56');
INSERT INTO event_keywords (event_id, word, weight, rank) VALUES (23, '暴雨', 1.0, 0);
INSERT INTO event_keywords (event_id, word, weight, rank) VALUES (23, '沈阳', 0.563, 1);
INSERT INTO event_keywords (event_id, word, weight, rank) VALUES (23, '救援', 0.481, 2);
INSERT INTO event_keywords (event_id, word, weight, rank) VALUES (23, '赵露思', 0.43, 3);
INSERT INTO event_keywords (event_id, word, weight, rank) VALUES (23, '感谢', 0.363, 4);
INSERT INTO event_keywords (event_id, word, weight, rank) VALUES (23, '广西', 0.362, 5);
INSERT INTO event_keywords (event_id, word, weight, rank) VALUES (23, '灾后', 0.358, 6);
INSERT INTO event_keywords (event_id, word, weight, rank) VALUES (23, '产妇', 0.358, 7);
INSERT INTO event_platforms (event_id, platform_name, ratio, rank) VALUES (23, '新浪新闻', 0.625, 0);
INSERT INTO event_platforms (event_id, platform_name, ratio, rank) VALUES (23, '微博', 0.375, 1);
INSERT INTO event_trend_daily (event_id, date, count, is_predicted) VALUES (23, '2026-07-08', 1, 0);
INSERT INTO event_trend_daily (event_id, date, count, is_predicted) VALUES (23, '2026-07-09', 0, 0);
INSERT INTO event_trend_daily (event_id, date, count, is_predicted) VALUES (23, '2026-07-10', 0, 0);
INSERT INTO event_trend_daily (event_id, date, count, is_predicted) VALUES (23, '2026-07-11', 0, 0);
INSERT INTO event_trend_daily (event_id, date, count, is_predicted) VALUES (23, '2026-07-12', 2, 0);
INSERT INTO event_trend_daily (event_id, date, count, is_predicted) VALUES (23, '2026-07-13', 5, 0);
INSERT INTO event_trend_daily (event_id, date, count, is_predicted, predict_heat, predict_count) VALUES (23, '2026-07-14', 0, 1, 7.5, 7.5);
INSERT INTO event_trend_daily (event_id, date, count, is_predicted, predict_heat, predict_count) VALUES (23, '2026-07-15', 0, 1, 10.0, 10.0);
INSERT INTO event_trend_daily (event_id, date, count, is_predicted, predict_heat, predict_count) VALUES (23, '2026-07-16', 0, 1, 12.5, 12.5);

INSERT INTO events (event_id, title, heat, report_count, duplicate_count, time_start, time_end, event_time, risk_level, stage, confidence, prob_latent, prob_growth, prob_peak, prob_decline, analysis, positive, neutral, negative, sources, summary, location, cause, people, authenticity, propagation, created_at, updated_at) VALUES (24, '#携手明天驰援水灾##广西抗洪# 携手明天联合51位明星筹集的第8、9、11、13、16批物资已抵达', 5.774, 10, 0, '2026-07-07 21:48:17', '2026-07-13 20:59:19', '2026-07-12 12:00:00', 'mid', 'decline', 0.9, 0.0, 0.0, 0.1, 0.9, '当前事件报道数量持续下降，公众关注度减弱，处于衰退期。', 0.6, 0.35, 0.05, '["微博", "新浪新闻", "知乎"]', '@博肖爱心联盟 防汛清淤物资连夜奔赴防城港】 #直击广西洪涝救援# 洪水退去后的家园重建，不仅需要温暖的生活物资，更需要硬核的防汛清淤工具。@博肖爱心联盟 防汛清淤物资连夜奔赴防城港】 #直击广西洪涝救援# 洪水退去后的家园重建，不仅需要温暖的生活物资，更需要硬核的防汛清淤工具 #王一博肖战粉丝2小时筹款超百万#。-广西钦州灵山洪灾需物资支援http://http://xhslink.com/o/888wDtC3NNq-广西宾阳洪灾求助http://http://xhslink.com/o/6GWisnFy4ys-广西洪灾求物资支援 | 汇集http://http://xhslink.com/o/4O1jD3kmo9h。', '广西、贵港、防城港', '朱总理早就骂过“王八蛋工程”。', '["覃塘区", "王一博", "朱总理", "王八蛋"]', '{"credibility_score": 0.49, "official_ratio": 0.1, "verified_ratio": 0.7, "plain_user_ratio": 0.3, "verification_dist": {"认证机构": 0.4, "普通用户": 0.3, "认证个人": 0.2, "官方平台": 0.1}, "factors": []}', '{"key_nodes": [{"role": "初始爆料", "author": "老上中农", "platform": "知乎", "verification_type": "普通用户", "publish_time": "2026-07-07T21:48:17", "influence": 1.1, "title": "朱总理早就骂过“王八蛋工程”。"}, {"role": "首次大V发声", "author": "中华思源工程基金会", "platform": "微博", "verification_type": "认证机构", "publish_time": "2026-07-08T01:57:54", "influence": 3145.3, "title": "【风雨同舟 共援广西】@单依纯 携手#中华思源工程基金会#驰援广西洪灾！ 受台风"}, {"role": "首次官方媒体介入", "author": "中国蓝新闻", "platform": "新浪新闻", "verification_type": "官方平台", "publish_time": "2026-07-13T15:09:48", "influence": 0.0, "title": "剑网3玩家3天筹80万物资驰援广西"}], "top_influencers": [{"author": "中华思源工程基金会", "platform": "微博", "verification_type": "认证机构", "publish_time": "2026-07-08T01:57:54", "influence": 3145.3, "repost_count": 833, "like_count": 6291, "comment_count": 850, "title": "【风雨同舟 共援广西】@单依纯 携手#中华思源工程基金会#驰援广西洪灾！ 受台风"}, {"author": "扬帆计划", "platform": "微博", "verification_type": "认证机构", "publish_time": "2026-07-12T19:35:29", "influence": 2039.8, "repost_count": 1513, "like_count": 1421, "comment_count": 201, "title": "【硬核驰援！@博肖爱心联盟 防汛清淤物资连夜奔赴防城港】 #直击广西洪涝救援# "}, {"author": "扬帆计划", "platform": "微博", "verification_type": "认证机构", "publish_time": "2026-07-13T20:59:19", "influence": 273.1, "repost_count": 208, "like_count": 167, "comment_count": 30, "title": "【救灾行动播报 | @博肖爱心联盟 第四批物资450张折叠床与第五批物资2000"}, {"author": "就适随便点点_于适Yosh", "platform": "微博", "verification_type": "认证个人", "publish_time": "2026-07-12T21:28:49", "influence": 129.4, "repost_count": 124, "like_count": 3, "comment_count": 9, "title": "#于适yosh[超话]##携手明天驰援水灾#由@于适Yosh 捐赠的救灾物资已运"}, {"author": "黄晓明明天爱心基金", "platform": "微博", "verification_type": "认证机构", "publish_time": "2026-07-12T19:16:02", "influence": 20.4, "repost_count": 3, "like_count": 48, "comment_count": 6, "title": "#携手明天驰援水灾##广西抗洪# 携手明天联合51位明星筹集的第8、9、11、1"}], "platform_chain": {"nodes": [{"name": "知乎", "count": 2, "first_seen": "2026-07-07T21:48:17"}, {"name": "微博", "count": 7, "first_seen": "2026-07-08T01:57:54"}, {"name": "新浪新闻", "count": 1, "first_seen": "2026-07-13T15:09:48"}], "links": [{"source": "知乎", "target": "微博", "value": 7}, {"source": "微博", "target": "新浪新闻", "value": 1}]}}', '2026-07-13 23:46:56', '2026-07-13 23:46:56');
INSERT INTO event_keywords (event_id, word, weight, rank) VALUES (24, '物资', 1.0, 0);
INSERT INTO event_keywords (event_id, word, weight, rank) VALUES (24, '广西', 0.8, 1);
INSERT INTO event_keywords (event_id, word, weight, rank) VALUES (24, '洪灾', 0.438, 2);
INSERT INTO event_keywords (event_id, word, weight, rank) VALUES (24, 'http', 0.386, 3);
INSERT INTO event_keywords (event_id, word, weight, rank) VALUES (24, '于适', 0.383, 4);
INSERT INTO event_keywords (event_id, word, weight, rank) VALUES (24, '横州', 0.383, 5);
INSERT INTO event_keywords (event_id, word, weight, rank) VALUES (24, '清淤', 0.34, 6);
INSERT INTO event_keywords (event_id, word, weight, rank) VALUES (24, '硬核', 0.328, 7);
INSERT INTO event_platforms (event_id, platform_name, ratio, rank) VALUES (24, '微博', 0.7, 0);
INSERT INTO event_platforms (event_id, platform_name, ratio, rank) VALUES (24, '知乎', 0.2, 1);
INSERT INTO event_platforms (event_id, platform_name, ratio, rank) VALUES (24, '新浪新闻', 0.1, 2);
INSERT INTO event_trend_daily (event_id, date, count, is_predicted) VALUES (24, '2026-07-07', 1, 0);
INSERT INTO event_trend_daily (event_id, date, count, is_predicted) VALUES (24, '2026-07-08', 1, 0);
INSERT INTO event_trend_daily (event_id, date, count, is_predicted) VALUES (24, '2026-07-09', 0, 0);
INSERT INTO event_trend_daily (event_id, date, count, is_predicted) VALUES (24, '2026-07-10', 0, 0);
INSERT INTO event_trend_daily (event_id, date, count, is_predicted) VALUES (24, '2026-07-11', 0, 0);
INSERT INTO event_trend_daily (event_id, date, count, is_predicted) VALUES (24, '2026-07-12', 5, 0);
INSERT INTO event_trend_daily (event_id, date, count, is_predicted) VALUES (24, '2026-07-13', 3, 0);
INSERT INTO event_trend_daily (event_id, date, count, is_predicted, predict_heat, predict_count) VALUES (24, '2026-07-14', 0, 1, 4.5, 4.5);
INSERT INTO event_trend_daily (event_id, date, count, is_predicted, predict_heat, predict_count) VALUES (24, '2026-07-15', 0, 1, 6.0, 6.0);
INSERT INTO event_trend_daily (event_id, date, count, is_predicted, predict_heat, predict_count) VALUES (24, '2026-07-16', 0, 1, 7.5, 7.5);

INSERT INTO events (event_id, title, heat, report_count, duplicate_count, time_start, time_end, event_time, risk_level, stage, confidence, prob_latent, prob_growth, prob_peak, prob_decline, analysis, positive, neutral, negative, sources, summary, location, cause, people, authenticity, propagation, created_at, updated_at) VALUES (25, '广西洪水后需科学清理，先分类再消毒防疾病', 5.737, 8, 1, '2026-07-12 10:28:17', '2026-07-13 17:45:25', '2026-07-12 12:00:00', 'mid', 'decline', 0.9, 0.0, 0.0, 0.1, 0.9, '当前事件报道数量持续下降，公众关注度减弱，处于衰退期。', 0.5, 0.0, 0.5, '["微博", "新浪新闻"]', '广西贵港一环卫工戴三层手套清淤累到手疼 ：只想早点恢复原样。广西贵港居民互助清淤不忍麻烦救援人员 ：救援人员是真英雄，比我们辛苦多了。【广西贵港#居民互助清淤不忍麻烦救援人员# ：救援人员是真英雄，比我们辛苦多了。', '广西、贵港、英雄', '广西洪水后需科学清理，先分类再消毒防疾病。', '["夏夏子"]', '{"credibility_score": 0.906, "official_ratio": 0.875, "verified_ratio": 1.0, "plain_user_ratio": 0.0, "verification_dist": {"官方平台": 0.875, "头部认证个人": 0.125}, "factors": ["well_sourced"]}', '{"key_nodes": [{"role": "初始爆料", "author": "知识引力场", "platform": "新浪新闻", "verification_type": "官方平台", "publish_time": "2026-07-12T10:28:17.999999", "influence": 0.0, "title": "广西洪水后需科学清理，先分类再消毒防疾病"}, {"role": "首次大V发声", "author": "赛高2333", "platform": "微博", "verification_type": "头部认证个人", "publish_time": "2026-07-13T14:53:08.000001", "influence": 4.7, "title": "#广西贵港开展排涝消杀##无尽夏夏子[超话]# 学习一下 受灾家庭直接收藏备用✅"}], "top_influencers": [{"author": "赛高2333", "platform": "微博", "verification_type": "头部认证个人", "publish_time": "2026-07-13T14:53:08.000001", "influence": 4.7, "repost_count": 0, "like_count": 14, "comment_count": 1, "title": "#广西贵港开展排涝消杀##无尽夏夏子[超话]# 学习一下 受灾家庭直接收藏备用✅"}], "platform_chain": {"nodes": [{"name": "新浪新闻", "count": 7, "first_seen": "2026-07-12T10:28:17.999999"}, {"name": "微博", "count": 1, "first_seen": "2026-07-13T14:53:08.000001"}], "links": [{"source": "新浪新闻", "target": "微博", "value": 1}]}}', '2026-07-13 23:46:56', '2026-07-13 23:46:56');
INSERT INTO event_keywords (event_id, word, weight, rank) VALUES (25, '消毒', 1.0, 0);
INSERT INTO event_keywords (event_id, word, weight, rank) VALUES (25, '救援', 0.615, 1);
INSERT INTO event_keywords (event_id, word, weight, rank) VALUES (25, '人员', 0.615, 2);
INSERT INTO event_keywords (event_id, word, weight, rank) VALUES (25, '清淤', 0.438, 3);
INSERT INTO event_keywords (event_id, word, weight, rank) VALUES (25, '恢复', 0.384, 4);
INSERT INTO event_keywords (event_id, word, weight, rank) VALUES (25, '原样', 0.384, 5);
INSERT INTO event_keywords (event_id, word, weight, rank) VALUES (25, '互助', 0.384, 6);
INSERT INTO event_keywords (event_id, word, weight, rank) VALUES (25, '辛苦', 0.384, 7);
INSERT INTO event_platforms (event_id, platform_name, ratio, rank) VALUES (25, '新浪新闻', 0.875, 0);
INSERT INTO event_platforms (event_id, platform_name, ratio, rank) VALUES (25, '微博', 0.125, 1);
INSERT INTO event_trend_daily (event_id, date, count, is_predicted) VALUES (25, '2026-07-12', 4, 0);
INSERT INTO event_trend_daily (event_id, date, count, is_predicted) VALUES (25, '2026-07-13', 4, 0);
INSERT INTO event_trend_daily (event_id, date, count, is_predicted, predict_heat, predict_count) VALUES (25, '2026-07-14', 0, 1, 4.0, 4.0);
INSERT INTO event_trend_daily (event_id, date, count, is_predicted, predict_heat, predict_count) VALUES (25, '2026-07-15', 0, 1, 4.0, 4.0);
INSERT INTO event_trend_daily (event_id, date, count, is_predicted, predict_heat, predict_count) VALUES (25, '2026-07-16', 0, 1, 4.0, 4.0);

INSERT INTO events (event_id, title, heat, report_count, duplicate_count, time_start, time_end, event_time, risk_level, stage, confidence, prob_latent, prob_growth, prob_peak, prob_decline, analysis, positive, neutral, negative, sources, summary, location, cause, people, authenticity, propagation, created_at, updated_at) VALUES (26, '“就算洪水淹没我们，也不能弄湿孩子”，1米8高的救援队员广西洪水中托举婴儿_锋线视频_澎湃新闻-The Paper', 5.633, 18, 9, '2026-07-08 21:23:25', '2026-07-13 21:09:07', '2026-07-11 12:00:00', 'mid', 'decline', 0.9, 0.0, 0.0, 0.1, 0.9, '当前事件报道数量持续下降，公众关注度减弱，处于衰退期。', 0.5, 0.286, 0.214, '["人民网", "微博", "新浪新闻", "澎湃新闻"]', '民众自发欢送跨区域增援贵港的消防救援队伍_锋线视频_澎湃新闻-The Paper。民众自发欢送跨区域增援贵港的消防救援队伍 7月11日，广西贵港市民众自发欢送跨区域增援贵港的消防救援队伍。村民谭先生介绍，送别完全由村民自发组织，期间目睹不少消防员手部被磨伤十分心疼。', '广西、贵港、横州', '广西的洪水入境广东了，看看洪水前后的对比图，这水量之大，恐怖。', '["唐燕丽", "美莎克"]', '{"credibility_score": 0.85, "official_ratio": 0.833, "verified_ratio": 1.0, "plain_user_ratio": 0.0, "verification_dist": {"官方平台": 0.833, "认证机构": 0.111, "头部认证个人": 0.056}, "factors": ["high_duplicate_rate", "well_sourced"]}', '{"key_nodes": [{"role": "初始爆料", "author": "软件教书匠金旭亮", "platform": "微博", "verification_type": "头部认证个人", "publish_time": "2026-07-08T21:23:25", "influence": 3363.3, "title": "广西的洪水入境广东了，看看洪水前后的对比图，这水量之大，恐怖。百姓安危全系于一墙"}, {"role": "首次官方媒体介入", "author": "澎湃新闻", "platform": "澎湃新闻", "verification_type": "官方平台", "publish_time": "2026-07-09T18:08:00", "influence": 0.0, "title": "“就算洪水淹没我们，也不能弄湿孩子”，1米8高的救援队员广西洪水中托举婴儿_锋线"}, {"role": "传播高峰", "author": "人民日报", "platform": "微博", "verification_type": "官方平台", "publish_time": "2026-07-12T23:08:36.000001", "influence": 9748.9, "title": "【#你好，明天#｜军民鱼水情，就是#清澈的爱#】近日，驰援广西贵港的救援队伍启程"}], "top_influencers": [{"author": "人民日报", "platform": "微博", "verification_type": "官方平台", "publish_time": "2026-07-12T23:08:36.000001", "influence": 9748.9, "repost_count": 968, "like_count": 27443, "comment_count": 1096, "title": "【#你好，明天#｜军民鱼水情，就是#清澈的爱#】近日，驰援广西贵港的救援队伍启程"}, {"author": "百姓关注", "platform": "微博", "verification_type": "认证机构", "publish_time": "2026-07-09T13:15:47.999999", "influence": 4447.9, "repost_count": 437, "like_count": 12878, "comment_count": 295, "title": "【“它也想哭了，累得动不了” 广东蓝天#救援队转移学生顺手捞上无助小猪# 】7月"}, {"author": "软件教书匠金旭亮", "platform": "微博", "verification_type": "头部认证个人", "publish_time": "2026-07-08T21:23:25", "influence": 3363.3, "repost_count": 283, "like_count": 9206, "comment_count": 637, "title": "广西的洪水入境广东了，看看洪水前后的对比图，这水量之大，恐怖。百姓安危全系于一墙"}, {"author": "人民日报", "platform": "微博", "verification_type": "官方平台", "publish_time": "2026-07-11T16:37:44.999999", "influence": 2898.0, "repost_count": 634, "like_count": 6365, "comment_count": 709, "title": "【辛苦了！#贵港群众夹道欢送救援队伍返程#】#欢送抗洪救援车队的人群望不到头# "}, {"author": "同济大学", "platform": "微博", "verification_type": "认证机构", "publish_time": "2026-07-13T21:09:07", "influence": 1.3, "repost_count": 1, "like_count": 1, "comment_count": 0, "title": "【#同分享#｜#你好，明天#｜军民鱼水情，就是#清澈的爱#】近日，驰援广西贵港的"}], "platform_chain": {"nodes": [{"name": "微博", "count": 5, "first_seen": "2026-07-08T21:23:25"}, {"name": "澎湃新闻", "count": 11, "first_seen": "2026-07-09T18:08:00"}, {"name": "人民网", "count": 1, "first_seen": "2026-07-11T17:34:24"}, {"name": "新浪新闻", "count": 1, "first_seen": "2026-07-12T12:21:16"}], "links": [{"source": "微博", "target": "澎湃新闻", "value": 11}, {"source": "澎湃新闻", "target": "人民网", "value": 1}, {"source": "人民网", "target": "新浪新闻", "value": 1}]}}', '2026-07-13 23:46:56', '2026-07-13 23:46:56');
INSERT INTO event_keywords (event_id, word, weight, rank) VALUES (26, '消防', 1.0, 0);
INSERT INTO event_keywords (event_id, word, weight, rank) VALUES (26, '洪水', 0.999, 1);
INSERT INTO event_keywords (event_id, word, weight, rank) VALUES (26, '帮忙', 0.696, 2);
INSERT INTO event_keywords (event_id, word, weight, rank) VALUES (26, '人员', 0.691, 3);
INSERT INTO event_keywords (event_id, word, weight, rank) VALUES (26, '欢送', 0.667, 4);
INSERT INTO event_keywords (event_id, word, weight, rank) VALUES (26, '增援', 0.609, 5);
INSERT INTO event_keywords (event_id, word, weight, rank) VALUES (26, '送别', 0.609, 6);
INSERT INTO event_keywords (event_id, word, weight, rank) VALUES (26, '自发', 0.583, 7);
INSERT INTO event_platforms (event_id, platform_name, ratio, rank) VALUES (26, '澎湃新闻', 0.611, 0);
INSERT INTO event_platforms (event_id, platform_name, ratio, rank) VALUES (26, '微博', 0.278, 1);
INSERT INTO event_platforms (event_id, platform_name, ratio, rank) VALUES (26, '人民网', 0.056, 2);
INSERT INTO event_platforms (event_id, platform_name, ratio, rank) VALUES (26, '新浪新闻', 0.056, 3);
INSERT INTO event_trend_daily (event_id, date, count, is_predicted) VALUES (26, '2026-07-08', 1, 0);
INSERT INTO event_trend_daily (event_id, date, count, is_predicted) VALUES (26, '2026-07-09', 3, 0);
INSERT INTO event_trend_daily (event_id, date, count, is_predicted) VALUES (26, '2026-07-10', 2, 0);
INSERT INTO event_trend_daily (event_id, date, count, is_predicted) VALUES (26, '2026-07-11', 6, 0);
INSERT INTO event_trend_daily (event_id, date, count, is_predicted) VALUES (26, '2026-07-12', 5, 0);
INSERT INTO event_trend_daily (event_id, date, count, is_predicted) VALUES (26, '2026-07-13', 1, 0);
INSERT INTO event_trend_daily (event_id, date, count, is_predicted, predict_heat, predict_count) VALUES (26, '2026-07-14', 0, 1, 0.0, 0.0);
INSERT INTO event_trend_daily (event_id, date, count, is_predicted, predict_heat, predict_count) VALUES (26, '2026-07-15', 0, 1, 0.0, 0.0);
INSERT INTO event_trend_daily (event_id, date, count, is_predicted, predict_heat, predict_count) VALUES (26, '2026-07-16', 0, 1, 0.0, 0.0);

INSERT INTO events (event_id, title, heat, report_count, duplicate_count, time_start, time_end, event_time, risk_level, stage, confidence, prob_latent, prob_growth, prob_peak, prob_decline, analysis, positive, neutral, negative, sources, summary, location, cause, people, authenticity, propagation, created_at, updated_at) VALUES (27, '广西贵港动物园暴雨后3只狮子死亡，幸存猛兽眼神呆滞', 5.393, 11, 2, '2026-07-08 15:56:56', '2026-07-13 11:14:25', '2026-07-12 12:00:00', 'mid', 'decline', 0.9, 0.0, 0.0, 0.1, 0.9, '当前事件报道数量持续下降，公众关注度减弱，处于衰退期。', 0.5, 0.333, 0.167, '["微博", "新浪新闻", "知乎"]', '【#动物园灾前将猛兽锁死致多只溺亡# 】#园方回应将猛兽锁死致多只溺亡#受台风强降雨侵袭，广西贵港动。【#动物园灾前将猛兽锁死致多只溺亡# 】#园方回应将猛兽锁死致多只溺亡#受台风强降雨侵袭，广西贵港动物园水位一度暴涨至三米多深。广西贵港动物园夫妇洪水中锁猛兽笼舍，三狮溺亡反遭网暴 广西贵港洪灾水位暴涨三米，动物园老板殷飞飞夫妇不顾安危，丈夫腰间系绳、妻子在后方拉扯，蹚湍急洪水逐一锁死狮子、熊类笼舍，只为防止猛兽出逃伤及周边村民。', '贵港、广西、台风', '【#动物园灾前将猛兽锁死致多只溺亡# 】#园方回应将猛兽锁死致多只溺亡#受台风强降雨侵袭，广西贵港动。', '["王女士", "美莎克"]', '{"credibility_score": 0.676, "official_ratio": 0.545, "verified_ratio": 0.727, "plain_user_ratio": 0.273, "verification_dist": {"官方平台": 0.545, "普通用户": 0.273, "认证机构": 0.182}, "factors": ["well_sourced"]}', '{"key_nodes": [{"role": "首次大V发声", "author": "大河报", "platform": "微博", "verification_type": "认证机构", "publish_time": "2026-07-08T15:56:56", "influence": 11694.4, "title": "【#动物园灾前将猛兽锁死致多只溺亡# 】#园方回应将猛兽锁死致多只溺亡#受台风强"}, {"role": "初始爆料", "author": "锐角君", "platform": "知乎", "verification_type": "普通用户", "publish_time": "2026-07-11T15:06:09", "influence": 1.1, "title": "如何评价2026年7月广西特大洪涝灾害？ - 知乎"}, {"role": "首次官方媒体介入", "author": "小莉帮忙", "platform": "新浪新闻", "verification_type": "官方平台", "publish_time": "2026-07-12T12:03:43", "influence": 0.0, "title": "广西贵港动物园暴雨后3只狮子死亡，幸存猛兽眼神呆滞"}], "top_influencers": [{"author": "大河报", "platform": "微博", "verification_type": "认证机构", "publish_time": "2026-07-08T15:56:56", "influence": 11694.4, "repost_count": 360, "like_count": 35558, "comment_count": 1334, "title": "【#动物园灾前将猛兽锁死致多只溺亡# 】#园方回应将猛兽锁死致多只溺亡#受台风强"}, {"author": "中国新闻网", "platform": "微博", "verification_type": "认证机构", "publish_time": "2026-07-12T15:14:17", "influence": 197.2, "repost_count": 35, "like_count": 464, "comment_count": 46, "title": "【#贵港动物园负责人回应冒死锁笼#】#贵港动物园急需志愿者协助清淤# 一场突如其"}, {"author": "锐角君", "platform": "知乎", "verification_type": "普通用户", "publish_time": "2026-07-11T15:06:09", "influence": 1.1, "repost_count": 0, "like_count": 2, "comment_count": 1, "title": "如何评价2026年7月广西特大洪涝灾害？ - 知乎"}], "platform_chain": {"nodes": [{"name": "微博", "count": 2, "first_seen": "2026-07-08T15:56:56"}, {"name": "知乎", "count": 3, "first_seen": "2026-07-11T15:06:09"}, {"name": "新浪新闻", "count": 6, "first_seen": "2026-07-12T12:03:43"}], "links": [{"source": "微博", "target": "知乎", "value": 3}, {"source": "知乎", "target": "新浪新闻", "value": 6}]}}', '2026-07-13 23:46:56', '2026-07-13 23:46:56');
INSERT INTO event_keywords (event_id, word, weight, rank) VALUES (27, '狮子', 1.0, 0);
INSERT INTO event_keywords (event_id, word, weight, rank) VALUES (27, '猛兽', 0.892, 1);
INSERT INTO event_keywords (event_id, word, weight, rank) VALUES (27, '动物园', 0.848, 2);
INSERT INTO event_keywords (event_id, word, weight, rank) VALUES (27, '溺亡', 0.667, 3);
INSERT INTO event_keywords (event_id, word, weight, rank) VALUES (27, '贵港', 0.659, 4);
INSERT INTO event_keywords (event_id, word, weight, rank) VALUES (27, '纵身', 0.484, 5);
INSERT INTO event_keywords (event_id, word, weight, rank) VALUES (27, '跃入', 0.484, 6);
INSERT INTO event_keywords (event_id, word, weight, rank) VALUES (27, '多只', 0.455, 7);
INSERT INTO event_platforms (event_id, platform_name, ratio, rank) VALUES (27, '新浪新闻', 0.545, 0);
INSERT INTO event_platforms (event_id, platform_name, ratio, rank) VALUES (27, '知乎', 0.273, 1);
INSERT INTO event_platforms (event_id, platform_name, ratio, rank) VALUES (27, '微博', 0.182, 2);
INSERT INTO event_trend_daily (event_id, date, count, is_predicted) VALUES (27, '2026-07-08', 1, 0);
INSERT INTO event_trend_daily (event_id, date, count, is_predicted) VALUES (27, '2026-07-09', 0, 0);
INSERT INTO event_trend_daily (event_id, date, count, is_predicted) VALUES (27, '2026-07-10', 0, 0);
INSERT INTO event_trend_daily (event_id, date, count, is_predicted) VALUES (27, '2026-07-11', 2, 0);
INSERT INTO event_trend_daily (event_id, date, count, is_predicted) VALUES (27, '2026-07-12', 7, 0);
INSERT INTO event_trend_daily (event_id, date, count, is_predicted) VALUES (27, '2026-07-13', 1, 0);
INSERT INTO event_trend_daily (event_id, date, count, is_predicted, predict_heat, predict_count) VALUES (27, '2026-07-14', 0, 1, 0.5, 0.5);
INSERT INTO event_trend_daily (event_id, date, count, is_predicted, predict_heat, predict_count) VALUES (27, '2026-07-15', 0, 1, 0.0, 0.0);
INSERT INTO event_trend_daily (event_id, date, count, is_predicted, predict_heat, predict_count) VALUES (27, '2026-07-16', 0, 1, 0.0, 0.0);

-- gold_price.json: 6/13 clusters (heat >= 5.0)
INSERT INTO events (event_id, title, heat, report_count, duplicate_count, time_start, time_end, event_time, risk_level, stage, confidence, prob_latent, prob_growth, prob_peak, prob_decline, analysis, positive, neutral, negative, sources, summary, location, cause, people, authenticity, propagation, created_at, updated_at) VALUES (28, '最精明的资产选择？金价创历史新高后何去何从_牛市点线面_澎湃新闻-The Paper', 24.506, 135, 46, '2026-06-01 09:05:01', '2026-07-13 19:40:43', '2026-07-13 12:00:00', 'mid_high', 'growth', 0.9, 0.05, 0.9, 0.05, 0.0, '当前事件报道数量持续增加，公众关注度快速提升，处于成长期。', 0.402, 0.44, 0.158, '["人民网", "微博", "新浪新闻", "澎湃新闻", "知乎"]', '” FxPro高级市场分析师Alex Kuptsikevich预计下周黄金价格将继续下跌，“美伊谅解备忘录签署引发的金价上涨似乎已在美联储鹰派立场下结束，并引发了一波美元买盘。这意味着压制金价的“加息定价”很可能已经过度——若美伊协议推动地缘风险缓和、油价回落带动通胀预期降温，市场对美联储鹰派路径的定价可能逐步修正，进而带动实际利率与美元走弱，为黄金打开上行空间。一、核心变量的数学定义定义六维状态向量：X(t)=[G(t), π(t), i(t), O(t), L(t), E(t)]^T变量,符号,含义,单位 黄金价格,G(t),现货黄金价格,美元/盎司 通胀率,π(t),核心PCE同比,% 政策利率,i(t),联邦基金利率,% 油价,O(t),"WTI原油价格（EIA预测）",美元/桶 劳动力市场,L(t),失业率/就业强度,% AI用电需求,E(t),AI数据中心用电量增速,%二、联立微分方程组2.1 方程1：通胀动力学（含油价滞后传导 + AI需求冲击）根据费雪定律 MV=PY 的微分形式，通胀受油价滞后效应和AI需求共同驱动：\\frac{d\\pi}{dt} = \\beta_\\pi \\cdot \\frac{dO}{dt}(t - \\tau) + \\gamma_\\pi \\cdot \\frac{dE}{dt} - \\lambda_\\pi \\cdot (\\pi - \\pi^*) + \\xi_\\pi(t)其中 τ∈(2,3)个月，π^∗=2.0%。', '东京、美国、伦敦', '最精明的资产选择。', '["白银", "布伦特", "特朗普", "金改", "刘春燕"]', '{"credibility_score": 0.718, "official_ratio": 0.704, "verified_ratio": 0.844, "plain_user_ratio": 0.156, "verification_dist": {"官方平台": 0.704, "普通用户": 0.156, "认证个人": 0.096, "认证机构": 0.03, "头部认证个人": 0.015}, "factors": ["well_sourced"]}', '{"key_nodes": [{"role": "首次官方媒体介入", "author": "证券日报", "platform": "人民网", "verification_type": "官方平台", "publish_time": "2026-06-01T09:05:01", "influence": 0.0, "title": "金价5月份“过山车”后去向何方？--经济·科技--人民网"}, {"role": "首次大V发声", "author": "新浪财经", "platform": "微博", "verification_type": "认证机构", "publish_time": "2026-06-09T09:36:33", "influence": 80.3, "title": "#油价存在失控风险#【中金财富期货：目前黄金市场在流动性短缺和通胀压力的双重挤压"}, {"role": "初始爆料", "author": "三相三悟", "platform": "知乎", "verification_type": "普通用户", "publish_time": "2026-06-20T11:26:13", "influence": 0.3, "title": "美联储加息周期对黄金价格、实物金饰的完整传导逻辑 - 知乎"}], "top_influencers": [{"author": "新浪财经", "platform": "微博", "verification_type": "认证机构", "publish_time": "2026-06-09T09:36:33", "influence": 80.3, "repost_count": 28, "like_count": 126, "comment_count": 29, "title": "#油价存在失控风险#【中金财富期货：目前黄金市场在流动性短缺和通胀压力的双重挤压"}, {"author": "小茉儿宝", "platform": "微博", "verification_type": "认证个人", "publish_time": "2026-06-13T08:31:58", "influence": 79.5, "repost_count": 8, "like_count": 215, "comment_count": 14, "title": "黄金上涨原因 避险情绪瞬间反转 美伊局势急转弯，油价跌了降息近了，黄金想不涨都难"}, {"author": "秦永臣DXY", "platform": "微博", "verification_type": "认证个人", "publish_time": "2026-07-12T23:21:44", "influence": 77.8, "repost_count": 5, "like_count": 201, "comment_count": 25, "title": "面对AI泡沫，黄金的前景非常好。一旦AI科技泡沫破裂，黄金很可能会迎来极其顺风的"}, {"author": "水又三人禾", "platform": "知乎", "verification_type": "认证个人", "publish_time": "2026-07-06T10:43:27", "influence": 39.4, "repost_count": 0, "like_count": 83, "comment_count": 29, "title": "金价走稳，黄金的恐慌下跌，短期告一段落 - 知乎"}, {"author": "邓育平", "platform": "微博", "verification_type": "认证个人", "publish_time": "2026-06-20T08:07:11", "influence": 29.6, "repost_count": 6, "like_count": 72, "comment_count": 4, "title": "盛世古董，乱世黄金。为什么最近黄金老是反向，美伊和好反而上涨，美伊恶斗反而下跌？"}], "platform_chain": {"nodes": [{"name": "人民网", "count": 8, "first_seen": "2026-06-01T09:05:01"}, {"name": "微博", "count": 11, "first_seen": "2026-06-09T09:36:33"}, {"name": "澎湃新闻", "count": 29, "first_seen": "2026-06-17T00:00:00"}, {"name": "知乎", "count": 26, "first_seen": "2026-06-20T11:26:13"}, {"name": "新浪新闻", "count": 22, "first_seen": "2026-07-09T10:35:35"}], "links": [{"source": "人民网", "target": "微博", "value": 11}, {"source": "微博", "target": "澎湃新闻", "value": 29}, {"source": "澎湃新闻", "target": "知乎", "value": 26}, {"source": "知乎", "target": "新浪新闻", "value": 22}]}}', '2026-07-13 23:46:56', '2026-07-13 23:46:56');
INSERT INTO event_keywords (event_id, word, weight, rank) VALUES (28, '黄金', 1.0, 0);
INSERT INTO event_keywords (event_id, word, weight, rank) VALUES (28, '美元', 0.576, 1);
INSERT INTO event_keywords (event_id, word, weight, rank) VALUES (28, '金价', 0.453, 2);
INSERT INTO event_keywords (event_id, word, weight, rank) VALUES (28, '美联储', 0.209, 3);
INSERT INTO event_keywords (event_id, word, weight, rank) VALUES (28, '亿元', 0.192, 4);
INSERT INTO event_keywords (event_id, word, weight, rank) VALUES (28, 'cdot', 0.182, 5);
INSERT INTO event_keywords (event_id, word, weight, rank) VALUES (28, '市场', 0.165, 6);
INSERT INTO event_keywords (event_id, word, weight, rank) VALUES (28, 'G', 0.165, 7);
INSERT INTO event_platforms (event_id, platform_name, ratio, rank) VALUES (28, '澎湃新闻', 0.356, 0);
INSERT INTO event_platforms (event_id, platform_name, ratio, rank) VALUES (28, '知乎', 0.193, 1);
INSERT INTO event_platforms (event_id, platform_name, ratio, rank) VALUES (28, '人民网', 0.185, 2);
INSERT INTO event_platforms (event_id, platform_name, ratio, rank) VALUES (28, '新浪新闻', 0.163, 3);
INSERT INTO event_platforms (event_id, platform_name, ratio, rank) VALUES (28, '微博', 0.104, 4);
INSERT INTO event_trend_daily (event_id, date, count, is_predicted) VALUES (28, '2026-06-01', 1, 0);
INSERT INTO event_trend_daily (event_id, date, count, is_predicted) VALUES (28, '2026-06-02', 0, 0);
INSERT INTO event_trend_daily (event_id, date, count, is_predicted) VALUES (28, '2026-06-03', 0, 0);
INSERT INTO event_trend_daily (event_id, date, count, is_predicted) VALUES (28, '2026-06-04', 0, 0);
INSERT INTO event_trend_daily (event_id, date, count, is_predicted) VALUES (28, '2026-06-05', 0, 0);
INSERT INTO event_trend_daily (event_id, date, count, is_predicted) VALUES (28, '2026-06-06', 0, 0);
INSERT INTO event_trend_daily (event_id, date, count, is_predicted) VALUES (28, '2026-06-07', 0, 0);
INSERT INTO event_trend_daily (event_id, date, count, is_predicted) VALUES (28, '2026-06-08', 0, 0);
INSERT INTO event_trend_daily (event_id, date, count, is_predicted) VALUES (28, '2026-06-09', 1, 0);
INSERT INTO event_trend_daily (event_id, date, count, is_predicted) VALUES (28, '2026-06-10', 1, 0);
INSERT INTO event_trend_daily (event_id, date, count, is_predicted) VALUES (28, '2026-06-11', 2, 0);
INSERT INTO event_trend_daily (event_id, date, count, is_predicted) VALUES (28, '2026-06-12', 0, 0);
INSERT INTO event_trend_daily (event_id, date, count, is_predicted) VALUES (28, '2026-06-13', 1, 0);
INSERT INTO event_trend_daily (event_id, date, count, is_predicted) VALUES (28, '2026-06-14', 0, 0);
INSERT INTO event_trend_daily (event_id, date, count, is_predicted) VALUES (28, '2026-06-15', 1, 0);
INSERT INTO event_trend_daily (event_id, date, count, is_predicted) VALUES (28, '2026-06-16', 0, 0);
INSERT INTO event_trend_daily (event_id, date, count, is_predicted) VALUES (28, '2026-06-17', 1, 0);
INSERT INTO event_trend_daily (event_id, date, count, is_predicted) VALUES (28, '2026-06-18', 0, 0);
INSERT INTO event_trend_daily (event_id, date, count, is_predicted) VALUES (28, '2026-06-19', 2, 0);
INSERT INTO event_trend_daily (event_id, date, count, is_predicted) VALUES (28, '2026-06-20', 3, 0);
INSERT INTO event_trend_daily (event_id, date, count, is_predicted) VALUES (28, '2026-06-21', 0, 0);
INSERT INTO event_trend_daily (event_id, date, count, is_predicted) VALUES (28, '2026-06-22', 0, 0);
INSERT INTO event_trend_daily (event_id, date, count, is_predicted) VALUES (28, '2026-06-23', 3, 0);
INSERT INTO event_trend_daily (event_id, date, count, is_predicted) VALUES (28, '2026-06-24', 4, 0);
INSERT INTO event_trend_daily (event_id, date, count, is_predicted) VALUES (28, '2026-06-25', 2, 0);
INSERT INTO event_trend_daily (event_id, date, count, is_predicted) VALUES (28, '2026-06-26', 1, 0);
INSERT INTO event_trend_daily (event_id, date, count, is_predicted) VALUES (28, '2026-06-27', 0, 0);
INSERT INTO event_trend_daily (event_id, date, count, is_predicted) VALUES (28, '2026-06-28', 0, 0);
INSERT INTO event_trend_daily (event_id, date, count, is_predicted) VALUES (28, '2026-06-29', 2, 0);
INSERT INTO event_trend_daily (event_id, date, count, is_predicted) VALUES (28, '2026-06-30', 1, 0);
INSERT INTO event_trend_daily (event_id, date, count, is_predicted) VALUES (28, '2026-07-01', 3, 0);
INSERT INTO event_trend_daily (event_id, date, count, is_predicted) VALUES (28, '2026-07-02', 7, 0);
INSERT INTO event_trend_daily (event_id, date, count, is_predicted) VALUES (28, '2026-07-03', 5, 0);
INSERT INTO event_trend_daily (event_id, date, count, is_predicted) VALUES (28, '2026-07-04', 1, 0);
INSERT INTO event_trend_daily (event_id, date, count, is_predicted) VALUES (28, '2026-07-05', 1, 0);
INSERT INTO event_trend_daily (event_id, date, count, is_predicted) VALUES (28, '2026-07-06', 2, 0);
INSERT INTO event_trend_daily (event_id, date, count, is_predicted) VALUES (28, '2026-07-07', 5, 0);
INSERT INTO event_trend_daily (event_id, date, count, is_predicted) VALUES (28, '2026-07-08', 4, 0);
INSERT INTO event_trend_daily (event_id, date, count, is_predicted) VALUES (28, '2026-07-09', 6, 0);
INSERT INTO event_trend_daily (event_id, date, count, is_predicted) VALUES (28, '2026-07-10', 5, 0);
INSERT INTO event_trend_daily (event_id, date, count, is_predicted) VALUES (28, '2026-07-11', 5, 0);
INSERT INTO event_trend_daily (event_id, date, count, is_predicted) VALUES (28, '2026-07-12', 8, 0);
INSERT INTO event_trend_daily (event_id, date, count, is_predicted) VALUES (28, '2026-07-13', 18, 0);
INSERT INTO event_trend_daily (event_id, date, count, is_predicted, predict_heat, predict_count) VALUES (28, '2026-07-14', 0, 1, 24.5, 24.5);
INSERT INTO event_trend_daily (event_id, date, count, is_predicted, predict_heat, predict_count) VALUES (28, '2026-07-15', 0, 1, 31.0, 31.0);
INSERT INTO event_trend_daily (event_id, date, count, is_predicted, predict_heat, predict_count) VALUES (28, '2026-07-16', 0, 1, 37.5, 37.5);

INSERT INTO events (event_id, title, heat, report_count, duplicate_count, time_start, time_end, event_time, risk_level, stage, confidence, prob_latent, prob_growth, prob_peak, prob_decline, analysis, positive, neutral, negative, sources, summary, location, cause, people, authenticity, propagation, created_at, updated_at) VALUES (29, '#V+粉丝订阅# #美联储要加息，恐慌席卷全球市场，更猛烈的风暴要来了？# 【制度信誉至关重要】这是', 13.226, 14, 0, '2026-07-11 12:00:00', '2026-07-13 20:39:29', '2026-07-13 12:00:00', 'mid', 'growth', 0.9, 0.05, 0.9, 0.05, 0.0, '当前事件报道数量持续增加，公众关注度快速提升，处于成长期。', 0.769, 0.192, 0.038, '["微博", "新浪新闻"]', '就在一周前金价曾在3942.10美元形成收盘反转低点，但抄底做多的反向趋势交易者并没有借此获利。一旦金价跌破3942.10美元，本次潜在看涨反转形态宣告失效，下跌趋势将重启。原本地缘冲突理应提振黄金避险买盘，现在却利好打压金价的美元和美债，足以说明现阶段降息预期完全主导黄金市场走势。', '美国、中东、霍尔木兹海峡', '#V+粉丝订阅# #美联储要加息，恐慌席卷全球市场，更猛烈的风暴要来了。', '["高盛"]', '{"credibility_score": 0.379, "official_ratio": 0.071, "verified_ratio": 0.857, "plain_user_ratio": 0.143, "verification_dist": {"认证个人": 0.5, "头部认证个人": 0.286, "普通用户": 0.143, "官方平台": 0.071}, "factors": ["official_absent"]}', '{"key_nodes": [{"role": "传播高峰", "author": "宋鸿兵", "platform": "微博", "verification_type": "认证个人", "publish_time": "2026-07-11T12:00:00", "influence": 19.9, "title": "#V+粉丝订阅# #美联储要加息，恐慌席卷全球市场，更猛烈的风暴要来了？# 【制"}, {"role": "首次大V发声", "author": "Hydrocracking大地采集者", "platform": "微博", "verification_type": "头部认证个人", "publish_time": "2026-07-13T15:12:00", "influence": 1.2, "title": "#金价# 黄金跌破4050美元，跌超1.6%——这回不是中东炮火吓的，而是美国通"}, {"role": "首次官方媒体介入", "author": "实时速报", "platform": "新浪新闻", "verification_type": "官方平台", "publish_time": "2026-07-13T20:06:20", "influence": 0.0, "title": "金价走势取决于CPI数据、沃什表态以及霍尔木兹海峡地缘风险"}, {"role": "初始爆料", "author": "华尔街之犬-老狼", "platform": "微博", "verification_type": "普通用户", "publish_time": "2026-07-13T20:21:01", "influence": 0.0, "title": "中东冲突推高油价，引发通胀担忧，美联储9月加息概率飙升，美元强势直接压制了黄金。"}], "top_influencers": [{"author": "宋鸿兵", "platform": "微博", "verification_type": "认证个人", "publish_time": "2026-07-11T12:00:00", "influence": 19.9, "repost_count": 5, "like_count": 48, "comment_count": 1, "title": "#V+粉丝订阅# #美联储要加息，恐慌席卷全球市场，更猛烈的风暴要来了？# 【制"}, {"author": "杨易-开拓者", "platform": "微博", "verification_type": "头部认证个人", "publish_time": "2026-07-13T20:04:35", "influence": 13.2, "repost_count": 0, "like_count": 44, "comment_count": 0, "title": "今日属于CPI数据落地前的踩踏杭晴。明日将公布美6月CPI核心通胀数据，这也是7"}, {"author": "芸姐-芸观金市", "platform": "微博", "verification_type": "认证个人", "publish_time": "2026-07-13T20:29:26", "influence": 7.8, "repost_count": 4, "like_count": 11, "comment_count": 1, "title": "霍尔木兹海峡陷入通行对峙，原油上涨 本周不平静！周末美伊冲突再次升级、霍尔木兹海"}, {"author": "昊哥带你飞翔", "platform": "微博", "verification_type": "头部认证个人", "publish_time": "2026-07-13T19:08:20", "influence": 2.0, "repost_count": 0, "like_count": 5, "comment_count": 1, "title": "本周市场将迎来两大关键变量： 一是7月14日公布的美国6月CPI数据，若通胀超预"}, {"author": "Hydrocracking大地采集者", "platform": "微博", "verification_type": "头部认证个人", "publish_time": "2026-07-13T15:12:00", "influence": 1.2, "repost_count": 0, "like_count": 4, "comment_count": 0, "title": "#金价# 黄金跌破4050美元，跌超1.6%——这回不是中东炮火吓的，而是美国通"}], "platform_chain": {"nodes": [{"name": "微博", "count": 13, "first_seen": "2026-07-11T12:00:00"}, {"name": "新浪新闻", "count": 1, "first_seen": "2026-07-13T20:06:20"}], "links": [{"source": "微博", "target": "新浪新闻", "value": 1}]}}', '2026-07-13 23:46:56', '2026-07-13 23:46:56');
INSERT INTO event_keywords (event_id, word, weight, rank) VALUES (29, '美元', 1.0, 0);
INSERT INTO event_keywords (event_id, word, weight, rank) VALUES (29, '金价', 0.647, 1);
INSERT INTO event_keywords (event_id, word, weight, rank) VALUES (29, '预期', 0.604, 2);
INSERT INTO event_keywords (event_id, word, weight, rank) VALUES (29, '黄金', 0.595, 3);
INSERT INTO event_keywords (event_id, word, weight, rank) VALUES (29, '趋势', 0.559, 4);
INSERT INTO event_keywords (event_id, word, weight, rank) VALUES (29, '降息', 0.553, 5);
INSERT INTO event_keywords (event_id, word, weight, rank) VALUES (29, '沃什', 0.42, 6);
INSERT INTO event_keywords (event_id, word, weight, rank) VALUES (29, '3942.10', 0.399, 7);
INSERT INTO event_platforms (event_id, platform_name, ratio, rank) VALUES (29, '微博', 0.929, 0);
INSERT INTO event_platforms (event_id, platform_name, ratio, rank) VALUES (29, '新浪新闻', 0.071, 1);
INSERT INTO event_trend_daily (event_id, date, count, is_predicted) VALUES (29, '2026-07-11', 1, 0);
INSERT INTO event_trend_daily (event_id, date, count, is_predicted) VALUES (29, '2026-07-12', 0, 0);
INSERT INTO event_trend_daily (event_id, date, count, is_predicted) VALUES (29, '2026-07-13', 13, 0);
INSERT INTO event_trend_daily (event_id, date, count, is_predicted, predict_heat, predict_count) VALUES (29, '2026-07-14', 0, 1, 19.0, 19.0);
INSERT INTO event_trend_daily (event_id, date, count, is_predicted, predict_heat, predict_count) VALUES (29, '2026-07-15', 0, 1, 25.0, 25.0);
INSERT INTO event_trend_daily (event_id, date, count, is_predicted, predict_heat, predict_count) VALUES (29, '2026-07-16', 0, 1, 31.0, 31.0);

INSERT INTO events (event_id, title, heat, report_count, duplicate_count, time_start, time_end, event_time, risk_level, stage, confidence, prob_latent, prob_growth, prob_peak, prob_decline, analysis, positive, neutral, negative, sources, summary, location, cause, people, authenticity, propagation, created_at, updated_at) VALUES (30, '海力士上市首日是涨的，涨了一成多 目前情况是扑朔迷离的 好消息坏消息不断传出来 势如破竹的上涨没有了', 10.921, 13, 0, '2026-07-12 17:58:47', '2026-07-13 20:39:18', '2026-07-13 12:00:00', 'mid', 'growth', 0.9, 0.05, 0.9, 0.05, 0.0, '当前事件报道数量持续增加，公众关注度快速提升，处于成长期。', 0.5, 0.5, 0.0, '["微博"]', '老婆非要给我买，没办法了啊[yeah][yeah] #黄金原油首席分析导师-冯生##黄金##金价#。#美元##黄金##原油# 今日（7月13日）股市黄金美元原油等行情点评，美伊局势陷入困境，美元黄金。#美元##黄金##原油# 今日（7月13日）股市黄金美元原油等行情点评，美伊局势陷入困境，美元黄金双双震荡，晚间短线操作如何应对。', '美伊、中东、上市', '海力士上市首日是涨的，涨了一成多 目前情况是扑朔迷离的 好消息坏消息不断传出来 势如破竹的上涨没有了。', '["冯生", "欧佩克", "王生"]', '{"credibility_score": 0.3, "official_ratio": 0.0, "verified_ratio": 0.692, "plain_user_ratio": 0.308, "verification_dist": {"认证个人": 0.385, "头部认证个人": 0.308, "普通用户": 0.308}, "factors": ["official_absent"]}', '{"key_nodes": [{"role": "首次大V发声", "author": "东方红一笑而过", "platform": "微博", "verification_type": "头部认证个人", "publish_time": "2026-07-12T17:58:47.000001", "influence": 4.2, "title": "海力士上市首日是涨的，涨了一成多 目前情况是扑朔迷离的 好消息坏消息不断传出来 "}, {"role": "初始爆料", "author": "黄金原油首席导师-冯生", "platform": "微博", "verification_type": "普通用户", "publish_time": "2026-07-12T23:21:48", "influence": 0.0, "title": "老婆非要给我买，没办法了啊[yeah][yeah] #黄金原油首席分析导师-冯生"}], "top_influencers": [{"author": "东方红一笑而过", "platform": "微博", "verification_type": "头部认证个人", "publish_time": "2026-07-12T17:58:47.000001", "influence": 4.2, "repost_count": 0, "like_count": 14, "comment_count": 0, "title": "海力士上市首日是涨的，涨了一成多 目前情况是扑朔迷离的 好消息坏消息不断传出来 "}, {"author": "铲哥有铲_777", "platform": "微博", "verification_type": "头部认证个人", "publish_time": "2026-07-12T19:09:33.999999", "influence": 3.4, "repost_count": 1, "like_count": 8, "comment_count": 0, "title": "#今日看盘[超话]#🤡🤡#商业航天# 🤡🤡#航天# 霍尔木兹海峡临时封航，周一A"}, {"author": "张公子-取金之路", "platform": "微博", "verification_type": "头部认证个人", "publish_time": "2026-07-12T20:30:35", "influence": 1.6, "repost_count": 1, "like_count": 2, "comment_count": 0, "title": "#黄金[超话]##金价##美伊再度大打出手# 10w这一 箪 介于我对美伊局势的"}, {"author": "黄金原油喊单王-老谢", "platform": "微博", "verification_type": "普通用户", "publish_time": "2026-07-13T18:37:33.999999", "influence": 0.9, "repost_count": 0, "like_count": 3, "comment_count": 0, "title": "【今日重点关注的财经数据与事件：2026年7月13日 周一】 ① 待定 欧佩克公"}, {"author": "Cs丶李鸿彬", "platform": "微博", "verification_type": "认证个人", "publish_time": "2026-07-13T18:54:04", "influence": 0.3, "repost_count": 0, "like_count": 1, "comment_count": 0, "title": "黄金维持弱势震荡，多头伺机而动#现货黄金# #黄金[超话]# #黄金##黄金价格"}], "platform_chain": {"nodes": [{"name": "微博", "count": 13, "first_seen": "2026-07-12T17:58:47.000001"}], "links": []}}', '2026-07-13 23:46:56', '2026-07-13 23:46:56');
INSERT INTO event_keywords (event_id, word, weight, rank) VALUES (30, '黄金', 1.0, 0);
INSERT INTO event_keywords (event_id, word, weight, rank) VALUES (30, '原油', 0.259, 1);
INSERT INTO event_keywords (event_id, word, weight, rank) VALUES (30, '持续', 0.232, 2);
INSERT INTO event_keywords (event_id, word, weight, rank) VALUES (30, '美伊', 0.222, 3);
INSERT INTO event_keywords (event_id, word, weight, rank) VALUES (30, '美元', 0.222, 4);
INSERT INTO event_keywords (event_id, word, weight, rank) VALUES (30, '航天', 0.215, 5);
INSERT INTO event_keywords (event_id, word, weight, rank) VALUES (30, '底部', 0.215, 6);
INSERT INTO event_keywords (event_id, word, weight, rank) VALUES (30, 'yeah', 0.215, 7);
INSERT INTO event_platforms (event_id, platform_name, ratio, rank) VALUES (30, '微博', 1.0, 0);
INSERT INTO event_trend_daily (event_id, date, count, is_predicted) VALUES (30, '2026-07-12', 5, 0);
INSERT INTO event_trend_daily (event_id, date, count, is_predicted) VALUES (30, '2026-07-13', 8, 0);
INSERT INTO event_trend_daily (event_id, date, count, is_predicted, predict_heat, predict_count) VALUES (30, '2026-07-14', 0, 1, 11.0, 11.0);
INSERT INTO event_trend_daily (event_id, date, count, is_predicted, predict_heat, predict_count) VALUES (30, '2026-07-15', 0, 1, 14.0, 14.0);
INSERT INTO event_trend_daily (event_id, date, count, is_predicted, predict_heat, predict_count) VALUES (30, '2026-07-16', 0, 1, 17.0, 17.0);

INSERT INTO events (event_id, title, heat, report_count, duplicate_count, time_start, time_end, event_time, risk_level, stage, confidence, prob_latent, prob_growth, prob_peak, prob_decline, analysis, positive, neutral, negative, sources, summary, location, cause, people, authenticity, propagation, created_at, updated_at) VALUES (31, '香港加速角逐亚洲黄金枢纽', 10.44, 42, 19, '2026-06-30 11:33:33', '2026-07-13 19:56:00', '2026-07-10 12:00:00', 'mid', 'decline', 0.9, 0.0, 0.0, 0.1, 0.9, '当前事件报道数量持续下降，公众关注度减弱，处于衰退期。', 0.583, 0.243, 0.175, '["微博", "新浪新闻", "知乎"]', '完整的反向避险传导链：地缘冲突（美以轰炸伊朗） ↓ 霍尔木兹海峡受威胁 WTI原油六日暴涨26%（82→108美元） ↓ 能源价格飙升 美国CPI反弹 → 通胀预期失控 ↓ 美联储被迫鹰派 10年期美债收益率3.8%→4.55% 实际利率由负转正 ↓ 持有黄金机会成本飙升 金价5,423→3,991美元（-26%）黄金被「截胡」了。美联储的降息、维持利率不变、加息，向来都是一个周期，从来没有过回头的，不是上个月时间是降息下个月突然跳到加息，也不是加息期间突然发个公告说要降息了一个完整的标准美元潮汐周期就是加息→维持利率不变→降息→维持利率不变→回到加息→维持利率不变→回到降息一堆说什么黄金做长期投资的，问问美元潮汐在价值投资中起什么作用都不知道，简直滑天下之大稽黄金从什么时候开始涨的。（数据来源 世界黄金协会）二、推动金价的具体因素从具体推动黄金价格因素看，主要包括实际利率、美元强弱与美元信用、通胀预期、债务压力、地缘冲突，以及央行储备结构的变化。', '美伊、中东、美国', '央行最清楚黄金的估值……跟着就对了……。', '["布雷顿", "白银", "高盛"]', '{"credibility_score": 0.216, "official_ratio": 0.095, "verified_ratio": 0.31, "plain_user_ratio": 0.69, "verification_dist": {"普通用户": 0.69, "认证个人": 0.167, "官方平台": 0.095, "头部认证个人": 0.048}, "factors": ["official_absent", "high_duplicate_rate"]}', '{"key_nodes": [{"role": "初始爆料", "author": "1805", "platform": "知乎", "verification_type": "普通用户", "publish_time": "2026-06-30T11:33:33.000001", "influence": 0.0, "title": "央行最清楚黄金的估值……跟着就对了……"}, {"role": "首次大V发声", "author": "TopView", "platform": "知乎", "verification_type": "头部认证个人", "publish_time": "2026-07-09T22:13:04", "influence": 174.2, "title": "2026年7月8日，伦敦金现收在4047美元。今年1月29号，它最高摸到过558"}, {"role": "首次官方媒体介入", "author": "中国新闻网", "platform": "新浪新闻", "verification_type": "官方平台", "publish_time": "2026-07-12T14:35:22", "influence": 0.0, "title": "香港加速角逐亚洲黄金枢纽"}], "top_influencers": [{"author": "TopView", "platform": "知乎", "verification_type": "头部认证个人", "publish_time": "2026-07-09T22:13:04", "influence": 174.2, "repost_count": 0, "like_count": 474, "comment_count": 64, "title": "2026年7月8日，伦敦金现收在4047美元。今年1月29号，它最高摸到过558"}, {"author": "波浪理论学习", "platform": "微博", "verification_type": "认证个人", "publish_time": "2026-07-10T12:02:38", "influence": 93.0, "repost_count": 1, "like_count": 225, "comment_count": 49, "title": "#黄金##XAU# 这次上涨是第一部分，随后的下跌是第二部分，调整还在进行，不是"}, {"author": "随便什么名字", "platform": "知乎", "verification_type": "普通用户", "publish_time": "2026-07-05T02:48:10", "influence": 76.1, "repost_count": 0, "like_count": 127, "comment_count": 76, "title": "连美联储的美元潮汐周期都不知道，就敢过来玩黄金？还好意思说什么中长线，价值投资？"}, {"author": "随便什么名字", "platform": "知乎", "verification_type": "普通用户", "publish_time": "2026-07-05T02:37:47", "influence": 71.7, "repost_count": 0, "like_count": 99, "comment_count": 84, "title": "连美联储的美元潮汐周期都不知道，就敢过来玩黄金？还好意思说什么中长线，价值投资？"}, {"author": "任泽平", "platform": "微博", "verification_type": "认证个人", "publish_time": "2026-07-13T11:45:22", "influence": 52.6, "repost_count": 18, "like_count": 67, "comment_count": 29, "title": "黄金为什么大跌？未来还能不能买？ 6月26日，国际金价跌到4000美元/盎司左右"}], "platform_chain": {"nodes": [{"name": "知乎", "count": 33, "first_seen": "2026-06-30T11:33:33.000001"}, {"name": "微博", "count": 5, "first_seen": "2026-07-10T12:02:38"}, {"name": "新浪新闻", "count": 4, "first_seen": "2026-07-12T14:35:22"}], "links": [{"source": "知乎", "target": "微博", "value": 5}, {"source": "微博", "target": "新浪新闻", "value": 4}]}}', '2026-07-13 23:46:56', '2026-07-13 23:46:56');
INSERT INTO event_keywords (event_id, word, weight, rank) VALUES (31, '黄金', 1.0, 0);
INSERT INTO event_keywords (event_id, word, weight, rank) VALUES (31, '央行', 0.274, 1);
INSERT INTO event_keywords (event_id, word, weight, rank) VALUES (31, '加息', 0.195, 2);
INSERT INTO event_keywords (event_id, word, weight, rank) VALUES (31, '美元', 0.179, 3);
INSERT INTO event_keywords (event_id, word, weight, rank) VALUES (31, '利率', 0.163, 4);
INSERT INTO event_keywords (event_id, word, weight, rank) VALUES (31, '金价', 0.159, 5);
INSERT INTO event_keywords (event_id, word, weight, rank) VALUES (31, '冲突', 0.147, 6);
INSERT INTO event_keywords (event_id, word, weight, rank) VALUES (31, '维持', 0.139, 7);
INSERT INTO event_platforms (event_id, platform_name, ratio, rank) VALUES (31, '知乎', 0.786, 0);
INSERT INTO event_platforms (event_id, platform_name, ratio, rank) VALUES (31, '微博', 0.119, 1);
INSERT INTO event_platforms (event_id, platform_name, ratio, rank) VALUES (31, '新浪新闻', 0.095, 2);
INSERT INTO event_trend_daily (event_id, date, count, is_predicted) VALUES (31, '2026-06-30', 1, 0);
INSERT INTO event_trend_daily (event_id, date, count, is_predicted) VALUES (31, '2026-07-01', 0, 0);
INSERT INTO event_trend_daily (event_id, date, count, is_predicted) VALUES (31, '2026-07-02', 1, 0);
INSERT INTO event_trend_daily (event_id, date, count, is_predicted) VALUES (31, '2026-07-03', 1, 0);
INSERT INTO event_trend_daily (event_id, date, count, is_predicted) VALUES (31, '2026-07-04', 3, 0);
INSERT INTO event_trend_daily (event_id, date, count, is_predicted) VALUES (31, '2026-07-05', 2, 0);
INSERT INTO event_trend_daily (event_id, date, count, is_predicted) VALUES (31, '2026-07-06', 1, 0);
INSERT INTO event_trend_daily (event_id, date, count, is_predicted) VALUES (31, '2026-07-07', 4, 0);
INSERT INTO event_trend_daily (event_id, date, count, is_predicted) VALUES (31, '2026-07-08', 4, 0);
INSERT INTO event_trend_daily (event_id, date, count, is_predicted) VALUES (31, '2026-07-09', 3, 0);
INSERT INTO event_trend_daily (event_id, date, count, is_predicted) VALUES (31, '2026-07-10', 8, 0);
INSERT INTO event_trend_daily (event_id, date, count, is_predicted) VALUES (31, '2026-07-11', 3, 0);
INSERT INTO event_trend_daily (event_id, date, count, is_predicted) VALUES (31, '2026-07-12', 5, 0);
INSERT INTO event_trend_daily (event_id, date, count, is_predicted) VALUES (31, '2026-07-13', 6, 0);
INSERT INTO event_trend_daily (event_id, date, count, is_predicted, predict_heat, predict_count) VALUES (31, '2026-07-14', 0, 1, 7.5, 7.5);
INSERT INTO event_trend_daily (event_id, date, count, is_predicted, predict_heat, predict_count) VALUES (31, '2026-07-15', 0, 1, 9.0, 9.0);
INSERT INTO event_trend_daily (event_id, date, count, is_predicted, predict_heat, predict_count) VALUES (31, '2026-07-16', 0, 1, 10.5, 10.5);

INSERT INTO events (event_id, title, heat, report_count, duplicate_count, time_start, time_end, event_time, risk_level, stage, confidence, prob_latent, prob_growth, prob_peak, prob_decline, analysis, positive, neutral, negative, sources, summary, location, cause, people, authenticity, propagation, created_at, updated_at) VALUES (32, '发布了头条文章：《秦钰恒：黄金陷入“谈谈打打”困局！4460-4520震荡磨底》 #黄金# #金价#', 7.782, 42, 15, '2026-06-02 11:02:58', '2026-07-13 16:59:35', '2026-07-10 12:00:00', 'mid', 'decline', 0.9, 0.0, 0.0, 0.1, 0.9, '当前事件报道数量持续下降，公众关注度减弱，处于衰退期。', 0.562, 0.314, 0.124, '["微博", "知乎"]', '给出 伦敦铝 黄金 伦敦锡 白银的近期规划（更快更详细的规划请参阅我们的每日更新的专栏文章的内容）：1】伦敦铝：6月27号：伦敦铝继续下跌，盘面很弱势，但这个位置不宜过度追空伦敦铝，一方面技术面的乖离过大，很容易反弹，另外原油本身也是被强行压制的，这取决于帝国自己的能力，但原油反弹的压力毕竟还是存在的。接下来得黄金能不能再回到四位数，重新回到一千块钱得一个上方，有人说啊：7月份的黄金极有可能掉到八百块钱附近，吓的很多人都不知道手里面的黄金到底是继续的留着还是说先逃离，等价格跌到八百块钱左右然后再去进场...这一次黄金价格上涨是因为非农就业数据推动了短期的一个反弹，这也是连续三个月下跌之后市场希望看到的，连续三个月的阴跌行情几次击穿了4000美金，让市场看不到一点点的希望，白银的价格已经面临着腰斩。买了请拿稳仓位啊，这图看一遍，稍后我们A股那篇再详细讲：给出 黄金 伦敦铜 有色金属 白银的近期规划（更快更详细的规划请参阅我们的每日更新的专栏文章的内容）：1】黄金：7月3号：黄金如期走高，且盘面相对稳定，渐渐符合我们规划的达到“周K”的“小窗口”反弹波的规模，且量能不大。', '美伊、美国、东八区', '油小跌，气小涨，黄金白银震荡，其它基本都是震荡。', '["布伦特", "黄金周", "孙子", "秦钰恒", "段时间"]', '{"credibility_score": 0.202, "official_ratio": 0.0, "verified_ratio": 0.405, "plain_user_ratio": 0.595, "verification_dist": {"普通用户": 0.595, "认证个人": 0.214, "头部认证个人": 0.19}, "factors": ["official_absent"]}', '{"key_nodes": [{"role": "初始爆料", "author": "alex01", "platform": "知乎", "verification_type": "普通用户", "publish_time": "2026-07-02T16:20:11", "influence": 42.2, "title": "先说加息，昨天的Fed美联储主席的话说明：Fed美联储距离端出大动作还早得很，因"}, {"role": "首次大V发声", "author": "金浪逐峰", "platform": "微博", "verification_type": "头部认证个人", "publish_time": "2026-07-04T22:51:56", "influence": 9.6, "title": "非农爆冷迎地缘大考，黄金周一怎么走？ 本周宏观日程罕见错位，美国6月非农提前至7"}, {"role": "传播高峰", "author": "山人I", "platform": "微博", "verification_type": "认证个人", "publish_time": "2026-07-13T07:51:06.999999", "influence": 190.5, "title": "石油大涨，纳指跌，黄金白银跌。 估计今天大盘指数不乐观。"}], "top_influencers": [{"author": "山人I", "platform": "微博", "verification_type": "认证个人", "publish_time": "2026-07-13T07:51:06.999999", "influence": 190.5, "repost_count": 1, "like_count": 570, "comment_count": 37, "title": "石油大涨，纳指跌，黄金白银跌。 估计今天大盘指数不乐观。"}, {"author": "环中星鉴", "platform": "知乎", "verification_type": "普通用户", "publish_time": "2026-07-03T13:32:08", "influence": 138.7, "repost_count": 0, "like_count": 354, "comment_count": 65, "title": "我一直在监测的几个构成黄金反弹的条件，昨天全都激活了，所以昨天的文章已经预告过，"}, {"author": "派大星皮皮", "platform": "知乎", "verification_type": "认证个人", "publish_time": "2026-07-03T17:32:15", "influence": 122.2, "repost_count": 0, "like_count": 214, "comment_count": 116, "title": "涨了看涨、跌了看跌，两头都有理由？那独立思考的意义又如何体现！关于加息以及对黄金"}, {"author": "秦钰恒", "platform": "微博", "verification_type": "认证个人", "publish_time": "2026-06-02T11:02:58", "influence": 76.1, "repost_count": 2, "like_count": 102, "comment_count": 87, "title": "发布了头条文章：《秦钰恒：黄金陷入“谈谈打打”困局！4460-4520震荡磨底》"}, {"author": "alex01", "platform": "知乎", "verification_type": "普通用户", "publish_time": "2026-07-10T16:50:38.999999", "influence": 76.0, "repost_count": 0, "like_count": 65, "comment_count": 113, "title": "今天的黄金 白银市场小幅震荡，震荡小幅，让人昏昏欲睡，连黄鼠狼都闷不出个屁出来."}], "platform_chain": {"nodes": [{"name": "微博", "count": 14, "first_seen": "2026-06-02T11:02:58"}, {"name": "知乎", "count": 27, "first_seen": "2026-07-02T16:20:11"}], "links": [{"source": "微博", "target": "知乎", "value": 27}]}}', '2026-07-13 23:46:56', '2026-07-13 23:46:56');
INSERT INTO event_keywords (event_id, word, weight, rank) VALUES (32, '白银', 1.0, 0);
INSERT INTO event_keywords (event_id, word, weight, rank) VALUES (32, '黄金', 0.719, 1);
INSERT INTO event_keywords (event_id, word, weight, rank) VALUES (32, '规划', 0.575, 2);
INSERT INTO event_keywords (event_id, word, weight, rank) VALUES (32, '帝国', 0.469, 3);
INSERT INTO event_keywords (event_id, word, weight, rank) VALUES (32, '反弹', 0.311, 4);
INSERT INTO event_keywords (event_id, word, weight, rank) VALUES (32, 'A股', 0.248, 5);
INSERT INTO event_keywords (event_id, word, weight, rank) VALUES (32, '可能', 0.238, 6);
INSERT INTO event_keywords (event_id, word, weight, rank) VALUES (32, '数据', 0.23, 7);
INSERT INTO event_platforms (event_id, platform_name, ratio, rank) VALUES (32, '知乎', 0.643, 0);
INSERT INTO event_platforms (event_id, platform_name, ratio, rank) VALUES (32, '微博', 0.357, 1);
INSERT INTO event_trend_daily (event_id, date, count, is_predicted) VALUES (32, '2026-06-02', 1, 0);
INSERT INTO event_trend_daily (event_id, date, count, is_predicted) VALUES (32, '2026-06-03', 0, 0);
INSERT INTO event_trend_daily (event_id, date, count, is_predicted) VALUES (32, '2026-06-04', 0, 0);
INSERT INTO event_trend_daily (event_id, date, count, is_predicted) VALUES (32, '2026-06-05', 0, 0);
INSERT INTO event_trend_daily (event_id, date, count, is_predicted) VALUES (32, '2026-06-06', 0, 0);
INSERT INTO event_trend_daily (event_id, date, count, is_predicted) VALUES (32, '2026-06-07', 0, 0);
INSERT INTO event_trend_daily (event_id, date, count, is_predicted) VALUES (32, '2026-06-08', 0, 0);
INSERT INTO event_trend_daily (event_id, date, count, is_predicted) VALUES (32, '2026-06-09', 0, 0);
INSERT INTO event_trend_daily (event_id, date, count, is_predicted) VALUES (32, '2026-06-10', 0, 0);
INSERT INTO event_trend_daily (event_id, date, count, is_predicted) VALUES (32, '2026-06-11', 0, 0);
INSERT INTO event_trend_daily (event_id, date, count, is_predicted) VALUES (32, '2026-06-12', 0, 0);
INSERT INTO event_trend_daily (event_id, date, count, is_predicted) VALUES (32, '2026-06-13', 0, 0);
INSERT INTO event_trend_daily (event_id, date, count, is_predicted) VALUES (32, '2026-06-14', 0, 0);
INSERT INTO event_trend_daily (event_id, date, count, is_predicted) VALUES (32, '2026-06-15', 0, 0);
INSERT INTO event_trend_daily (event_id, date, count, is_predicted) VALUES (32, '2026-06-16', 0, 0);
INSERT INTO event_trend_daily (event_id, date, count, is_predicted) VALUES (32, '2026-06-17', 0, 0);
INSERT INTO event_trend_daily (event_id, date, count, is_predicted) VALUES (32, '2026-06-18', 0, 0);
INSERT INTO event_trend_daily (event_id, date, count, is_predicted) VALUES (32, '2026-06-19', 0, 0);
INSERT INTO event_trend_daily (event_id, date, count, is_predicted) VALUES (32, '2026-06-20', 0, 0);
INSERT INTO event_trend_daily (event_id, date, count, is_predicted) VALUES (32, '2026-06-21', 0, 0);
INSERT INTO event_trend_daily (event_id, date, count, is_predicted) VALUES (32, '2026-06-22', 0, 0);
INSERT INTO event_trend_daily (event_id, date, count, is_predicted) VALUES (32, '2026-06-23', 0, 0);
INSERT INTO event_trend_daily (event_id, date, count, is_predicted) VALUES (32, '2026-06-24', 0, 0);
INSERT INTO event_trend_daily (event_id, date, count, is_predicted) VALUES (32, '2026-06-25', 0, 0);
INSERT INTO event_trend_daily (event_id, date, count, is_predicted) VALUES (32, '2026-06-26', 0, 0);
INSERT INTO event_trend_daily (event_id, date, count, is_predicted) VALUES (32, '2026-06-27', 0, 0);
INSERT INTO event_trend_daily (event_id, date, count, is_predicted) VALUES (32, '2026-06-28', 0, 0);
INSERT INTO event_trend_daily (event_id, date, count, is_predicted) VALUES (32, '2026-06-29', 0, 0);
INSERT INTO event_trend_daily (event_id, date, count, is_predicted) VALUES (32, '2026-06-30', 0, 0);
INSERT INTO event_trend_daily (event_id, date, count, is_predicted) VALUES (32, '2026-07-01', 0, 0);
INSERT INTO event_trend_daily (event_id, date, count, is_predicted) VALUES (32, '2026-07-02', 1, 0);
INSERT INTO event_trend_daily (event_id, date, count, is_predicted) VALUES (32, '2026-07-03', 6, 0);
INSERT INTO event_trend_daily (event_id, date, count, is_predicted) VALUES (32, '2026-07-04', 3, 0);
INSERT INTO event_trend_daily (event_id, date, count, is_predicted) VALUES (32, '2026-07-05', 2, 0);
INSERT INTO event_trend_daily (event_id, date, count, is_predicted) VALUES (32, '2026-07-06', 2, 0);
INSERT INTO event_trend_daily (event_id, date, count, is_predicted) VALUES (32, '2026-07-07', 1, 0);
INSERT INTO event_trend_daily (event_id, date, count, is_predicted) VALUES (32, '2026-07-08', 5, 0);
INSERT INTO event_trend_daily (event_id, date, count, is_predicted) VALUES (32, '2026-07-09', 1, 0);
INSERT INTO event_trend_daily (event_id, date, count, is_predicted) VALUES (32, '2026-07-10', 8, 0);
INSERT INTO event_trend_daily (event_id, date, count, is_predicted) VALUES (32, '2026-07-11', 2, 0);
INSERT INTO event_trend_daily (event_id, date, count, is_predicted) VALUES (32, '2026-07-12', 5, 0);
INSERT INTO event_trend_daily (event_id, date, count, is_predicted) VALUES (32, '2026-07-13', 4, 0);
INSERT INTO event_trend_daily (event_id, date, count, is_predicted, predict_heat, predict_count) VALUES (32, '2026-07-14', 0, 1, 5.0, 5.0);
INSERT INTO event_trend_daily (event_id, date, count, is_predicted, predict_heat, predict_count) VALUES (32, '2026-07-15', 0, 1, 6.0, 6.0);
INSERT INTO event_trend_daily (event_id, date, count, is_predicted, predict_heat, predict_count) VALUES (32, '2026-07-16', 0, 1, 7.0, 7.0);

INSERT INTO events (event_id, title, heat, report_count, duplicate_count, time_start, time_end, event_time, risk_level, stage, confidence, prob_latent, prob_growth, prob_peak, prob_decline, analysis, positive, neutral, negative, sources, summary, location, cause, people, authenticity, propagation, created_at, updated_at) VALUES (33, '这轮金价还在向下砸！何为底？你觉得呢？', 5.308, 16, 2, '2026-07-09 07:09:41', '2026-07-13 17:18:09', '2026-07-10 12:00:00', 'mid', 'decline', 0.9, 0.0, 0.0, 0.1, 0.9, '当前事件报道数量持续下降，公众关注度减弱，处于衰退期。', 0.5, 0.208, 0.292, '["微博", "新浪新闻", "知乎"]', '#金价暴跌普通人现在还能抄底买金吗# 最近，国际黄金价格一度跌破4000美元/盎司，年内最大跌幅已经。以下是各大品牌金店详细报价：今日金店黄金价格一览（2026年7月9日）金店报价今日金价单位变动幅度涨跌梦金园黄金价格1242元/克10跌老庙黄金价格1246元/克4跌六福珠宝价格1240元/克10跌周大福黄金价格1242元/克10跌周六福黄金价格1237元/克10跌金至尊黄金价格1240元/克10跌老凤祥黄金价格1246元/克8跌潮宏基黄金价格1242元/克10跌周生生黄金价格1240元/克9跌菜百黄金价格1232元/克10跌中国黄金价格888.8元/克13.2跌周大生黄金价格1242元/克10跌今日黄金价格保持下跌，黄金回收价格同样，考虑到不同品牌回收价差也较大，以下为部分金店回收参考价：今日金店黄金回收价格一览（2026年7月9日）回收报价今日金价单位黄金878.70元/克周生生黄金861.00元/克周大福黄金861.00元/克老凤祥黄金901.70元/克再简单说一下铂金饰品价格，还是以周生生为例，今日铂金饰品价格下跌13元/克，报624元/克。黄金实时行情动态2026年7月11日黄金价格涨跌行情最新消息：今日金价下跌，现货黄金盘中一度跌至4072.8美元，美伊冲突升级推高油价，重新点燃市场对通胀及利率长期高企的担忧，美元指数走高，令黄金承压下跌，不过技术性买盘及避险需求仍为金价上涨提供支撑，黄金守住4100美元关口。', '深圳、美国、青岛', '这轮金价还在向下砸。', '["周生生", "周大福", "白银"]', '{"credibility_score": 0.52, "official_ratio": 0.312, "verified_ratio": 0.688, "plain_user_ratio": 0.312, "verification_dist": {"官方平台": 0.312, "普通用户": 0.312, "认证个人": 0.125, "认证机构": 0.125, "头部认证个人": 0.125}, "factors": ["well_sourced"]}', '{"key_nodes": [{"role": "首次官方媒体介入", "author": "星辰失控者", "platform": "新浪新闻", "verification_type": "官方平台", "publish_time": "2026-07-09T07:09:41", "influence": 0.0, "title": "这轮金价还在向下砸！何为底？你觉得呢？"}, {"role": "初始爆料", "author": "金投网", "platform": "知乎", "verification_type": "普通用户", "publish_time": "2026-07-09T15:43:38", "influence": 0.3, "title": "金价三连跌！7月9日国内品牌金店金价跌幅继续扩大 - 知乎"}, {"role": "首次大V发声", "author": "三联生活周刊", "platform": "微博", "verification_type": "认证机构", "publish_time": "2026-07-10T12:52:51", "influence": 82.0, "title": "#金价暴跌普通人现在还能抄底买金吗# 最近，国际黄金价格一度跌破4000美元/盎"}, {"role": "传播高峰", "author": "heIp", "platform": "微博", "verification_type": "认证个人", "publish_time": "2026-07-10T17:32:31", "influence": 98.4, "title": "最近金价回落，网上有一个很火的说法： 黄金的涨跌，根本就不是为了让你发财的。 普"}], "top_influencers": [{"author": "heIp", "platform": "微博", "verification_type": "认证个人", "publish_time": "2026-07-10T17:32:31", "influence": 98.4, "repost_count": 38, "like_count": 183, "comment_count": 11, "title": "最近金价回落，网上有一个很火的说法： 黄金的涨跌，根本就不是为了让你发财的。 普"}, {"author": "三联生活周刊", "platform": "微博", "verification_type": "认证机构", "publish_time": "2026-07-10T12:52:51", "influence": 82.0, "repost_count": 25, "like_count": 160, "comment_count": 18, "title": "#金价暴跌普通人现在还能抄底买金吗# 最近，国际黄金价格一度跌破4000美元/盎"}, {"author": "财联社APP", "platform": "微博", "verification_type": "认证机构", "publish_time": "2026-07-12T17:53:10", "influence": 48.6, "repost_count": 23, "like_count": 77, "comment_count": 5, "title": "#结婚买三金半年便宜近2万#【买“三金”半年便宜近两万 但“买涨不买跌”让金店更"}, {"author": "游戏投投机", "platform": "微博", "verification_type": "认证个人", "publish_time": "2026-07-10T09:55:41", "influence": 39.3, "repost_count": 10, "like_count": 86, "comment_count": 7, "title": "#金价上蹿下跳##金价# 金价冲高回落，昨日金价下跌后晚间拉升，金价上蹿下跳波动"}, {"author": "金姐定盘", "platform": "微博", "verification_type": "头部认证个人", "publish_time": "2026-07-13T07:26:22", "influence": 12.4, "repost_count": 1, "like_count": 33, "comment_count": 3, "title": "最近市场这波动，真是让人心跳加速。金价在高位反复拉锯，科技股那边又是集体回调，感"}], "platform_chain": {"nodes": [{"name": "新浪新闻", "count": 5, "first_seen": "2026-07-09T07:09:41"}, {"name": "知乎", "count": 5, "first_seen": "2026-07-09T15:43:38"}, {"name": "微博", "count": 6, "first_seen": "2026-07-10T09:55:41"}], "links": [{"source": "新浪新闻", "target": "知乎", "value": 5}, {"source": "知乎", "target": "微博", "value": 6}]}}', '2026-07-13 23:46:56', '2026-07-13 23:46:56');
INSERT INTO event_keywords (event_id, word, weight, rank) VALUES (33, '黄金', 1.0, 0);
INSERT INTO event_keywords (event_id, word, weight, rank) VALUES (33, '金价', 0.915, 1);
INSERT INTO event_keywords (event_id, word, weight, rank) VALUES (33, '今日', 0.759, 2);
INSERT INTO event_keywords (event_id, word, weight, rank) VALUES (33, '价格', 0.724, 3);
INSERT INTO event_keywords (event_id, word, weight, rank) VALUES (33, '黄金价格', 0.498, 4);
INSERT INTO event_keywords (event_id, word, weight, rank) VALUES (33, '美元', 0.498, 5);
INSERT INTO event_keywords (event_id, word, weight, rank) VALUES (33, '回收', 0.466, 6);
INSERT INTO event_keywords (event_id, word, weight, rank) VALUES (33, '结婚', 0.466, 7);
INSERT INTO event_platforms (event_id, platform_name, ratio, rank) VALUES (33, '微博', 0.375, 0);
INSERT INTO event_platforms (event_id, platform_name, ratio, rank) VALUES (33, '新浪新闻', 0.312, 1);
INSERT INTO event_platforms (event_id, platform_name, ratio, rank) VALUES (33, '知乎', 0.312, 2);
INSERT INTO event_trend_daily (event_id, date, count, is_predicted) VALUES (33, '2026-07-09', 2, 0);
INSERT INTO event_trend_daily (event_id, date, count, is_predicted) VALUES (33, '2026-07-10', 6, 0);
INSERT INTO event_trend_daily (event_id, date, count, is_predicted) VALUES (33, '2026-07-11', 2, 0);
INSERT INTO event_trend_daily (event_id, date, count, is_predicted) VALUES (33, '2026-07-12', 3, 0);
INSERT INTO event_trend_daily (event_id, date, count, is_predicted) VALUES (33, '2026-07-13', 3, 0);
INSERT INTO event_trend_daily (event_id, date, count, is_predicted, predict_heat, predict_count) VALUES (33, '2026-07-14', 0, 1, 3.5, 3.5);
INSERT INTO event_trend_daily (event_id, date, count, is_predicted, predict_heat, predict_count) VALUES (33, '2026-07-15', 0, 1, 4.0, 4.0);
INSERT INTO event_trend_daily (event_id, date, count, is_predicted, predict_heat, predict_count) VALUES (33, '2026-07-16', 0, 1, 4.5, 4.5);

-- missile.json: 5/18 clusters (heat >= 5.0)
INSERT INTO events (event_id, title, heat, report_count, duplicate_count, time_start, time_end, event_time, risk_level, stage, confidence, prob_latent, prob_growth, prob_peak, prob_decline, analysis, positive, neutral, negative, sources, summary, location, cause, people, authenticity, propagation, created_at, updated_at) VALUES (34, '中国海军成功组织潜射战略导弹试射_国防聚焦_澎湃新闻-The Paper', 18.59, 150, 51, '2026-07-06 12:23:20', '2026-07-13 19:12:01', '2026-07-07 12:00:00', 'mid_high', 'decline', 0.9, 0.0, 0.0, 0.1, 0.9, '当前事件报道数量持续下降，公众关注度减弱，处于衰退期。', 0.642, 0.235, 0.123, '["人民网", "微博", "新浪新闻", "澎湃新闻", "知乎"]', '外媒称日本等国对中方试射潜射战略导弹提“批评”，外交部：有关国家不要过度解读 7月6日外交部例行记者会上，有记者就中国试射潜射战略导弹提问，发言人毛宁表示，有关的发射活动始终保持安全规范和专业操作，希望有关国家不要过度解读。中国试射潜射导弹引北约日本同日反应 中方潜射导弹发射后，北约秘书长吕特公开叫嚣： 北约不能对中国抱有天真的幻想。2026年7月6日12时01分中国人民解放军海军一艘战略核潜艇向太平洋公海海域成功发射一枚携载训练模拟弹头的潜射战略洲际弹道导弹(可能是JL3亦可能是JL2) 全程预估飞行了7300-8000公里，并飞掠过日本（图中绘位置为7300公里） JL3巨浪3型潜射战略洲际弹道导弹采用三级固体火箭发动机， 其固体高能推进剂。', '中国、日本、太平洋', '不谈月饼话题。', '["陆基", "毛宁", "郭正亮", "吕特", "特朗普"]', '{"credibility_score": 0.492, "official_ratio": 0.32, "verified_ratio": 0.727, "plain_user_ratio": 0.273, "verification_dist": {"官方平台": 0.32, "普通用户": 0.273, "认证个人": 0.227, "认证机构": 0.107, "头部认证个人": 0.073}, "factors": ["well_sourced"]}', '{"key_nodes": [{"role": "首次官方媒体介入", "author": "澎湃新闻", "platform": "澎湃新闻", "verification_type": "官方平台", "publish_time": "2026-07-06T13:01:00", "influence": 0.0, "title": "中国海军成功组织潜射战略导弹试射_国防聚焦_澎湃新闻-The Paper"}, {"role": "传播高峰", "author": "央视新闻", "platform": "微博", "verification_type": "官方平台", "publish_time": "2026-07-06T13:01:43", "influence": 1756.1, "title": "#潜射战略导弹试射#【#海军成功组织潜射战略导弹试射#】7月6日12时01分，中"}, {"role": "首次大V发声", "author": "北京日报", "platform": "微博", "verification_type": "认证机构", "publish_time": "2026-07-06T15:17:04", "influence": 1257.8, "title": "#中方试射导弹不针对任何特定国家# 【#中方回应潜射战略导弹试射#】#中方试射导"}, {"role": "初始爆料", "author": "达哥有点味", "platform": "知乎", "verification_type": "普通用户", "publish_time": "2026-07-06T17:37:08", "influence": 12.5, "title": "我军向太平洋成功发射一枚潜射战略导弹 - 知乎"}], "top_influencers": [{"author": "央视新闻", "platform": "微博", "verification_type": "官方平台", "publish_time": "2026-07-06T13:01:43", "influence": 1756.1, "repost_count": 674, "like_count": 3022, "comment_count": 351, "title": "#潜射战略导弹试射#【#海军成功组织潜射战略导弹试射#】7月6日12时01分，中"}, {"author": "央视新闻", "platform": "微博", "verification_type": "官方平台", "publish_time": "2026-07-06T18:09:47", "influence": 1646.1, "repost_count": 645, "like_count": 2782, "comment_count": 333, "title": "#导弹出水升空瞬间#【#潜射战略导弹试射现场画面#[威武]骄傲转发！】7月6日1"}, {"author": "央视新闻", "platform": "微博", "verification_type": "官方平台", "publish_time": "2026-07-06T18:47:43", "influence": 1555.2, "repost_count": 594, "like_count": 2684, "comment_count": 312, "title": "#导弹出水升空瞬间#【震撼现场！#潜射战略导弹试射如蛟龙出海#[威武]】7月6日"}, {"author": "北京日报", "platform": "微博", "verification_type": "认证机构", "publish_time": "2026-07-06T15:17:04", "influence": 1257.8, "repost_count": 184, "like_count": 3136, "comment_count": 266, "title": "#中方试射导弹不针对任何特定国家# 【#中方回应潜射战略导弹试射#】#中方试射导"}, {"author": "Jokielicious", "platform": "微博", "verification_type": "认证个人", "publish_time": "2026-07-06T14:38:41", "influence": 1189.9, "repost_count": 114, "like_count": 3213, "comment_count": 224, "title": "产经新闻报道了 #海外新鲜事# #中国海军成功组织潜射战略导弹试射##幽默牢日#"}], "platform_chain": {"nodes": [{"name": "微博", "count": 58, "first_seen": "2026-07-06T12:23:20"}, {"name": "澎湃新闻", "count": 9, "first_seen": "2026-07-06T13:01:00"}, {"name": "人民网", "count": 8, "first_seen": "2026-07-06T13:13:52"}, {"name": "知乎", "count": 47, "first_seen": "2026-07-06T17:37:08"}, {"name": "新浪新闻", "count": 27, "first_seen": "2026-07-07T09:04:03"}], "links": [{"source": "微博", "target": "澎湃新闻", "value": 9}, {"source": "澎湃新闻", "target": "人民网", "value": 8}, {"source": "人民网", "target": "知乎", "value": 47}, {"source": "知乎", "target": "新浪新闻", "value": 27}]}}', '2026-07-13 23:46:56', '2026-07-13 23:46:56');
INSERT INTO event_keywords (event_id, word, weight, rank) VALUES (34, '巨浪', 1.0, 0);
INSERT INTO event_keywords (event_id, word, weight, rank) VALUES (34, '中国', 0.933, 1);
INSERT INTO event_keywords (event_id, word, weight, rank) VALUES (34, '日本', 0.758, 2);
INSERT INTO event_keywords (event_id, word, weight, rank) VALUES (34, '导弹', 0.589, 3);
INSERT INTO event_keywords (event_id, word, weight, rank) VALUES (34, '发射', 0.586, 4);
INSERT INTO event_keywords (event_id, word, weight, rank) VALUES (34, '战略', 0.495, 5);
INSERT INTO event_keywords (event_id, word, weight, rank) VALUES (34, '北约', 0.486, 6);
INSERT INTO event_keywords (event_id, word, weight, rank) VALUES (34, '美国', 0.351, 7);
INSERT INTO event_platforms (event_id, platform_name, ratio, rank) VALUES (34, '微博', 0.387, 0);
INSERT INTO event_platforms (event_id, platform_name, ratio, rank) VALUES (34, '知乎', 0.32, 1);
INSERT INTO event_platforms (event_id, platform_name, ratio, rank) VALUES (34, '新浪新闻', 0.18, 2);
INSERT INTO event_platforms (event_id, platform_name, ratio, rank) VALUES (34, '澎湃新闻', 0.06, 3);
INSERT INTO event_platforms (event_id, platform_name, ratio, rank) VALUES (34, '人民网', 0.053, 4);
INSERT INTO event_trend_daily (event_id, date, count, is_predicted) VALUES (34, '2026-07-06', 31, 0);
INSERT INTO event_trend_daily (event_id, date, count, is_predicted) VALUES (34, '2026-07-07', 43, 0);
INSERT INTO event_trend_daily (event_id, date, count, is_predicted) VALUES (34, '2026-07-08', 19, 0);
INSERT INTO event_trend_daily (event_id, date, count, is_predicted) VALUES (34, '2026-07-09', 11, 0);
INSERT INTO event_trend_daily (event_id, date, count, is_predicted) VALUES (34, '2026-07-10', 19, 0);
INSERT INTO event_trend_daily (event_id, date, count, is_predicted) VALUES (34, '2026-07-11', 7, 0);
INSERT INTO event_trend_daily (event_id, date, count, is_predicted) VALUES (34, '2026-07-12', 12, 0);
INSERT INTO event_trend_daily (event_id, date, count, is_predicted) VALUES (34, '2026-07-13', 7, 0);
INSERT INTO event_trend_daily (event_id, date, count, is_predicted, predict_heat, predict_count) VALUES (34, '2026-07-14', 0, 1, 7.0, 7.0);
INSERT INTO event_trend_daily (event_id, date, count, is_predicted, predict_heat, predict_count) VALUES (34, '2026-07-15', 0, 1, 7.0, 7.0);
INSERT INTO event_trend_daily (event_id, date, count, is_predicted, predict_heat, predict_count) VALUES (34, '2026-07-16', 0, 1, 7.0, 7.0);

INSERT INTO events (event_id, title, heat, report_count, duplicate_count, time_start, time_end, event_time, risk_level, stage, confidence, prob_latent, prob_growth, prob_peak, prob_decline, analysis, positive, neutral, negative, sources, summary, location, cause, people, authenticity, propagation, created_at, updated_at) VALUES (35, '乌军公布S-200导弹打击画面，外界称导弹或来自波兰', 11.04, 17, 2, '2026-07-11 10:32:47', '2026-07-13 12:03:21', '2026-07-13 12:00:00', 'mid', 'decline', 0.9, 0.0, 0.0, 0.1, 0.9, '当前事件报道数量持续下降，公众关注度减弱，处于衰退期。', 0.357, 0.214, 0.429, '["新浪新闻"]', '特朗普称千枚导弹瞄准伊朗 千枚导弹指的是什么。专家分析 【特朗普称千枚导弹瞄准伊朗 千枚导弹指的是什么。特朗普称千枚导弹已瞄准伊朗 【#特朗普称千枚导弹已瞄准伊朗#】美国总统特朗普10日通过社交媒体发文：“1000枚导弹已上膛，瞄准伊朗伊斯兰共和国，如果伊朗政府兑现其在全球多地发出的暗杀或企图暗杀现任美国总统（也就是我）的威胁，数千枚导弹将立即发射。', '伊朗、霍尔木兹海峡、美国', '乌军公布S-200导弹打击画面，外界称导弹或来自波兰。', '["卡塔尔", "阿曼", "科威特", "马赫"]', '{"credibility_score": 0.968, "official_ratio": 1.0, "verified_ratio": 1.0, "plain_user_ratio": 0.0, "verification_dist": {"官方平台": 1.0}, "factors": ["well_sourced"]}', '{"key_nodes": [{"role": "初始爆料", "author": "新浪军事", "platform": "新浪新闻", "verification_type": "官方平台", "publish_time": "2026-07-11T10:32:47", "influence": 0.0, "title": "乌军公布S-200导弹打击画面，外界称导弹或来自波兰"}], "top_influencers": [], "platform_chain": {"nodes": [{"name": "新浪新闻", "count": 17, "first_seen": "2026-07-11T10:32:47"}], "links": []}}', '2026-07-13 23:46:56', '2026-07-13 23:46:56');
INSERT INTO event_keywords (event_id, word, weight, rank) VALUES (35, '伊朗', 1.0, 0);
INSERT INTO event_keywords (event_id, word, weight, rank) VALUES (35, '日本', 0.969, 1);
INSERT INTO event_keywords (event_id, word, weight, rank) VALUES (35, '特朗普', 0.776, 2);
INSERT INTO event_keywords (event_id, word, weight, rank) VALUES (35, '美军', 0.703, 3);
INSERT INTO event_keywords (event_id, word, weight, rank) VALUES (35, '千枚', 0.48, 4);
INSERT INTO event_keywords (event_id, word, weight, rank) VALUES (35, '暗杀', 0.48, 5);
INSERT INTO event_keywords (event_id, word, weight, rank) VALUES (35, '目标', 0.4, 6);
INSERT INTO event_keywords (event_id, word, weight, rank) VALUES (35, '瞄准', 0.4, 7);
INSERT INTO event_platforms (event_id, platform_name, ratio, rank) VALUES (35, '新浪新闻', 1.0, 0);
INSERT INTO event_trend_daily (event_id, date, count, is_predicted) VALUES (35, '2026-07-11', 1, 0);
INSERT INTO event_trend_daily (event_id, date, count, is_predicted) VALUES (35, '2026-07-12', 6, 0);
INSERT INTO event_trend_daily (event_id, date, count, is_predicted) VALUES (35, '2026-07-13', 10, 0);
INSERT INTO event_trend_daily (event_id, date, count, is_predicted, predict_heat, predict_count) VALUES (35, '2026-07-14', 0, 1, 14.5, 14.5);
INSERT INTO event_trend_daily (event_id, date, count, is_predicted, predict_heat, predict_count) VALUES (35, '2026-07-15', 0, 1, 19.0, 19.0);
INSERT INTO event_trend_daily (event_id, date, count, is_predicted, predict_heat, predict_count) VALUES (35, '2026-07-16', 0, 1, 23.5, 23.5);

INSERT INTO events (event_id, title, heat, report_count, duplicate_count, time_start, time_end, event_time, risk_level, stage, confidence, prob_latent, prob_growth, prob_peak, prob_decline, analysis, positive, neutral, negative, sources, summary, location, cause, people, authenticity, propagation, created_at, updated_at) VALUES (36, '日本很失望：强烈敦促中国不要试射战略导弹，没想到中方竟然不许#视频星计划# http://t.cn/', 7.432, 11, 1, '2026-07-11 08:23:40', '2026-07-13 17:30:35', '2026-07-12 12:00:00', 'mid', 'decline', 0.9, 0.0, 0.0, 0.1, 0.9, '当前事件报道数量持续下降，公众关注度减弱，处于衰退期。', 0.288, 0.269, 0.442, '["微博"]', '日本很失望：强烈敦促中国不要试射战略导弹，没想到中方竟然不许#视频星计划# http://t.cn/。日本很失望：强烈敦促中国不要试射战略导弹，没想到中方竟然不许#视频星计划# http://t.cn/AXKq8kIF。中国潜射战略导弹，何时结束“小步快跑”。', '中国、日本、北京', '#潇洒天下# 友国指责中国，3天后其外长就被王毅请到北京。', '["王毅", "郭正亮"]', '{"credibility_score": 0.332, "official_ratio": 0.0, "verified_ratio": 0.818, "plain_user_ratio": 0.182, "verification_dist": {"认证个人": 0.545, "普通用户": 0.182, "头部认证个人": 0.182, "认证机构": 0.091}, "factors": ["official_absent"]}', '{"key_nodes": [{"role": "初始爆料", "author": "GzlSpace_Opti", "platform": "微博", "verification_type": "普通用户", "publish_time": "2026-07-12T22:13:25", "influence": 0.0, "title": "中国潜射战略导弹，何时结束“小步快跑”？ http://t.cn/AXKtXPm"}, {"role": "首次大V发声", "author": "风闻社区", "platform": "微博", "verification_type": "认证机构", "publish_time": "2026-07-12T22:20:00", "influence": 3.8, "title": "【中国潜射战略导弹，何时结束“小步快跑”？】扬基：对于多少有些“一朝被蛇咬、十年"}, {"role": "传播高峰", "author": "孤烟暮蝉", "platform": "微博", "verification_type": "认证个人", "publish_time": "2026-07-13T09:33:01", "influence": 127.3, "title": "中国试射洲际战略导弹，所罗门群岛强烈抗议：不要挑战我们的底线#视频星计划# ht"}], "top_influencers": [{"author": "孤烟暮蝉", "platform": "微博", "verification_type": "认证个人", "publish_time": "2026-07-13T09:33:01", "influence": 127.3, "repost_count": 13, "like_count": 276, "comment_count": 63, "title": "中国试射洲际战略导弹，所罗门群岛强烈抗议：不要挑战我们的底线#视频星计划# ht"}, {"author": "孤烟暮蝉", "platform": "微博", "verification_type": "认证个人", "publish_time": "2026-07-12T15:33:01", "influence": 57.5, "repost_count": 6, "like_count": 140, "comment_count": 19, "title": "日本很失望：强烈敦促中国不要试射战略导弹，没想到中方竟然不许#视频星计划# ht"}, {"author": "瀟灑如風", "platform": "微博", "verification_type": "认证个人", "publish_time": "2026-07-11T08:23:40", "influence": 54.9, "repost_count": 11, "like_count": 128, "comment_count": 11, "title": "#潇洒天下# 友国指责中国，3天后其外长就被王毅请到北京！西方看懵……#潇洒古今"}, {"author": "卡尔达瓦里希", "platform": "微博", "verification_type": "头部认证个人", "publish_time": "2026-07-13T13:16:54", "influence": 6.7, "repost_count": 0, "like_count": 19, "comment_count": 2, "title": "中国航天报《潜射战略导弹：“核盾牌”加速进化》http://t.cn/AXKIp"}, {"author": "瀟灑如風", "platform": "微博", "verification_type": "认证个人", "publish_time": "2026-07-13T17:30:35", "influence": 5.8, "repost_count": 4, "like_count": 6, "comment_count": 0, "title": "#潇洒天下# 中国导弹试射，美军急召北京谈判：台海预言成真？#潇洒古今##大众历"}], "platform_chain": {"nodes": [{"name": "微博", "count": 11, "first_seen": "2026-07-11T08:23:40"}], "links": []}}', '2026-07-13 23:46:56', '2026-07-13 23:46:56');
INSERT INTO event_keywords (event_id, word, weight, rank) VALUES (36, '潇洒', 1.0, 0);
INSERT INTO event_keywords (event_id, word, weight, rank) VALUES (36, '潜射', 0.521, 1);
INSERT INTO event_keywords (event_id, word, weight, rank) VALUES (36, '导弹', 0.511, 2);
INSERT INTO event_keywords (event_id, word, weight, rank) VALUES (36, '战略', 0.489, 3);
INSERT INTO event_keywords (event_id, word, weight, rank) VALUES (36, '不是', 0.443, 4);
INSERT INTO event_keywords (event_id, word, weight, rank) VALUES (36, '军事', 0.443, 5);
INSERT INTO event_keywords (event_id, word, weight, rank) VALUES (36, '视频', 0.379, 6);
INSERT INTO event_keywords (event_id, word, weight, rank) VALUES (36, '北京', 0.379, 7);
INSERT INTO event_platforms (event_id, platform_name, ratio, rank) VALUES (36, '微博', 1.0, 0);
INSERT INTO event_trend_daily (event_id, date, count, is_predicted) VALUES (36, '2026-07-11', 1, 0);
INSERT INTO event_trend_daily (event_id, date, count, is_predicted) VALUES (36, '2026-07-12', 5, 0);
INSERT INTO event_trend_daily (event_id, date, count, is_predicted) VALUES (36, '2026-07-13', 5, 0);
INSERT INTO event_trend_daily (event_id, date, count, is_predicted, predict_heat, predict_count) VALUES (36, '2026-07-14', 0, 1, 7.0, 7.0);
INSERT INTO event_trend_daily (event_id, date, count, is_predicted, predict_heat, predict_count) VALUES (36, '2026-07-15', 0, 1, 9.0, 9.0);
INSERT INTO event_trend_daily (event_id, date, count, is_predicted, predict_heat, predict_count) VALUES (36, '2026-07-16', 0, 1, 11.0, 11.0);

INSERT INTO events (event_id, title, heat, report_count, duplicate_count, time_start, time_end, event_time, risk_level, stage, confidence, prob_latent, prob_growth, prob_peak, prob_decline, analysis, positive, neutral, negative, sources, summary, location, cause, people, authenticity, propagation, created_at, updated_at) VALUES (37, '“日本伊斯兰共和国向我们发射了111枚导弹。”', 5.342, 14, 5, '2026-07-09 12:59:34', '2026-07-13 10:22:57', '2026-07-11 12:00:00', 'mid', 'peak', 0.9, 0.0, 0.05, 0.9, 0.05, '当前事件报道量已接近峰值，关注度趋于稳定，处于高潮期。', 0.571, 0.286, 0.143, '["微博", "新浪新闻", "知乎"]', '“日本伊斯兰共和国向我们发射了111枚导弹。” 【“日本伊斯兰共和国向我们发射了111枚导弹。导弹飞越日本头顶 094A首次实战化发射。', '日本、伊斯兰共和国、北约', '日本首次在南鸟岛部署岸舰导弹发射装置，公然计划部署具备对舰攻击能力的无人潜艇，背后有何战略意图。', '["乌克兰", "连斯基"]', '{"credibility_score": 0.658, "official_ratio": 0.571, "verified_ratio": 0.929, "plain_user_ratio": 0.071, "verification_dist": {"官方平台": 0.571, "认证个人": 0.214, "头部认证个人": 0.143, "普通用户": 0.071}, "factors": ["well_sourced"]}', '{"key_nodes": [{"role": "初始爆料", "author": "清欢渡口", "platform": "知乎", "verification_type": "普通用户", "publish_time": "2026-07-09T12:59:34", "influence": 0.9, "title": "日本首次在南鸟岛部署岸舰导弹发射装置，公然计划部署具备对舰攻击能力的无人潜艇，背"}, {"role": "首次大V发声", "author": "思索深一度", "platform": "微博", "verification_type": "头部认证个人", "publish_time": "2026-07-10T10:07:55", "influence": 0.3, "title": "#微博兴趣创作计划##烽火问鼎计划##解放军# 解放军海军的一艘战略核潜艇向太平"}, {"role": "传播高峰", "author": "姬永锋", "platform": "微博", "verification_type": "认证个人", "publish_time": "2026-07-10T10:12:13", "influence": 164.7, "title": "中国为什么向太平洋发射洲际导弹？ 摘自 花猫哥哥 猫哥的视界 1 五步计划 大家"}, {"role": "首次官方媒体介入", "author": "暴走的大探", "platform": "新浪新闻", "verification_type": "官方平台", "publish_time": "2026-07-11T16:40:11", "influence": 0.0, "title": "“日本伊斯兰共和国向我们发射了111枚导弹。”"}], "top_influencers": [{"author": "姬永锋", "platform": "微博", "verification_type": "认证个人", "publish_time": "2026-07-10T10:12:13", "influence": 164.7, "repost_count": 86, "like_count": 239, "comment_count": 14, "title": "中国为什么向太平洋发射洲际导弹？ 摘自 花猫哥哥 猫哥的视界 1 五步计划 大家"}, {"author": "珠海祥子兄弟", "platform": "微博", "verification_type": "头部认证个人", "publish_time": "2026-07-12T08:48:26", "influence": 1.7, "repost_count": 0, "like_count": 4, "comment_count": 1, "title": "094A首次实战化发射！导弹飞越日本头顶 #烽火问鼎计划##微博视频号迎新计划#"}, {"author": "清欢渡口", "platform": "知乎", "verification_type": "普通用户", "publish_time": "2026-07-09T12:59:34", "influence": 0.9, "repost_count": 0, "like_count": 3, "comment_count": 0, "title": "日本首次在南鸟岛部署岸舰导弹发射装置，公然计划部署具备对舰攻击能力的无人潜艇，背"}, {"author": "思索深一度", "platform": "微博", "verification_type": "头部认证个人", "publish_time": "2026-07-10T10:07:55", "influence": 0.3, "repost_count": 0, "like_count": 1, "comment_count": 0, "title": "#微博兴趣创作计划##烽火问鼎计划##解放军# 解放军海军的一艘战略核潜艇向太平"}, {"author": "骑着电驴去荡圩", "platform": "微博", "verification_type": "认证个人", "publish_time": "2026-07-13T09:01:02", "influence": 0.3, "repost_count": 0, "like_count": 1, "comment_count": 0, "title": "彻底破防后，日防长一语惊人，他想让东方大国明白越南早就站日本了！#热点解读##国"}], "platform_chain": {"nodes": [{"name": "知乎", "count": 1, "first_seen": "2026-07-09T12:59:34"}, {"name": "微博", "count": 5, "first_seen": "2026-07-10T10:07:55"}, {"name": "新浪新闻", "count": 8, "first_seen": "2026-07-11T16:40:11"}], "links": [{"source": "知乎", "target": "微博", "value": 5}, {"source": "微博", "target": "新浪新闻", "value": 8}]}}', '2026-07-13 23:46:56', '2026-07-13 23:46:56');
INSERT INTO event_keywords (event_id, word, weight, rank) VALUES (37, '发射', 1.0, 0);
INSERT INTO event_keywords (event_id, word, weight, rank) VALUES (37, '伊斯兰共和国', 0.99, 1);
INSERT INTO event_keywords (event_id, word, weight, rank) VALUES (37, '解放军', 0.743, 2);
INSERT INTO event_keywords (event_id, word, weight, rank) VALUES (37, '特朗普', 0.661, 3);
INSERT INTO event_keywords (event_id, word, weight, rank) VALUES (37, '战略', 0.661, 4);
INSERT INTO event_keywords (event_id, word, weight, rank) VALUES (37, '日本', 0.645, 5);
INSERT INTO event_keywords (event_id, word, weight, rank) VALUES (37, '094A', 0.619, 6);
INSERT INTO event_keywords (event_id, word, weight, rank) VALUES (37, '实战', 0.619, 7);
INSERT INTO event_platforms (event_id, platform_name, ratio, rank) VALUES (37, '新浪新闻', 0.571, 0);
INSERT INTO event_platforms (event_id, platform_name, ratio, rank) VALUES (37, '微博', 0.357, 1);
INSERT INTO event_platforms (event_id, platform_name, ratio, rank) VALUES (37, '知乎', 0.071, 2);
INSERT INTO event_trend_daily (event_id, date, count, is_predicted) VALUES (37, '2026-07-09', 1, 0);
INSERT INTO event_trend_daily (event_id, date, count, is_predicted) VALUES (37, '2026-07-10', 2, 0);
INSERT INTO event_trend_daily (event_id, date, count, is_predicted) VALUES (37, '2026-07-11', 5, 0);
INSERT INTO event_trend_daily (event_id, date, count, is_predicted) VALUES (37, '2026-07-12', 4, 0);
INSERT INTO event_trend_daily (event_id, date, count, is_predicted) VALUES (37, '2026-07-13', 2, 0);
INSERT INTO event_trend_daily (event_id, date, count, is_predicted, predict_heat, predict_count) VALUES (37, '2026-07-14', 0, 1, 0.5, 0.5);
INSERT INTO event_trend_daily (event_id, date, count, is_predicted, predict_heat, predict_count) VALUES (37, '2026-07-15', 0, 1, 0.0, 0.0);
INSERT INTO event_trend_daily (event_id, date, count, is_predicted, predict_heat, predict_count) VALUES (37, '2026-07-16', 0, 1, 0.0, 0.0);

INSERT INTO events (event_id, title, heat, report_count, duplicate_count, time_start, time_end, event_time, risk_level, stage, confidence, prob_latent, prob_growth, prob_peak, prob_decline, analysis, positive, neutral, negative, sources, summary, location, cause, people, authenticity, propagation, created_at, updated_at) VALUES (38, '侠客岛：以防范朝鲜名义上马萨德反导系统，实际意在中俄_舆论场_澎湃新闻-The Paper', 5.102, 82, 40, '2026-06-01 20:04:37', '2026-07-13 15:38:09', '2026-07-13 12:00:00', 'mid', 'peak', 0.9, 0.0, 0.05, 0.9, 0.05, '当前事件报道量已接近峰值，关注度趋于稳定，处于高潮期。', 0.506, 0.302, 0.192, '["人民网", "微博", "新浪新闻", "澎湃新闻", "知乎"]', '澳核潜艇或搭载巡航导弹 若核潜艇项目顺利推进，澳大利亚将成为世界上第七个拥有核潜艇的国家，仅次于美国、俄罗斯、中国、英国、法国和印度。此次印度从核潜艇上成功发射弹道导弹后，成为了继美国、俄罗斯、中国、法国和英国之后，世界上第六个在陆地、海上和空中都拥有核打击和反击能力的国家，提升了其“三位一体”核威慑能力，同时也给本就复杂的南亚局势也带来了更多不稳定因素。美国华盛顿级弹道导弹核潜艇俄罗斯图-95战略轰炸机中国三位一体核打击能力要比美苏晚的多，轰-6上世纪60年代开始服役，但携带核武器的能力在后来才逐步发展起来。', '美国、俄罗斯、中国', '侠客岛：以防范朝鲜名义上马萨德反导系统，实际意在中俄_舆论场_澎湃新闻-The Paper。', '["乌克兰", "特朗普", "连斯基", "斯科夫", "马克"]', '{"credibility_score": 0.689, "official_ratio": 0.707, "verified_ratio": 0.78, "plain_user_ratio": 0.22, "verification_dist": {"官方平台": 0.707, "普通用户": 0.22, "认证个人": 0.037, "认证机构": 0.024, "头部认证个人": 0.012}, "factors": ["high_duplicate_rate", "well_sourced"]}', '{"key_nodes": [{"role": "初始爆料", "author": "Hello Everyone", "platform": "知乎", "verification_type": "普通用户", "publish_time": "2026-06-01T20:04:37", "influence": 2.1, "title": "美国的核力量除过能欺负无核力量且防空弱的国家外一无是处。如果真要面对核战争的话除"}, {"role": "首次官方媒体介入", "author": "澎湃新闻", "platform": "澎湃新闻", "verification_type": "官方平台", "publish_time": "2026-06-04T00:00:00", "influence": 0.0, "title": "核观察｜韩国公布核潜艇研发计划，东北亚水下核竞赛加剧_澎湃防务_澎湃新闻-The"}, {"role": "传播高峰", "author": "flyingpanzer", "platform": "知乎", "verification_type": "普通用户", "publish_time": "2026-07-06T18:24:42", "influence": 1339.9, "title": "先说我的一个判断，这至少证明了PLA正在“严肃的”为对美“军事摊牌”做一切准备。"}, {"role": "首次大V发声", "author": "万事兴隆龙", "platform": "微博", "verification_type": "头部认证个人", "publish_time": "2026-07-11T13:26:52", "influence": 0.6, "title": "作为法国三位一体核打击体系里至关重要的海基支柱，M51潜射洲际弹道导弹常年部署于"}], "top_influencers": [{"author": "flyingpanzer", "platform": "知乎", "verification_type": "普通用户", "publish_time": "2026-07-06T18:24:42", "influence": 1339.9, "repost_count": 0, "like_count": 3993, "comment_count": 284, "title": "先说我的一个判断，这至少证明了PLA正在“严肃的”为对美“军事摊牌”做一切准备。"}, {"author": "赛博斯基", "platform": "知乎", "verification_type": "普通用户", "publish_time": "2026-06-29T11:50:23", "influence": 957.6, "repost_count": 0, "like_count": 2652, "comment_count": 324, "title": "现在形势可以说是非常微妙了。日本现在已经完成了战前的前期准备工作，现在看看，一步"}, {"author": "飞扬军事铁背心", "platform": "微博", "verification_type": "认证个人", "publish_time": "2026-07-13T12:58:49", "influence": 53.7, "repost_count": 18, "like_count": 79, "comment_count": 24, "title": "《原子科学家公报》新报告《中国的核武器2026》由美国科学家联合会（FAS）核信"}, {"author": "Hello Everyone", "platform": "知乎", "verification_type": "普通用户", "publish_time": "2026-06-01T20:04:37", "influence": 2.1, "repost_count": 0, "like_count": 2, "comment_count": 3, "title": "美国的核力量除过能欺负无核力量且防空弱的国家外一无是处。如果真要面对核战争的话除"}, {"author": "万事兴隆龙", "platform": "微博", "verification_type": "头部认证个人", "publish_time": "2026-07-11T13:26:52", "influence": 0.6, "repost_count": 0, "like_count": 2, "comment_count": 0, "title": "作为法国三位一体核打击体系里至关重要的海基支柱，M51潜射洲际弹道导弹常年部署于"}], "platform_chain": {"nodes": [{"name": "知乎", "count": 6, "first_seen": "2026-06-01T20:04:37"}, {"name": "澎湃新闻", "count": 3, "first_seen": "2026-06-04T00:00:00"}, {"name": "新浪新闻", "count": 6, "first_seen": "2026-07-10T08:45:47.000001"}, {"name": "微博", "count": 2, "first_seen": "2026-07-11T13:26:52"}], "links": [{"source": "知乎", "target": "澎湃新闻", "value": 3}, {"source": "澎湃新闻", "target": "新浪新闻", "value": 6}, {"source": "新浪新闻", "target": "微博", "value": 2}]}}', '2026-07-13 23:46:56', '2026-07-13 23:46:56');
INSERT INTO event_keywords (event_id, word, weight, rank) VALUES (38, '中国', 1.0, 0);
INSERT INTO event_keywords (event_id, word, weight, rank) VALUES (38, '核潜艇', 0.893, 1);
INSERT INTO event_keywords (event_id, word, weight, rank) VALUES (38, '导弹', 0.747, 2);
INSERT INTO event_keywords (event_id, word, weight, rank) VALUES (38, '美国', 0.688, 3);
INSERT INTO event_keywords (event_id, word, weight, rank) VALUES (38, '条约', 0.644, 4);
INSERT INTO event_keywords (event_id, word, weight, rank) VALUES (38, '俄罗斯', 0.618, 5);
INSERT INTO event_keywords (event_id, word, weight, rank) VALUES (38, '核武器', 0.5, 6);
INSERT INTO event_keywords (event_id, word, weight, rank) VALUES (38, '潜艇', 0.492, 7);
INSERT INTO event_platforms (event_id, platform_name, ratio, rank) VALUES (38, '澎湃新闻', 0.622, 0);
INSERT INTO event_platforms (event_id, platform_name, ratio, rank) VALUES (38, '知乎', 0.244, 1);
INSERT INTO event_platforms (event_id, platform_name, ratio, rank) VALUES (38, '新浪新闻', 0.073, 2);
INSERT INTO event_platforms (event_id, platform_name, ratio, rank) VALUES (38, '微博', 0.049, 3);
INSERT INTO event_platforms (event_id, platform_name, ratio, rank) VALUES (38, '人民网', 0.012, 4);
INSERT INTO event_trend_daily (event_id, date, count, is_predicted) VALUES (38, '2026-06-01', 1, 0);
INSERT INTO event_trend_daily (event_id, date, count, is_predicted) VALUES (38, '2026-06-02', 0, 0);
INSERT INTO event_trend_daily (event_id, date, count, is_predicted) VALUES (38, '2026-06-03', 0, 0);
INSERT INTO event_trend_daily (event_id, date, count, is_predicted) VALUES (38, '2026-06-04', 1, 0);
INSERT INTO event_trend_daily (event_id, date, count, is_predicted) VALUES (38, '2026-06-05', 0, 0);
INSERT INTO event_trend_daily (event_id, date, count, is_predicted) VALUES (38, '2026-06-06', 0, 0);
INSERT INTO event_trend_daily (event_id, date, count, is_predicted) VALUES (38, '2026-06-07', 0, 0);
INSERT INTO event_trend_daily (event_id, date, count, is_predicted) VALUES (38, '2026-06-08', 0, 0);
INSERT INTO event_trend_daily (event_id, date, count, is_predicted) VALUES (38, '2026-06-09', 0, 0);
INSERT INTO event_trend_daily (event_id, date, count, is_predicted) VALUES (38, '2026-06-10', 1, 0);
INSERT INTO event_trend_daily (event_id, date, count, is_predicted) VALUES (38, '2026-06-11', 0, 0);
INSERT INTO event_trend_daily (event_id, date, count, is_predicted) VALUES (38, '2026-06-12', 0, 0);
INSERT INTO event_trend_daily (event_id, date, count, is_predicted) VALUES (38, '2026-06-13', 0, 0);
INSERT INTO event_trend_daily (event_id, date, count, is_predicted) VALUES (38, '2026-06-14', 0, 0);
INSERT INTO event_trend_daily (event_id, date, count, is_predicted) VALUES (38, '2026-06-15', 0, 0);
INSERT INTO event_trend_daily (event_id, date, count, is_predicted) VALUES (38, '2026-06-16', 0, 0);
INSERT INTO event_trend_daily (event_id, date, count, is_predicted) VALUES (38, '2026-06-17', 0, 0);
INSERT INTO event_trend_daily (event_id, date, count, is_predicted) VALUES (38, '2026-06-18', 0, 0);
INSERT INTO event_trend_daily (event_id, date, count, is_predicted) VALUES (38, '2026-06-19', 0, 0);
INSERT INTO event_trend_daily (event_id, date, count, is_predicted) VALUES (38, '2026-06-20', 0, 0);
INSERT INTO event_trend_daily (event_id, date, count, is_predicted) VALUES (38, '2026-06-21', 0, 0);
INSERT INTO event_trend_daily (event_id, date, count, is_predicted) VALUES (38, '2026-06-22', 0, 0);
INSERT INTO event_trend_daily (event_id, date, count, is_predicted) VALUES (38, '2026-06-23', 0, 0);
INSERT INTO event_trend_daily (event_id, date, count, is_predicted) VALUES (38, '2026-06-24', 0, 0);
INSERT INTO event_trend_daily (event_id, date, count, is_predicted) VALUES (38, '2026-06-25', 0, 0);
INSERT INTO event_trend_daily (event_id, date, count, is_predicted) VALUES (38, '2026-06-26', 0, 0);
INSERT INTO event_trend_daily (event_id, date, count, is_predicted) VALUES (38, '2026-06-27', 0, 0);
INSERT INTO event_trend_daily (event_id, date, count, is_predicted) VALUES (38, '2026-06-28', 0, 0);
INSERT INTO event_trend_daily (event_id, date, count, is_predicted) VALUES (38, '2026-06-29', 1, 0);
INSERT INTO event_trend_daily (event_id, date, count, is_predicted) VALUES (38, '2026-06-30', 0, 0);
INSERT INTO event_trend_daily (event_id, date, count, is_predicted) VALUES (38, '2026-07-01', 1, 0);
INSERT INTO event_trend_daily (event_id, date, count, is_predicted) VALUES (38, '2026-07-02', 0, 0);
INSERT INTO event_trend_daily (event_id, date, count, is_predicted) VALUES (38, '2026-07-03', 0, 0);
INSERT INTO event_trend_daily (event_id, date, count, is_predicted) VALUES (38, '2026-07-04', 0, 0);
INSERT INTO event_trend_daily (event_id, date, count, is_predicted) VALUES (38, '2026-07-05', 0, 0);
INSERT INTO event_trend_daily (event_id, date, count, is_predicted) VALUES (38, '2026-07-06', 2, 0);
INSERT INTO event_trend_daily (event_id, date, count, is_predicted) VALUES (38, '2026-07-07', 1, 0);
INSERT INTO event_trend_daily (event_id, date, count, is_predicted) VALUES (38, '2026-07-08', 1, 0);
INSERT INTO event_trend_daily (event_id, date, count, is_predicted) VALUES (38, '2026-07-09', 0, 0);
INSERT INTO event_trend_daily (event_id, date, count, is_predicted) VALUES (38, '2026-07-10', 1, 0);
INSERT INTO event_trend_daily (event_id, date, count, is_predicted) VALUES (38, '2026-07-11', 2, 0);
INSERT INTO event_trend_daily (event_id, date, count, is_predicted) VALUES (38, '2026-07-12', 1, 0);
INSERT INTO event_trend_daily (event_id, date, count, is_predicted) VALUES (38, '2026-07-13', 4, 0);
INSERT INTO event_trend_daily (event_id, date, count, is_predicted, predict_heat, predict_count) VALUES (38, '2026-07-14', 0, 1, 5.0, 5.0);
INSERT INTO event_trend_daily (event_id, date, count, is_predicted, predict_heat, predict_count) VALUES (38, '2026-07-15', 0, 1, 6.0, 6.0);
INSERT INTO event_trend_daily (event_id, date, count, is_predicted, predict_heat, predict_count) VALUES (38, '2026-07-16', 0, 1, 7.0, 7.0);

-- cc_backdoor.json: 1/2 clusters (heat >= 5.0)
INSERT INTO events (event_id, title, heat, report_count, duplicate_count, time_start, time_end, event_time, risk_level, stage, confidence, prob_latent, prob_growth, prob_peak, prob_decline, analysis, positive, neutral, negative, sources, summary, location, cause, people, authenticity, propagation, created_at, updated_at) VALUES (39, '工信部：防范AI编程工具Claude Code安全后门隐患_10%公司_澎湃新闻-The Paper', 13.225, 82, 33, '2026-07-03 18:45:46', '2026-07-13 20:53:59', '2026-07-08 12:00:00', 'mid_high', 'decline', 0.9, 0.0, 0.0, 0.1, 0.9, '当前事件报道数量持续下降，公众关注度减弱，处于衰退期。', 0.565, 0.231, 0.204, '["微博", "新浪新闻", "澎湃新闻", "知乎"]', '三条企业级建议版本核查：立即排查 Claude Code 版本，2.1.91-2.1.196 区间必须卸载或升级至 2.1.197+网络管控：对核心业务网段内的 AI 开发工具启用外联白名单和流量审计，Agent 的出站连接不应该比你的 CI/CD 管道更自由工具准入：建立 AI 开发工具的白名单审批流程，非开源工具应进行代码审计——"闭源 Agent 访问全部代码库" 这个组合本身就是风险信号AI Agent 安全不是一个技术问题，而是一个信任基础设施重建的问题。行业发展趋势多家互联网、AI科创企业已启动内部工具安全自查，部分单位出台境外AI工具使用限制规范市场正在加速切换到本土方案，阿里通义编程、腾讯CodeBuddy、DeepSeek代码模型、讯飞代码助手等自主可控工具的需求出现上升核心研发、涉密项目、政企系统，对境外闭源AI代码工具的使用管控趋严，隔离代理和本地离线国产模型正在成为更受重视的安全规范监管趋势预判本次是工信部网络安全威胁平台首次专门针对海外AI编程工具发布专项风险提示，后续国内对境外AI工具的入网安全审查和数据出境管控可能进一步完善。六、实操安全建议【个人开发者】自查本地Claude Code版本，2.1.91–2.1.196版本立即卸载或升级至2.1.204及以上办公电脑内网环境禁用代理中转境外AI工具核心代码、涉密项目优先使用国产离线或本地AI编程工具【企业运维/安全负责人】全公司终端批量扫描Claude Code安装记录，统一清理高危版本研发网段防火墙限制境外AI工具外联通道，监控异常隐写类数据传输建立境外AI开发工具准入审查制度，涉密研发场景禁止使用闭源海外AI工具定期开展开发工具安全审计，留存外联流量日志便于溯源本次Claude Code监控事件为全行业敲响了工具安全警钟。', '美国、中国、北京', '几个月前，工信部进行风险提示，你们都不当回事，现在阿里说了你们才相信。', '["阿里", "阿里巴巴"]', '{"credibility_score": 0.382, "official_ratio": 0.207, "verified_ratio": 0.561, "plain_user_ratio": 0.439, "verification_dist": {"普通用户": 0.439, "官方平台": 0.207, "认证个人": 0.171, "认证机构": 0.098, "头部认证个人": 0.085}, "factors": ["well_sourced"]}', '{"key_nodes": [{"role": "初始爆料", "author": "atoncrescent", "platform": "知乎", "verification_type": "普通用户", "publish_time": "2026-07-03T18:45:46", "influence": 1.8, "title": "几个月前，工信部进行风险提示，你们都不当回事，现在阿里说了你们才相信。"}, {"role": "首次官方媒体介入", "author": "奇闻风向标", "platform": "新浪新闻", "verification_type": "官方平台", "publish_time": "2026-07-08T11:53:59", "influence": 0.0, "title": "阿里全员卸载Claude，周鸿祎称大量中国用户被封号"}, {"role": "首次大V发声", "author": "短的发布会", "platform": "微博", "verification_type": "头部认证个人", "publish_time": "2026-07-08T12:36:30", "influence": 40.3, "title": "#阿里 全员卸载Claude# 工信部发布针对Claude Code的风险提示，"}, {"role": "传播高峰", "author": "梁赛", "platform": "微博", "verification_type": "认证个人", "publish_time": "2026-07-08T13:56:37", "influence": 249.3, "title": "工信部发布关于防范AI编程工具Claude Code安全后门隐患的风险提示"}], "top_influencers": [{"author": "梁赛", "platform": "微博", "verification_type": "认证个人", "publish_time": "2026-07-08T13:56:37", "influence": 249.3, "repost_count": 77, "like_count": 536, "comment_count": 23, "title": "工信部发布关于防范AI编程工具Claude Code安全后门隐患的风险提示"}, {"author": "手握科技", "platform": "微博", "verification_type": "认证个人", "publish_time": "2026-07-08T11:05:32", "influence": 154.6, "repost_count": 30, "like_count": 357, "comment_count": 35, "title": "#阿里 全员卸载Claude#今天工信部发布了公告，提醒Claude存在后门隐患"}, {"author": "红星资本局", "platform": "微博", "verification_type": "认证机构", "publish_time": "2026-07-08T14:03:37", "influence": 144.1, "repost_count": 50, "like_count": 242, "comment_count": 43, "title": "#工信部提示ClaudeCode风险#【#工信部发布风险提示#：AI编程工具Cl"}, {"author": "环球时报", "platform": "微博", "verification_type": "认证机构", "publish_time": "2026-07-10T07:08:25", "influence": 86.2, "repost_count": 52, "like_count": 104, "comment_count": 6, "title": "#警惕潜伏在AI时代的特洛伊木马#【#环球时报社评#：警惕潜伏在AI时代的“特洛"}, {"author": "程墨Morgan", "platform": "知乎", "verification_type": "头部认证个人", "publish_time": "2026-07-08T19:19:45", "influence": 83.6, "repost_count": 0, "like_count": 192, "comment_count": 52, "title": "上周五阿里先对Claude Code下了内部禁令，我当时认为隔周的周一各大厂就会"}], "platform_chain": {"nodes": [{"name": "知乎", "count": 35, "first_seen": "2026-07-03T18:45:46"}, {"name": "微博", "count": 30, "first_seen": "2026-07-08T11:05:32"}, {"name": "新浪新闻", "count": 15, "first_seen": "2026-07-08T11:53:59"}, {"name": "澎湃新闻", "count": 2, "first_seen": "2026-07-08T14:03:00"}], "links": [{"source": "知乎", "target": "微博", "value": 30}, {"source": "微博", "target": "新浪新闻", "value": 15}, {"source": "新浪新闻", "target": "澎湃新闻", "value": 2}]}}', '2026-07-13 23:46:56', '2026-07-13 23:46:56');
INSERT INTO event_keywords (event_id, word, weight, rank) VALUES (39, 'AI', 1.0, 0);
INSERT INTO event_keywords (event_id, word, weight, rank) VALUES (39, '工具', 0.876, 1);
INSERT INTO event_keywords (event_id, word, weight, rank) VALUES (39, 'Claude', 0.753, 2);
INSERT INTO event_keywords (event_id, word, weight, rank) VALUES (39, '企业', 0.675, 3);
INSERT INTO event_keywords (event_id, word, weight, rank) VALUES (39, '模型', 0.606, 4);
INSERT INTO event_keywords (event_id, word, weight, rank) VALUES (39, '安全', 0.509, 5);
INSERT INTO event_keywords (event_id, word, weight, rank) VALUES (39, '代码', 0.432, 6);
INSERT INTO event_keywords (event_id, word, weight, rank) VALUES (39, 'Code', 0.415, 7);
INSERT INTO event_platforms (event_id, platform_name, ratio, rank) VALUES (39, '知乎', 0.427, 0);
INSERT INTO event_platforms (event_id, platform_name, ratio, rank) VALUES (39, '微博', 0.366, 1);
INSERT INTO event_platforms (event_id, platform_name, ratio, rank) VALUES (39, '新浪新闻', 0.183, 2);
INSERT INTO event_platforms (event_id, platform_name, ratio, rank) VALUES (39, '澎湃新闻', 0.024, 3);
INSERT INTO event_trend_daily (event_id, date, count, is_predicted) VALUES (39, '2026-07-03', 1, 0);
INSERT INTO event_trend_daily (event_id, date, count, is_predicted) VALUES (39, '2026-07-04', 0, 0);
INSERT INTO event_trend_daily (event_id, date, count, is_predicted) VALUES (39, '2026-07-05', 0, 0);
INSERT INTO event_trend_daily (event_id, date, count, is_predicted) VALUES (39, '2026-07-06', 0, 0);
INSERT INTO event_trend_daily (event_id, date, count, is_predicted) VALUES (39, '2026-07-07', 0, 0);
INSERT INTO event_trend_daily (event_id, date, count, is_predicted) VALUES (39, '2026-07-08', 32, 0);
INSERT INTO event_trend_daily (event_id, date, count, is_predicted) VALUES (39, '2026-07-09', 17, 0);
INSERT INTO event_trend_daily (event_id, date, count, is_predicted) VALUES (39, '2026-07-10', 16, 0);
INSERT INTO event_trend_daily (event_id, date, count, is_predicted) VALUES (39, '2026-07-11', 5, 0);
INSERT INTO event_trend_daily (event_id, date, count, is_predicted) VALUES (39, '2026-07-12', 5, 0);
INSERT INTO event_trend_daily (event_id, date, count, is_predicted) VALUES (39, '2026-07-13', 6, 0);
INSERT INTO event_trend_daily (event_id, date, count, is_predicted, predict_heat, predict_count) VALUES (39, '2026-07-14', 0, 1, 6.5, 6.5);
INSERT INTO event_trend_daily (event_id, date, count, is_predicted, predict_heat, predict_count) VALUES (39, '2026-07-15', 0, 1, 7.0, 7.0);
INSERT INTO event_trend_daily (event_id, date, count, is_predicted, predict_heat, predict_count) VALUES (39, '2026-07-16', 0, 1, 7.5, 7.5);
