-- Trendsight seed data — generated by scripts/export_to_sql.py
-- Generated at: 2026-07-15T12:30:32.010342
SET NAMES utf8mb4;

-- worldcup.json: 10/45 clusters (heat >= 5.0)
INSERT INTO events (event_id, title, heat, report_count, duplicate_count, time_start, time_end, event_time, risk_level, stage, confidence, prob_latent, prob_growth, prob_peak, prob_decline, analysis, positive, neutral, negative, sources, summary, location, cause, people, authenticity, propagation, created_at, updated_at) VALUES (1, '阿根廷主帅回应逐出球队请愿', 50.774, 71, 1, '2026-07-02 14:56:36', '2026-07-14 21:41:22', '2026-07-14 12:00:00', 'high', 'decline', 0.9, 0.0, 0.0, 0.1, 0.9, '当前事件报道数量持续下降，公众关注度减弱，处于衰退期。', 0.304, 0.326, 0.37, '["微博", "新浪新闻", "知乎"]', '#请愿逐出阿根廷人数已超500万# | #世界杯# 民间请愿网站签名突破500万，风波根源是阿根廷逆转埃及一战的争议判罚，埃及进球遭VAR作废、阿根廷多次犯规无黄牌等画面，让各国球迷质疑裁判偏袒卫冕冠军。#请愿网站投票C罗是GOAT# “阿根廷对阵埃及的比赛显然作弊了”“点球太多”“裁判明显偏袒”——请。#请愿网站投票C罗是GOAT# “阿根廷对阵埃及的比赛显然作弊了”“点球太多”“裁判明显偏袒”——请愿网站列了一堆“罪状”。', '埃及、美加墨、巴西', '元芳觉得你被骗了呗按照FIFA公布的数据2014年，场均5.4万，上座率98%，累计观众 263.2。', '["斯卡", "洛尼", "姆巴", "韩乔生", "苏醒"]', '{"credibility_score": 0.48, "official_ratio": 0.197, "verified_ratio": 0.831, "plain_user_ratio": 0.169, "verification_dist": {"认证个人": 0.366, "官方平台": 0.197, "头部认证个人": 0.169, "普通用户": 0.169, "认证机构": 0.099}, "factors": []}', '{"key_nodes": [{"role": "首次大V发声", "author": "头条新闻", "platform": "微博", "verification_type": "认证机构", "publish_time": "2026-07-14T11:21:25", "influence": 7112.5, "title": "#阿根廷主帅回击请愿逐出阿根廷#【250万人签名请愿将阿根廷逐出世界杯，斯卡洛尼"}, {"role": "初始爆料", "author": "李二狗", "platform": "知乎", "verification_type": "普通用户", "publish_time": "2026-07-14T11:29:06", "influence": 43.2, "title": "超 500 万人请愿将阿根廷逐出世界杯，称国际足联和裁判偏袒阿根廷，你觉得是这样"}, {"role": "首次官方媒体介入", "author": "启示者手书", "platform": "新浪新闻", "verification_type": "官方平台", "publish_time": "2026-07-14T12:20:00", "influence": 0.0, "title": "逆转埃及判罚引巨大争议，百万球迷控诉裁判偏袒梅西"}], "top_influencers": [{"author": "头条新闻", "platform": "微博", "verification_type": "认证机构", "publish_time": "2026-07-14T11:21:25", "influence": 7112.5, "repost_count": 266, "like_count": 20745, "comment_count": 1246, "title": "#阿根廷主帅回击请愿逐出阿根廷#【250万人签名请愿将阿根廷逐出世界杯，斯卡洛尼"}, {"author": "少述派", "platform": "微博", "verification_type": "认证个人", "publish_time": "2026-07-14T11:42:42", "influence": 2397.7, "repost_count": 1326, "like_count": 3284, "comment_count": 173, "title": "微博热搜榜第一#超250万人请愿将阿根廷逐出世界杯#的这件事，我来说说情况。阿根"}, {"author": "IT互联网那点事", "platform": "微博", "verification_type": "认证个人", "publish_time": "2026-07-14T10:44:27", "influence": 908.9, "repost_count": 44, "like_count": 2308, "comment_count": 345, "title": "海外球迷搭建专属请愿网站，目前累计超400万签名，诉求取消阿根廷2026世界杯参"}, {"author": "卜算子", "platform": "知乎", "verification_type": "认证个人", "publish_time": "2026-07-14T11:27:27", "influence": 518.1, "repost_count": 0, "like_count": 1422, "comment_count": 183, "title": "咱们要不要做一个把国足保送进世界杯的请愿网站，一个小目标，请愿人数一个亿。保证三"}, {"author": "钱江视频", "platform": "微博", "verification_type": "认证机构", "publish_time": "2026-07-14T15:28:01", "influence": 285.6, "repost_count": 96, "like_count": 537, "comment_count": 57, "title": "【#超500万人请愿将阿根廷队逐出世界杯#；请愿书详举十点理由，拉踩C罗梅西，阴"}], "platform_chain": {"nodes": [{"name": "知乎", "count": 8, "first_seen": "2026-07-02T14:56:36.000001"}, {"name": "微博", "count": 49, "first_seen": "2026-07-14T10:44:27"}, {"name": "新浪新闻", "count": 14, "first_seen": "2026-07-14T12:20:00"}], "links": [{"source": "知乎", "target": "微博", "value": 49}, {"source": "微博", "target": "新浪新闻", "value": 14}]}}', '2026-07-15 12:30:32', '2026-07-15 12:30:32');
INSERT INTO event_keywords (event_id, word, weight, rank) VALUES (1, '阿根廷', 1.0, 0);
INSERT INTO event_keywords (event_id, word, weight, rank) VALUES (1, '网站', 0.37, 1);
INSERT INTO event_keywords (event_id, word, weight, rank) VALUES (1, '主帅', 0.342, 2);
INSERT INTO event_keywords (event_id, word, weight, rank) VALUES (1, '请愿', 0.296, 3);
INSERT INTO event_keywords (event_id, word, weight, rank) VALUES (1, '球迷', 0.266, 4);
INSERT INTO event_keywords (event_id, word, weight, rank) VALUES (1, '埃及', 0.215, 5);
INSERT INTO event_keywords (event_id, word, weight, rank) VALUES (1, '偏袒', 0.214, 6);
INSERT INTO event_keywords (event_id, word, weight, rank) VALUES (1, '投票', 0.211, 7);
INSERT INTO event_platforms (event_id, platform_name, ratio, rank) VALUES (1, '微博', 0.69, 0);
INSERT INTO event_platforms (event_id, platform_name, ratio, rank) VALUES (1, '新浪新闻', 0.197, 1);
INSERT INTO event_platforms (event_id, platform_name, ratio, rank) VALUES (1, '知乎', 0.113, 2);
INSERT INTO event_trend_daily (event_id, date, count, is_predicted) VALUES (1, '2026-07-02', 1, 0);
INSERT INTO event_trend_daily (event_id, date, count, is_predicted) VALUES (1, '2026-07-03', 0, 0);
INSERT INTO event_trend_daily (event_id, date, count, is_predicted) VALUES (1, '2026-07-04', 0, 0);
INSERT INTO event_trend_daily (event_id, date, count, is_predicted) VALUES (1, '2026-07-05', 0, 0);
INSERT INTO event_trend_daily (event_id, date, count, is_predicted) VALUES (1, '2026-07-06', 0, 0);
INSERT INTO event_trend_daily (event_id, date, count, is_predicted) VALUES (1, '2026-07-07', 0, 0);
INSERT INTO event_trend_daily (event_id, date, count, is_predicted) VALUES (1, '2026-07-08', 0, 0);
INSERT INTO event_trend_daily (event_id, date, count, is_predicted) VALUES (1, '2026-07-09', 0, 0);
INSERT INTO event_trend_daily (event_id, date, count, is_predicted) VALUES (1, '2026-07-10', 0, 0);
INSERT INTO event_trend_daily (event_id, date, count, is_predicted) VALUES (1, '2026-07-11', 0, 0);
INSERT INTO event_trend_daily (event_id, date, count, is_predicted) VALUES (1, '2026-07-12', 0, 0);
INSERT INTO event_trend_daily (event_id, date, count, is_predicted) VALUES (1, '2026-07-13', 0, 0);
INSERT INTO event_trend_daily (event_id, date, count, is_predicted) VALUES (1, '2026-07-14', 70, 0);
INSERT INTO event_trend_daily (event_id, date, count, is_predicted, predict_heat, predict_count) VALUES (1, '2026-07-15', 0, 1, 105.0, 105.0);
INSERT INTO event_trend_daily (event_id, date, count, is_predicted, predict_heat, predict_count) VALUES (1, '2026-07-16', 0, 1, 140.0, 140.0);
INSERT INTO event_trend_daily (event_id, date, count, is_predicted, predict_heat, predict_count) VALUES (1, '2026-07-17', 0, 1, 175.0, 175.0);

INSERT INTO events (event_id, title, heat, report_count, duplicate_count, time_start, time_end, event_time, risk_level, stage, confidence, prob_latent, prob_growth, prob_peak, prob_decline, analysis, positive, neutral, negative, sources, summary, location, cause, people, authenticity, propagation, created_at, updated_at) VALUES (2, '埃及总统塞西接见国家足球队', 14.029, 118, 63, '2026-07-08 00:46:01', '2026-07-14 19:38:10', '2026-07-08 12:00:00', 'mid_high', 'decline', 0.9, 0.0, 0.0, 0.1, 0.9, '当前事件报道数量持续下降，公众关注度减弱，处于衰退期。', 0.577, 0.225, 0.198, '["微博", "新浪新闻", "澎湃新闻", "知乎"]', '但埃及球员疯狂抗议：在阿根廷发动这次反击之前，萨拉赫在另一端被犯规倒地，裁判没有吹停比赛，球权直接到了阿根廷脚下。以下是埃及队的犯规获利时间表：00：25埃及球员被断球后撞恩佐膝盖，裁判没有表示（危险动作）2：28麦卡利斯特无球状态下遭埃及球员冲撞2：29梅西持球遭埃及防守球员拉拽2：33梅西传球在埃及球员推搡干扰下传出界外5：47埃及防守球员发力推德保罗22：18埃及防守球员发力推梅西26：41埃及防守球员推搡恩佐34：54埃及防守球员用力推搡小蜘蛛35：51埃及防守球员用力推搡帕雷德斯36：15德保罗弧顶处无球状态下被埃及防守球员撕扯衣服倒地36：44埃及球员冲撞帕雷德斯致其倒地36：45梅西背身遭埃及防守球员冲撞推搡导致丢失球权，裁判没有任何表示41：40埃及球员无球状态下禁区内推搡阿尔瓦雷斯42：06埃及防守球员在弧顶处分别推搡恩佐和梅西49：26防守球员背身冲撞梅西46：48梅西带球推进遭埃及防守球员拉拽46：52麦卡利斯特背身做球被埃及防守球员拉倒54：30恩佐背身护球遭到埃及防守球员拉拽61：47麦卡利斯特被推倒埃及顺势打反击 裁判没有表示63：13麦卡利斯特向前带球推进被身后拉拽63：30萨拉赫对利马犯规阿根廷进攻有利被吹64：22梅西追球遭背后埃及防守球员拉拽74：25埃及队门将故意拖延时间不开球79：56梅西寻求撞墙，埃及防守球员抬臂阻挡梅西81：42埃及防守球员被梅西突破后伸手拉拽85：24埃及防守球员背后发力推恩佐88：01小蜘蛛持球后埃及防守球员上前拉拽99：37恩佐护球埃及防守球员拉拽且恶意冲撞恩佐100：20劳马护球埃及防守球员搂抱且另一名埃及队员主动挑衅。我是熬夜全程比赛看完的我认为裁判是没有问题的只是比较偏向南美风格，比较纵容对抗而且我认为其实也没太纵容在双方正常进行比赛当中，有些小犯规裁判不吹，保证球赛正常进行保证比赛观赏度本来就是正常的比如有一个阿根廷队员手打埃及球员脸的截图那个时候球在埃及球员，人家在进攻啊，你这个时候吹强行打断埃及进攻节奏。', '埃及、瑞士、塞西', '🔻阿根廷这人手上这么不干净。', '["萨拉", "科里纳", "斯卡", "洛尼", "恩佐"]', '{"credibility_score": 0.416, "official_ratio": 0.271, "verified_ratio": 0.669, "plain_user_ratio": 0.331, "verification_dist": {"普通用户": 0.331, "认证个人": 0.28, "官方平台": 0.271, "认证机构": 0.068, "头部认证个人": 0.051}, "factors": ["high_duplicate_rate", "well_sourced"]}', '{"key_nodes": [{"role": "首次官方媒体介入", "author": "新华社", "platform": "微博", "verification_type": "官方平台", "publish_time": "2026-07-08T02:12:57", "influence": 3165.3, "title": "#阿根廷队让二追三#【梅西传射创纪录 阿根廷绝地逆转埃及进世界杯八强】#阿根廷绝"}, {"role": "首次大V发声", "author": "直播吧", "platform": "微博", "verification_type": "认证机构", "publish_time": "2026-07-08T02:14:19", "influence": 3959.9, "title": "埃及全队投诉，阿根廷进球前，萨拉赫在阿根廷禁区倒地，埃及工作人员被红牌罚下。主帅"}, {"role": "初始爆料", "author": "雷速体育", "platform": "知乎", "verification_type": "普通用户", "publish_time": "2026-07-08T02:53:31", "influence": 0.3, "title": "如何评价？微博热搜前二： 裁判偏心、阿根廷脏 - 知乎"}, {"role": "传播高峰", "author": "咪咕体育", "platform": "微博", "verification_type": "认证机构", "publish_time": "2026-07-09T13:22:41", "influence": 21215.2, "title": "#FIFA认定阿根廷进球判罚正确##FIFA认定埃及进球被取消判罚正确# 对于阿"}], "top_influencers": [{"author": "咪咕体育", "platform": "微博", "verification_type": "认证机构", "publish_time": "2026-07-09T13:22:41", "influence": 21215.2, "repost_count": 1606, "like_count": 57839, "comment_count": 4515, "title": "#FIFA认定阿根廷进球判罚正确##FIFA认定埃及进球被取消判罚正确# 对于阿"}, {"author": "马克欣", "platform": "微博", "verification_type": "头部认证个人", "publish_time": "2026-07-08T03:12:36", "influence": 12922.5, "repost_count": 496, "like_count": 38750, "comment_count": 1603, "title": "#阿根廷3比2埃及##阿根廷惊天逆转# 说实话，这些标题，都不如#阿根廷 脏#带"}, {"author": "头条新闻", "platform": "微博", "verification_type": "认证机构", "publish_time": "2026-07-08T07:30:00", "influence": 11127.3, "repost_count": 443, "like_count": 31371, "comment_count": 2546, "title": "【#埃及足协向FIFA申诉#，要求全面调查勒泰西耶的严重误判】#阿根廷埃及主裁判"}, {"author": "评述员詹俊", "platform": "微博", "verification_type": "认证个人", "publish_time": "2026-07-08T02:41:41", "influence": 7730.5, "repost_count": 301, "like_count": 22100, "comment_count": 1599, "title": "#阿根廷绝杀埃及##阿根廷3比2埃及# 惊天大逆转，阿根廷队绝境逃生。埃及队的进"}, {"author": "梨视频", "platform": "微博", "verification_type": "认证机构", "publish_time": "2026-07-08T06:02:53", "influence": 5695.9, "repost_count": 182, "like_count": 15858, "comment_count": 1513, "title": "【#埃及队抗议#】阿根廷3比2埃及绝地逆转晋级。赛后，埃及主教练哈桑接受采访。“"}], "platform_chain": {"nodes": [{"name": "微博", "count": 46, "first_seen": "2026-07-08T00:46:01"}, {"name": "知乎", "count": 41, "first_seen": "2026-07-08T02:53:31"}, {"name": "澎湃新闻", "count": 4, "first_seen": "2026-07-08T11:25:00"}, {"name": "新浪新闻", "count": 27, "first_seen": "2026-07-09T16:22:12"}], "links": [{"source": "微博", "target": "知乎", "value": 41}, {"source": "知乎", "target": "澎湃新闻", "value": 4}, {"source": "澎湃新闻", "target": "新浪新闻", "value": 27}]}}', '2026-07-15 12:30:32', '2026-07-15 12:30:32');
INSERT INTO event_keywords (event_id, word, weight, rank) VALUES (2, '埃及', 1.0, 0);
INSERT INTO event_keywords (event_id, word, weight, rank) VALUES (2, '阿根廷', 0.917, 1);
INSERT INTO event_keywords (event_id, word, weight, rank) VALUES (2, '犯规', 0.566, 2);
INSERT INTO event_keywords (event_id, word, weight, rank) VALUES (2, '裁判', 0.446, 3);
INSERT INTO event_keywords (event_id, word, weight, rank) VALUES (2, '球员', 0.369, 4);
INSERT INTO event_keywords (event_id, word, weight, rank) VALUES (2, '梅西', 0.369, 5);
INSERT INTO event_keywords (event_id, word, weight, rank) VALUES (2, '队员', 0.325, 6);
INSERT INTO event_keywords (event_id, word, weight, rank) VALUES (2, '比赛', 0.316, 7);
INSERT INTO event_platforms (event_id, platform_name, ratio, rank) VALUES (2, '微博', 0.39, 0);
INSERT INTO event_platforms (event_id, platform_name, ratio, rank) VALUES (2, '知乎', 0.347, 1);
INSERT INTO event_platforms (event_id, platform_name, ratio, rank) VALUES (2, '新浪新闻', 0.229, 2);
INSERT INTO event_platforms (event_id, platform_name, ratio, rank) VALUES (2, '澎湃新闻', 0.034, 3);
INSERT INTO event_trend_daily (event_id, date, count, is_predicted) VALUES (2, '2026-07-08', 52, 0);
INSERT INTO event_trend_daily (event_id, date, count, is_predicted) VALUES (2, '2026-07-09', 17, 0);
INSERT INTO event_trend_daily (event_id, date, count, is_predicted) VALUES (2, '2026-07-10', 9, 0);
INSERT INTO event_trend_daily (event_id, date, count, is_predicted) VALUES (2, '2026-07-11', 12, 0);
INSERT INTO event_trend_daily (event_id, date, count, is_predicted) VALUES (2, '2026-07-12', 10, 0);
INSERT INTO event_trend_daily (event_id, date, count, is_predicted) VALUES (2, '2026-07-13', 5, 0);
INSERT INTO event_trend_daily (event_id, date, count, is_predicted) VALUES (2, '2026-07-14', 13, 0);
INSERT INTO event_trend_daily (event_id, date, count, is_predicted, predict_heat, predict_count) VALUES (2, '2026-07-15', 0, 1, 14.5, 14.5);
INSERT INTO event_trend_daily (event_id, date, count, is_predicted, predict_heat, predict_count) VALUES (2, '2026-07-16', 0, 1, 16.0, 16.0);
INSERT INTO event_trend_daily (event_id, date, count, is_predicted, predict_heat, predict_count) VALUES (2, '2026-07-17', 0, 1, 17.5, 17.5);

INSERT INTO events (event_id, title, heat, report_count, duplicate_count, time_start, time_end, event_time, risk_level, stage, confidence, prob_latent, prob_growth, prob_peak, prob_decline, analysis, positive, neutral, negative, sources, summary, location, cause, people, authenticity, propagation, created_at, updated_at) VALUES (3, '心潮渐息，理性登岸', 13.91, 24, 1, '2026-07-11 07:46:15', '2026-07-14 21:35:31', '2026-07-14 12:00:00', 'mid', 'growth', 0.9, 0.05, 0.9, 0.05, 0.0, '当前事件报道数量持续增加，公众关注度快速提升，处于成长期。', 0.322, 0.307, 0.371, '["微博"]', '阿根廷人吃上巴西牛排了#阿根廷主帅回击请愿逐出阿根廷# http://t.cn/AXKo7QcE。这下成阿根廷牛排了#阿根廷主帅回击请愿逐出阿根廷# http://t.cn/AXKozhdD。阿根廷牛排也挺便宜的#阿根廷主帅回击请愿逐出阿根廷# http://t.cn/AXKozisr。', '埃及、法国、瑞士', '另一个角度，再来欣赏一下阿根廷对埃及时梅西打进的凌空抽射。', '["梅西"]', '{"credibility_score": 0.397, "official_ratio": 0.0, "verified_ratio": 0.917, "plain_user_ratio": 0.083, "verification_dist": {"头部认证个人": 0.5, "认证个人": 0.375, "普通用户": 0.083, "认证机构": 0.042}, "factors": ["official_absent"]}', '{"key_nodes": [{"role": "首次大V发声", "author": "阿根廷往事", "platform": "微博", "verification_type": "头部认证个人", "publish_time": "2026-07-11T07:46:15", "influence": 516.2, "title": "另一个角度，再来欣赏一下阿根廷对埃及时梅西打进的凌空抽射。我喜欢他连跳两下这个庆"}, {"role": "传播高峰", "author": "小野的瓜田", "platform": "微博", "verification_type": "认证个人", "publish_time": "2026-07-12T10:08:52", "influence": 537.0, "title": "阿根廷被上动作：正义必胜 阿根廷给别人上动作：脏 保送 为什么会是这样[疑问] "}, {"role": "初始爆料", "author": "幸运和财富来来来", "platform": "微博", "verification_type": "普通用户", "publish_time": "2026-07-13T20:06:52", "influence": 0.0, "title": "埃及主帅最新采访：阿根廷手段卑劣爱用盘外招，故意挑衅激怒对手 @新浪新闻 htt"}], "top_influencers": [{"author": "小野的瓜田", "platform": "微博", "verification_type": "认证个人", "publish_time": "2026-07-12T10:08:52", "influence": 537.0, "repost_count": 31, "like_count": 1470, "comment_count": 130, "title": "阿根廷被上动作：正义必胜 阿根廷给别人上动作：脏 保送 为什么会是这样[疑问] "}, {"author": "阿根廷往事", "platform": "微博", "verification_type": "头部认证个人", "publish_time": "2026-07-11T07:46:15", "influence": 516.2, "repost_count": 91, "like_count": 1274, "comment_count": 86, "title": "另一个角度，再来欣赏一下阿根廷对埃及时梅西打进的凌空抽射。我喜欢他连跳两下这个庆"}, {"author": "包容万物恒河水", "platform": "微博", "verification_type": "认证个人", "publish_time": "2026-07-14T17:29:41", "influence": 224.8, "repost_count": 11, "like_count": 626, "comment_count": 52, "title": "什么玩意儿？//@铁骨铮铮落魄山:你们俄罗斯伊朗埃及长辈给了啥 http://t"}, {"author": "虎扑足球", "platform": "微博", "verification_type": "认证机构", "publish_time": "2026-07-14T14:38:06", "influence": 121.9, "repost_count": 25, "like_count": 238, "comment_count": 51, "title": "有点意思！国外小朋友还原阿根廷埃及一战裁判取消埃及进球 #虎扑说点杯##世界杯#"}, {"author": "常常常新宇", "platform": "微博", "verification_type": "认证个人", "publish_time": "2026-07-12T12:54:53", "influence": 45.5, "repost_count": 4, "like_count": 120, "comment_count": 11, "title": "阿根廷，掌管弹幕的悬念精彩之王！ #阿根廷3比1瑞士##世界杯四强# http:"}], "platform_chain": {"nodes": [{"name": "微博", "count": 24, "first_seen": "2026-07-11T07:46:15"}], "links": []}}', '2026-07-15 12:30:32', '2026-07-15 12:30:32');
INSERT INTO event_keywords (event_id, word, weight, rank) VALUES (3, '阿根廷', 1.0, 0);
INSERT INTO event_keywords (event_id, word, weight, rank) VALUES (3, '回击', 0.492, 1);
INSERT INTO event_keywords (event_id, word, weight, rank) VALUES (3, '主帅', 0.417, 2);
INSERT INTO event_keywords (event_id, word, weight, rank) VALUES (3, '埃及', 0.37, 3);
INSERT INTO event_keywords (event_id, word, weight, rank) VALUES (3, '逐出', 0.365, 4);
INSERT INTO event_keywords (event_id, word, weight, rank) VALUES (3, '法国', 0.334, 5);
INSERT INTO event_keywords (event_id, word, weight, rank) VALUES (3, '牛排', 0.268, 6);
INSERT INTO event_keywords (event_id, word, weight, rank) VALUES (3, '请愿', 0.249, 7);
INSERT INTO event_platforms (event_id, platform_name, ratio, rank) VALUES (3, '微博', 1.0, 0);
INSERT INTO event_trend_daily (event_id, date, count, is_predicted) VALUES (3, '2026-07-11', 1, 0);
INSERT INTO event_trend_daily (event_id, date, count, is_predicted) VALUES (3, '2026-07-12', 6, 0);
INSERT INTO event_trend_daily (event_id, date, count, is_predicted) VALUES (3, '2026-07-13', 2, 0);
INSERT INTO event_trend_daily (event_id, date, count, is_predicted) VALUES (3, '2026-07-14', 15, 0);
INSERT INTO event_trend_daily (event_id, date, count, is_predicted, predict_heat, predict_count) VALUES (3, '2026-07-15', 0, 1, 19.5, 19.5);
INSERT INTO event_trend_daily (event_id, date, count, is_predicted, predict_heat, predict_count) VALUES (3, '2026-07-16', 0, 1, 24.0, 24.0);
INSERT INTO event_trend_daily (event_id, date, count, is_predicted, predict_heat, predict_count) VALUES (3, '2026-07-17', 0, 1, 28.5, 28.5);

INSERT INTO events (event_id, title, heat, report_count, duplicate_count, time_start, time_end, event_time, risk_level, stage, confidence, prob_latent, prob_growth, prob_peak, prob_decline, analysis, positive, neutral, negative, sources, summary, location, cause, people, authenticity, propagation, created_at, updated_at) VALUES (4, '阿根廷以（转换）进攻为导向的逼抢', 12.248, 93, 63, '2026-06-22 15:55:41', '2026-07-14 21:10:05', '2026-07-11 12:00:00', 'mid_high', 'decline', 0.9, 0.0, 0.0, 0.1, 0.9, '当前事件报道数量持续下降，公众关注度减弱，处于衰退期。', 0.302, 0.372, 0.326, '["人民网", "微博", "新浪新闻", "澎湃新闻", "知乎"]', '从两球落后，到比赛临近结束时的连入三球逆转，阿根廷队上演了美加墨世界杯开赛至今，最为跌宕起伏的一场大戏。新华社记者 程敏 摄 连场进球 梅西在阿根廷队3:2逆转战胜埃及队的比赛中打进一球，将自己保持的世界杯连续进球场次扩大到9场。与瑞士队正面交锋，阿根廷队依然是更被看好过关的热门，但经历了前两场比赛的跌跌撞撞，蓝白军团的状态多少难以让人放心。', '埃及、瑞士、美加墨', '从妈宝男到节拍器，折腾自己10年的拉比奥，浪子回头_运动家_澎湃新闻-The Paper。', '["斯卡", "洛尼", "罗梅罗", "梅里", "阿尔瓦雷"]', '{"credibility_score": 0.58, "official_ratio": 0.581, "verified_ratio": 0.688, "plain_user_ratio": 0.312, "verification_dist": {"官方平台": 0.581, "普通用户": 0.312, "认证个人": 0.054, "头部认证个人": 0.032, "认证机构": 0.022}, "factors": ["high_duplicate_rate", "well_sourced"]}', '{"key_nodes": [{"role": "首次官方媒体介入", "author": "人民网", "platform": "人民网", "verification_type": "官方平台", "publish_time": "2026-06-22T15:55:41", "influence": 0.0, "title": "世界杯播报丨姆巴佩将迎国家队里程碑 梅西能否创造新历史--文旅·体育--人民网"}, {"role": "首次大V发声", "author": "参考消息", "platform": "微博", "verification_type": "认证机构", "publish_time": "2026-06-28T12:49:57", "influence": 2662.9, "title": "【外媒：#伊朗队队长怒斥国际足联#】据西班牙《先锋报》网站6月27日报道，在美加"}, {"role": "初始爆料", "author": "老司机讲鬼故事", "platform": "知乎", "verification_type": "普通用户", "publish_time": "2026-06-28T18:02:12", "influence": 3.4, "title": "要看你怎么定义假球了阿尔及利亚和奥地利的那场比赛，从70分钟开始，到伤停补时，这"}, {"role": "传播高峰", "author": "咪咕足球", "platform": "微博", "verification_type": "认证机构", "publish_time": "2026-07-04T08:44:49", "influence": 11619.5, "title": "#阿根廷16强# 2026世界杯1/16决赛，卫冕冠军阿根廷3-2力克佛得角，晋"}], "top_influencers": [{"author": "咪咕足球", "platform": "微博", "verification_type": "认证机构", "publish_time": "2026-07-04T08:44:49", "influence": 11619.5, "repost_count": 1561, "like_count": 30275, "comment_count": 1952, "title": "#阿根廷16强# 2026世界杯1/16决赛，卫冕冠军阿根廷3-2力克佛得角，晋"}, {"author": "参考消息", "platform": "微博", "verification_type": "认证机构", "publish_time": "2026-06-28T12:49:57", "influence": 2662.9, "repost_count": 297, "like_count": 6548, "comment_count": 803, "title": "【外媒：#伊朗队队长怒斥国际足联#】据西班牙《先锋报》网站6月27日报道，在美加"}, {"author": "DeMess1Cafe", "platform": "微博", "verification_type": "认证个人", "publish_time": "2026-07-12T12:14:19", "influence": 2076.3, "repost_count": 532, "like_count": 4691, "comment_count": 274, "title": "斯卡赛后情绪有点崩 我都不忍心了，都不容易[捂嘴哭] ——记者：“在阿根廷的时候"}, {"author": "Super Mario", "platform": "知乎", "verification_type": "认证个人", "publish_time": "2026-07-10T19:23:50", "influence": 259.3, "repost_count": 0, "like_count": 586, "comment_count": 167, "title": "我做为一个梅西的球迷，看完对佛得角和埃及的比赛，已经对阿根廷夺冠不抱有任何希望。"}, {"author": "arze", "platform": "知乎", "verification_type": "普通用户", "publish_time": "2026-07-13T17:33:08", "influence": 206.6, "repost_count": 0, "like_count": 412, "comment_count": 166, "title": "为什么淘汰赛阿根廷一领先就放弃进攻？我大概是明白它的比赛策略了。其实2026年和"}], "platform_chain": {"nodes": [{"name": "人民网", "count": 10, "first_seen": "2026-06-22T15:55:41"}, {"name": "澎湃新闻", "count": 26, "first_seen": "2026-06-28T00:00:00"}, {"name": "微博", "count": 5, "first_seen": "2026-06-28T12:49:57"}, {"name": "知乎", "count": 35, "first_seen": "2026-06-28T18:02:12"}, {"name": "新浪新闻", "count": 13, "first_seen": "2026-07-10T17:17:49.000001"}], "links": [{"source": "人民网", "target": "澎湃新闻", "value": 26}, {"source": "澎湃新闻", "target": "微博", "value": 5}, {"source": "微博", "target": "知乎", "value": 35}, {"source": "知乎", "target": "新浪新闻", "value": 13}]}}', '2026-07-15 12:30:32', '2026-07-15 12:30:32');
INSERT INTO event_keywords (event_id, word, weight, rank) VALUES (4, '阿根廷', 1.0, 0);
INSERT INTO event_keywords (event_id, word, weight, rank) VALUES (4, '世界杯', 0.838, 1);
INSERT INTO event_keywords (event_id, word, weight, rank) VALUES (4, '瑞士', 0.67, 2);
INSERT INTO event_keywords (event_id, word, weight, rank) VALUES (4, '阿根廷队', 0.619, 3);
INSERT INTO event_keywords (event_id, word, weight, rank) VALUES (4, '摩洛哥', 0.51, 4);
INSERT INTO event_keywords (event_id, word, weight, rank) VALUES (4, '比奥', 0.466, 5);
INSERT INTO event_keywords (event_id, word, weight, rank) VALUES (4, '姆巴', 0.466, 6);
INSERT INTO event_keywords (event_id, word, weight, rank) VALUES (4, '比赛', 0.443, 7);
INSERT INTO event_platforms (event_id, platform_name, ratio, rank) VALUES (4, '知乎', 0.376, 0);
INSERT INTO event_platforms (event_id, platform_name, ratio, rank) VALUES (4, '澎湃新闻', 0.323, 1);
INSERT INTO event_platforms (event_id, platform_name, ratio, rank) VALUES (4, '新浪新闻', 0.14, 2);
INSERT INTO event_platforms (event_id, platform_name, ratio, rank) VALUES (4, '人民网', 0.108, 3);
INSERT INTO event_platforms (event_id, platform_name, ratio, rank) VALUES (4, '微博', 0.054, 4);
INSERT INTO event_trend_daily (event_id, date, count, is_predicted) VALUES (4, '2026-06-22', 1, 0);
INSERT INTO event_trend_daily (event_id, date, count, is_predicted) VALUES (4, '2026-06-23', 2, 0);
INSERT INTO event_trend_daily (event_id, date, count, is_predicted) VALUES (4, '2026-06-24', 0, 0);
INSERT INTO event_trend_daily (event_id, date, count, is_predicted) VALUES (4, '2026-06-25', 0, 0);
INSERT INTO event_trend_daily (event_id, date, count, is_predicted) VALUES (4, '2026-06-26', 0, 0);
INSERT INTO event_trend_daily (event_id, date, count, is_predicted) VALUES (4, '2026-06-27', 1, 0);
INSERT INTO event_trend_daily (event_id, date, count, is_predicted) VALUES (4, '2026-06-28', 3, 0);
INSERT INTO event_trend_daily (event_id, date, count, is_predicted) VALUES (4, '2026-06-29', 0, 0);
INSERT INTO event_trend_daily (event_id, date, count, is_predicted) VALUES (4, '2026-06-30', 1, 0);
INSERT INTO event_trend_daily (event_id, date, count, is_predicted) VALUES (4, '2026-07-01', 0, 0);
INSERT INTO event_trend_daily (event_id, date, count, is_predicted) VALUES (4, '2026-07-02', 0, 0);
INSERT INTO event_trend_daily (event_id, date, count, is_predicted) VALUES (4, '2026-07-03', 0, 0);
INSERT INTO event_trend_daily (event_id, date, count, is_predicted) VALUES (4, '2026-07-04', 6, 0);
INSERT INTO event_trend_daily (event_id, date, count, is_predicted) VALUES (4, '2026-07-05', 1, 0);
INSERT INTO event_trend_daily (event_id, date, count, is_predicted) VALUES (4, '2026-07-06', 1, 0);
INSERT INTO event_trend_daily (event_id, date, count, is_predicted) VALUES (4, '2026-07-07', 0, 0);
INSERT INTO event_trend_daily (event_id, date, count, is_predicted) VALUES (4, '2026-07-08', 14, 0);
INSERT INTO event_trend_daily (event_id, date, count, is_predicted) VALUES (4, '2026-07-09', 4, 0);
INSERT INTO event_trend_daily (event_id, date, count, is_predicted) VALUES (4, '2026-07-10', 9, 0);
INSERT INTO event_trend_daily (event_id, date, count, is_predicted) VALUES (4, '2026-07-11', 16, 0);
INSERT INTO event_trend_daily (event_id, date, count, is_predicted) VALUES (4, '2026-07-12', 14, 0);
INSERT INTO event_trend_daily (event_id, date, count, is_predicted) VALUES (4, '2026-07-13', 8, 0);
INSERT INTO event_trend_daily (event_id, date, count, is_predicted) VALUES (4, '2026-07-14', 8, 0);
INSERT INTO event_trend_daily (event_id, date, count, is_predicted, predict_heat, predict_count) VALUES (4, '2026-07-15', 0, 1, 5.0, 5.0);
INSERT INTO event_trend_daily (event_id, date, count, is_predicted, predict_heat, predict_count) VALUES (4, '2026-07-16', 0, 1, 2.0, 2.0);
INSERT INTO event_trend_daily (event_id, date, count, is_predicted, predict_heat, predict_count) VALUES (4, '2026-07-17', 0, 1, 0.0, 0.0);

INSERT INTO events (event_id, title, heat, report_count, duplicate_count, time_start, time_end, event_time, risk_level, stage, confidence, prob_latent, prob_growth, prob_peak, prob_decline, analysis, positive, neutral, negative, sources, summary, location, cause, people, authenticity, propagation, created_at, updated_at) VALUES (5, '在线分析！阿根廷和埃及这场球有没有吹黑哨？', 11.389, 31, 11, '2026-07-08 08:08:17', '2026-07-14 20:45:03', '2026-07-14 12:00:00', 'mid_high', 'decline', 0.9, 0.0, 0.0, 0.1, 0.9, '当前事件报道数量持续下降，公众关注度减弱，处于衰退期。', 0.477, 0.269, 0.254, '["微博", "新浪新闻", "知乎"]', '主裁判先判阿根廷球员犯规，VAR回看后改判恩博洛假摔，给他黄牌。或者在尺度统一的情况下，裁判容忍阿根廷也容忍瑞士，恩波洛不该吃到第一张黄牌，也就没有后面的事情了。恩波洛有点搞笑的假摔，找的是这张被欠了30分钟的黄牌，如果主裁判给了牌，只是相当于帕雷德斯晚了30分钟吃黄，整体阿根廷小赚，但是大体把尺度拉回来一些。', '瑞士、埃及、美加墨', '当年悄悄收钱，却被球迷公认金哨的陆俊说过，黑哨不会在关键上下手脚，相反手段非常隐蔽。', '["恩博洛", "帕雷德", "奥莱", "高清", "陆俊"]', '{"credibility_score": 0.434, "official_ratio": 0.29, "verified_ratio": 0.677, "plain_user_ratio": 0.323, "verification_dist": {"普通用户": 0.323, "官方平台": 0.29, "认证个人": 0.226, "头部认证个人": 0.161}, "factors": ["well_sourced"]}', '{"key_nodes": [{"role": "初始爆料", "author": "Herry", "platform": "知乎", "verification_type": "普通用户", "publish_time": "2026-07-08T08:08:17.000001", "influence": 1073.6, "title": "当年悄悄收钱，却被球迷公认金哨的陆俊说过，黑哨不会在关键上下手脚，相反手段非常隐"}, {"role": "首次大V发声", "author": "2中1", "platform": "微博", "verification_type": "头部认证个人", "publish_time": "2026-07-12T13:06:25.999999", "influence": 445.5, "title": "恩博洛吃第二张黄牌有点冤，这次身体对抗很轻微，他只是没站稳倒地，没想骗犯规。 主"}, {"role": "首次官方媒体介入", "author": "夜白侃球", "platform": "新浪新闻", "verification_type": "官方平台", "publish_time": "2026-07-12T15:42:55", "influence": 0.0, "title": "“保送阿根廷”舆论再起！争议红牌助力阿根廷淘汰瑞士挺进世界杯四强"}], "top_influencers": [{"author": "Herry", "platform": "知乎", "verification_type": "普通用户", "publish_time": "2026-07-08T08:08:17.000001", "influence": 1073.6, "repost_count": 0, "like_count": 2947, "comment_count": 379, "title": "当年悄悄收钱，却被球迷公认金哨的陆俊说过，黑哨不会在关键上下手脚，相反手段非常隐"}, {"author": "2中1", "platform": "微博", "verification_type": "头部认证个人", "publish_time": "2026-07-12T13:06:25.999999", "influence": 445.5, "repost_count": 8, "like_count": 1005, "comment_count": 272, "title": "恩博洛吃第二张黄牌有点冤，这次身体对抗很轻微，他只是没站稳倒地，没想骗犯规。 主"}, {"author": "毛毛虫菠萝", "platform": "知乎", "verification_type": "普通用户", "publish_time": "2026-07-08T21:52:29", "influence": 200.4, "repost_count": 0, "like_count": 278, "comment_count": 234, "title": "如果你是埃及球迷，基于情绪和取向当然可以觉得偏哨；如果你是罗哥球迷或者皇马球迷，"}, {"author": "唐崇哲", "platform": "知乎", "verification_type": "认证个人", "publish_time": "2026-07-12T10:27:02", "influence": 170.4, "repost_count": 0, "like_count": 178, "comment_count": 234, "title": "最后给没看球的人，说一下恩波洛第一张黄牌和那几分钟发生的事情吧。评论区团建，始终"}, {"author": "何呜", "platform": "知乎", "verification_type": "普通用户", "publish_time": "2026-07-11T17:50:05", "influence": 133.3, "repost_count": 0, "like_count": 301, "comment_count": 86, "title": "最开始，统一口径，直接盖棺定论史诗级黑哨，咬死阿根廷靠判罚占便宜。结果高清逐帧动"}], "platform_chain": {"nodes": [{"name": "知乎", "count": 12, "first_seen": "2026-07-08T08:08:17.000001"}, {"name": "微博", "count": 10, "first_seen": "2026-07-12T13:06:25.999999"}, {"name": "新浪新闻", "count": 9, "first_seen": "2026-07-12T15:42:55"}], "links": [{"source": "知乎", "target": "微博", "value": 10}, {"source": "微博", "target": "新浪新闻", "value": 9}]}}', '2026-07-15 12:30:32', '2026-07-15 12:30:32');
INSERT INTO event_keywords (event_id, word, weight, rank) VALUES (5, '阿根廷', 1.0, 0);
INSERT INTO event_keywords (event_id, word, weight, rank) VALUES (5, '恩波洛', 0.465, 1);
INSERT INTO event_keywords (event_id, word, weight, rank) VALUES (5, '裁判', 0.447, 2);
INSERT INTO event_keywords (event_id, word, weight, rank) VALUES (5, '皇马', 0.299, 3);
INSERT INTO event_keywords (event_id, word, weight, rank) VALUES (5, '黄牌', 0.264, 4);
INSERT INTO event_keywords (event_id, word, weight, rank) VALUES (5, '球迷', 0.257, 5);
INSERT INTO event_keywords (event_id, word, weight, rank) VALUES (5, 'VAR', 0.252, 6);
INSERT INTO event_keywords (event_id, word, weight, rank) VALUES (5, '黑哨', 0.246, 7);
INSERT INTO event_platforms (event_id, platform_name, ratio, rank) VALUES (5, '知乎', 0.387, 0);
INSERT INTO event_platforms (event_id, platform_name, ratio, rank) VALUES (5, '微博', 0.323, 1);
INSERT INTO event_platforms (event_id, platform_name, ratio, rank) VALUES (5, '新浪新闻', 0.29, 2);
INSERT INTO event_trend_daily (event_id, date, count, is_predicted) VALUES (5, '2026-07-08', 3, 0);
INSERT INTO event_trend_daily (event_id, date, count, is_predicted) VALUES (5, '2026-07-09', 1, 0);
INSERT INTO event_trend_daily (event_id, date, count, is_predicted) VALUES (5, '2026-07-10', 0, 0);
INSERT INTO event_trend_daily (event_id, date, count, is_predicted) VALUES (5, '2026-07-11', 1, 0);
INSERT INTO event_trend_daily (event_id, date, count, is_predicted) VALUES (5, '2026-07-12', 7, 0);
INSERT INTO event_trend_daily (event_id, date, count, is_predicted) VALUES (5, '2026-07-13', 8, 0);
INSERT INTO event_trend_daily (event_id, date, count, is_predicted) VALUES (5, '2026-07-14', 11, 0);
INSERT INTO event_trend_daily (event_id, date, count, is_predicted, predict_heat, predict_count) VALUES (5, '2026-07-15', 0, 1, 13.0, 13.0);
INSERT INTO event_trend_daily (event_id, date, count, is_predicted, predict_heat, predict_count) VALUES (5, '2026-07-16', 0, 1, 15.0, 15.0);
INSERT INTO event_trend_daily (event_id, date, count, is_predicted, predict_heat, predict_count) VALUES (5, '2026-07-17', 0, 1, 17.0, 17.0);

INSERT INTO events (event_id, title, heat, report_count, duplicate_count, time_start, time_end, event_time, risk_level, stage, confidence, prob_latent, prob_growth, prob_peak, prob_decline, analysis, positive, neutral, negative, sources, summary, location, cause, people, authenticity, propagation, created_at, updated_at) VALUES (6, '历届世界杯冠军都是谁', 9.872, 40, 8, '2026-07-11 19:40:26', '2026-07-14 16:40:00', '2026-07-12 12:00:00', 'mid', 'decline', 0.9, 0.0, 0.0, 0.1, 0.9, '当前事件报道数量持续下降，公众关注度减弱，处于衰退期。', 0.676, 0.197, 0.127, '["微博", "新浪新闻", "澎湃新闻", "知乎"]', '视觉中国 图 当地时间2026年7月11日，美国佛罗里达州迈阿密花园，2026世界杯1/4决赛，挪威对阵英格兰。视觉中国 图 1998年6月30日，1998世界杯英格兰对阵阿根廷，英格兰队的欧文与阿根廷球员争球。视觉中国 图 当地时间1966年7月23日，英国伦敦，1966年世界杯1/4决赛，英格兰队以1-0击败阿根廷队。', '英格兰、挪威、法国', '先过了瑞士再考虑 假如过了瑞士 四强不管面对英格兰还是挪威都有机会 打英格兰有精神属性加成 打挪威属。', '["贝林厄姆", "哈兰德", "梅西", "凯恩", "蒂尔"]', '{"credibility_score": 0.574, "official_ratio": 0.425, "verified_ratio": 0.8, "plain_user_ratio": 0.2, "verification_dist": {"官方平台": 0.425, "普通用户": 0.2, "认证个人": 0.175, "头部认证个人": 0.175, "认证机构": 0.025}, "factors": ["well_sourced"]}', '{"key_nodes": [{"role": "初始爆料", "author": "坦克小哥哥", "platform": "知乎", "verification_type": "普通用户", "publish_time": "2026-07-11T19:40:26", "influence": 0.8, "title": "先过了瑞士再考虑 假如过了瑞士 四强不管面对英格兰还是挪威都有机会 打英格兰有精"}, {"role": "首次官方媒体介入", "author": "启示者手书", "platform": "新浪新闻", "verification_type": "官方平台", "publish_time": "2026-07-12T07:53:00", "influence": 0.0, "title": "2-1逆转！英格兰挺进四强，23岁巨星闪耀世界杯，两个争议镜头！"}, {"role": "传播高峰", "author": "王玮晨", "platform": "微博", "verification_type": "认证个人", "publish_time": "2026-07-12T08:12:18", "influence": 1291.3, "title": "这场赛后可能还有争议。 贝林厄姆打入的那粒扳平进球，挪威守门员开大脚，球先击中了"}, {"role": "首次大V发声", "author": "直播吧", "platform": "微博", "verification_type": "认证机构", "publish_time": "2026-07-12T12:14:12.000001", "influence": 95.2, "title": "索尔巴肯：哈兰德本届世界杯透支了全部体能，但整体表现堪称完美 在挪威1-2负于英"}], "top_influencers": [{"author": "王玮晨", "platform": "微博", "verification_type": "认证个人", "publish_time": "2026-07-12T08:12:18", "influence": 1291.3, "repost_count": 61, "like_count": 3401, "comment_count": 420, "title": "这场赛后可能还有争议。 贝林厄姆打入的那粒扳平进球，挪威守门员开大脚，球先击中了"}, {"author": "红魔巨星", "platform": "微博", "verification_type": "头部认证个人", "publish_time": "2026-07-12T13:23:38", "influence": 150.0, "repost_count": 9, "like_count": 330, "comment_count": 84, "title": "国际足联又陷争议，疑似为英阿大战“操盘”！ 英格兰2-1险胜挪威进四强，这胜利却"}, {"author": "直播吧", "platform": "微博", "verification_type": "认证机构", "publish_time": "2026-07-12T12:14:12.000001", "influence": 95.2, "repost_count": 20, "like_count": 199, "comment_count": 31, "title": "索尔巴肯：哈兰德本届世界杯透支了全部体能，但整体表现堪称完美 在挪威1-2负于英"}, {"author": "Njone足球梦想", "platform": "知乎", "verification_type": "普通用户", "publish_time": "2026-07-12T14:55:32", "influence": 90.9, "repost_count": 0, "like_count": 203, "comment_count": 60, "title": "世界杯四强凑齐了——法国、西班牙、英格兰、阿根廷。国际足联排名前四，一个不差。挪"}, {"author": "A-Promised-Land1", "platform": "微博", "verification_type": "认证个人", "publish_time": "2026-07-12T14:57:38", "influence": 84.6, "repost_count": 14, "like_count": 202, "comment_count": 20, "title": "越是稀烂的国家，越输不起。埃及队输给阿根廷之后，毫无底线地攻击当值裁判，认为人家"}], "platform_chain": {"nodes": [{"name": "知乎", "count": 10, "first_seen": "2026-07-11T19:40:26"}, {"name": "微博", "count": 13, "first_seen": "2026-07-12T07:43:37"}, {"name": "新浪新闻", "count": 14, "first_seen": "2026-07-12T07:53:00"}, {"name": "澎湃新闻", "count": 3, "first_seen": "2026-07-12T08:59:00"}], "links": [{"source": "知乎", "target": "微博", "value": 13}, {"source": "微博", "target": "新浪新闻", "value": 14}, {"source": "新浪新闻", "target": "澎湃新闻", "value": 3}]}}', '2026-07-15 12:30:32', '2026-07-15 12:30:32');
INSERT INTO event_keywords (event_id, word, weight, rank) VALUES (6, '阿根廷', 1.0, 0);
INSERT INTO event_keywords (event_id, word, weight, rank) VALUES (6, '世界杯', 0.942, 1);
INSERT INTO event_keywords (event_id, word, weight, rank) VALUES (6, '英格兰', 0.729, 2);
INSERT INTO event_keywords (event_id, word, weight, rank) VALUES (6, '对阵', 0.567, 3);
INSERT INTO event_keywords (event_id, word, weight, rank) VALUES (6, '视觉', 0.55, 4);
INSERT INTO event_keywords (event_id, word, weight, rank) VALUES (6, '中国', 0.55, 5);
INSERT INTO event_keywords (event_id, word, weight, rank) VALUES (6, '英格兰队', 0.543, 6);
INSERT INTO event_keywords (event_id, word, weight, rank) VALUES (6, '当地', 0.527, 7);
INSERT INTO event_platforms (event_id, platform_name, ratio, rank) VALUES (6, '新浪新闻', 0.35, 0);
INSERT INTO event_platforms (event_id, platform_name, ratio, rank) VALUES (6, '微博', 0.325, 1);
INSERT INTO event_platforms (event_id, platform_name, ratio, rank) VALUES (6, '知乎', 0.25, 2);
INSERT INTO event_platforms (event_id, platform_name, ratio, rank) VALUES (6, '澎湃新闻', 0.075, 3);
INSERT INTO event_trend_daily (event_id, date, count, is_predicted) VALUES (6, '2026-07-11', 2, 0);
INSERT INTO event_trend_daily (event_id, date, count, is_predicted) VALUES (6, '2026-07-12', 27, 0);
INSERT INTO event_trend_daily (event_id, date, count, is_predicted) VALUES (6, '2026-07-13', 7, 0);
INSERT INTO event_trend_daily (event_id, date, count, is_predicted) VALUES (6, '2026-07-14', 4, 0);
INSERT INTO event_trend_daily (event_id, date, count, is_predicted, predict_heat, predict_count) VALUES (6, '2026-07-15', 0, 1, 0.0, 0.0);
INSERT INTO event_trend_daily (event_id, date, count, is_predicted, predict_heat, predict_count) VALUES (6, '2026-07-16', 0, 1, 0.0, 0.0);
INSERT INTO event_trend_daily (event_id, date, count, is_predicted, predict_heat, predict_count) VALUES (6, '2026-07-17', 0, 1, 0.0, 0.0);

INSERT INTO events (event_id, title, heat, report_count, duplicate_count, time_start, time_end, event_time, risk_level, stage, confidence, prob_latent, prob_growth, prob_peak, prob_decline, analysis, positive, neutral, negative, sources, summary, location, cause, people, authenticity, propagation, created_at, updated_at) VALUES (7, '梅西在迈阿密的家', 9.606, 24, 2, '2026-07-12 10:04:41', '2026-07-14 19:15:22', '2026-07-13 12:00:00', 'mid', 'decline', 0.9, 0.0, 0.0, 0.1, 0.9, '当前事件报道数量持续下降，公众关注度减弱，处于衰退期。', 0.573, 0.271, 0.156, '["微博", "新浪新闻", "知乎"]', '球员之间从来没有人想成为梅西，而是都去选择辅助梅西，用一次次传球为梅西铺路，助力阿根廷球队获胜。阿根廷球员用一次次传球为梅西铺路。阿根廷球员用一次次传球为梅西铺路 #王濛[超话]# 【#阿根廷球员用一次次传球为梅西铺路#】阿根廷成功进入2026美加墨世界杯四强。', '梅西、巴萨、美加墨', '100岁美国网红老妪场边举牌支持梅西。', '["帕雷德", "图拉姆", "迈阿密", "亚姆", "迪诺"]', '{"credibility_score": 0.802, "official_ratio": 0.792, "verified_ratio": 0.833, "plain_user_ratio": 0.167, "verification_dist": {"官方平台": 0.792, "普通用户": 0.167, "认证个人": 0.042}, "factors": ["well_sourced"]}', '{"key_nodes": [{"role": "首次官方媒体介入", "author": "狍子歪解体坛", "platform": "新浪新闻", "verification_type": "官方平台", "publish_time": "2026-07-12T10:04:41", "influence": 0.0, "title": "100岁美国网红老妪场边举牌支持梅西！去年举牌“梅西娶我”走红"}, {"role": "初始爆料", "author": "宅男崔小闹", "platform": "知乎", "verification_type": "普通用户", "publish_time": "2026-07-12T17:11:13", "influence": 108.2, "title": "这个星球上最大的梅吹，是皇马主席佛罗伦迪诺。他当年为了梅西向巴萨报价了好几次，最"}], "top_influencers": [{"author": "宅男崔小闹", "platform": "知乎", "verification_type": "普通用户", "publish_time": "2026-07-12T17:11:13", "influence": 108.2, "repost_count": 0, "like_count": 254, "comment_count": 64, "title": "这个星球上最大的梅吹，是皇马主席佛罗伦迪诺。他当年为了梅西向巴萨报价了好几次，最"}, {"author": "大萌不懂球", "platform": "微博", "verification_type": "认证个人", "publish_time": "2026-07-12T12:31:15", "influence": 6.7, "repost_count": 3, "like_count": 9, "comment_count": 2, "title": "不懂球更新【Vol.220 赞美梅西！歌颂梅西！】 借着阿根廷艰难晋级半决赛，吹"}, {"author": "呆木木", "platform": "知乎", "verification_type": "普通用户", "publish_time": "2026-07-14T11:05:18", "influence": 0.3, "repost_count": 0, "like_count": 1, "comment_count": 0, "title": "这个帽子有什么不好?足球本身就是团队运动，没有体系、破坏体系才是最搞笑的。梅西特"}, {"author": "梅黑不要装球迷", "platform": "知乎", "verification_type": "普通用户", "publish_time": "2026-07-14T19:15:22.999999", "influence": 0.3, "repost_count": 0, "like_count": 1, "comment_count": 0, "title": "如何看待 500万人请愿逐出阿根廷，而阿根廷主帅称 VAR 时代裁判不存在偏袒？"}], "platform_chain": {"nodes": [{"name": "新浪新闻", "count": 19, "first_seen": "2026-07-12T10:04:41"}, {"name": "微博", "count": 1, "first_seen": "2026-07-12T12:31:15"}, {"name": "知乎", "count": 4, "first_seen": "2026-07-12T17:11:13"}], "links": [{"source": "新浪新闻", "target": "微博", "value": 1}, {"source": "微博", "target": "知乎", "value": 4}]}}', '2026-07-15 12:30:32', '2026-07-15 12:30:32');
INSERT INTO event_keywords (event_id, word, weight, rank) VALUES (7, '梅西', 1.0, 0);
INSERT INTO event_keywords (event_id, word, weight, rank) VALUES (7, '皇家', 0.437, 1);
INSERT INTO event_keywords (event_id, word, weight, rank) VALUES (7, '体系', 0.414, 2);
INSERT INTO event_keywords (event_id, word, weight, rank) VALUES (7, '球员', 0.277, 3);
INSERT INTO event_keywords (event_id, word, weight, rank) VALUES (7, '阿根廷', 0.263, 4);
INSERT INTO event_keywords (event_id, word, weight, rank) VALUES (7, '阿根廷队', 0.254, 5);
INSERT INTO event_keywords (event_id, word, weight, rank) VALUES (7, '包衣', 0.25, 6);
INSERT INTO event_keywords (event_id, word, weight, rank) VALUES (7, '传球', 0.201, 7);
INSERT INTO event_platforms (event_id, platform_name, ratio, rank) VALUES (7, '新浪新闻', 0.792, 0);
INSERT INTO event_platforms (event_id, platform_name, ratio, rank) VALUES (7, '知乎', 0.167, 1);
INSERT INTO event_platforms (event_id, platform_name, ratio, rank) VALUES (7, '微博', 0.042, 2);
INSERT INTO event_trend_daily (event_id, date, count, is_predicted) VALUES (7, '2026-07-12', 5, 0);
INSERT INTO event_trend_daily (event_id, date, count, is_predicted) VALUES (7, '2026-07-13', 10, 0);
INSERT INTO event_trend_daily (event_id, date, count, is_predicted) VALUES (7, '2026-07-14', 9, 0);
INSERT INTO event_trend_daily (event_id, date, count, is_predicted, predict_heat, predict_count) VALUES (7, '2026-07-15', 0, 1, 11.0, 11.0);
INSERT INTO event_trend_daily (event_id, date, count, is_predicted, predict_heat, predict_count) VALUES (7, '2026-07-16', 0, 1, 13.0, 13.0);
INSERT INTO event_trend_daily (event_id, date, count, is_predicted, predict_heat, predict_count) VALUES (7, '2026-07-17', 0, 1, 15.0, 15.0);

INSERT INTO events (event_id, title, heat, report_count, duplicate_count, time_start, time_end, event_time, risk_level, stage, confidence, prob_latent, prob_growth, prob_peak, prob_decline, analysis, positive, neutral, negative, sources, summary, location, cause, people, authenticity, propagation, created_at, updated_at) VALUES (8, '梅西带领阿根廷队登场！', 8.796, 44, 2, '2026-07-10 23:27:43', '2026-07-14 14:31:18', '2026-07-12 12:00:00', 'mid', 'decline', 0.9, 0.0, 0.0, 0.1, 0.9, '当前事件报道数量持续下降，公众关注度减弱，处于衰退期。', 0.507, 0.329, 0.164, '["微博", "新浪新闻", "知乎"]', '图片来源于网络 本以为瑞士会死守，没想到开场主动压着阿根廷打，好几次反击看着都要破门。图片来源于网络 中场休息过后阿根廷打法偏保守，收缩防线减少前场逼抢，给了瑞士充足的中场控球空间。图片来源于网络 加时赛阿根廷多打一人持续压上进攻，瑞士全员收缩死守。', '瑞士、埃及、美加墨', '但凡认真看过几场阿根廷队踢球就会知道，这球队踢得脏，小动作不断搞人心态，为了赢什么下三滥的手段都用。', '["斯卡", "洛尼", "阿尔瓦雷", "恩博洛", "卡利斯"]', '{"credibility_score": 0.446, "official_ratio": 0.25, "verified_ratio": 0.795, "plain_user_ratio": 0.205, "verification_dist": {"认证个人": 0.455, "官方平台": 0.25, "普通用户": 0.205, "头部认证个人": 0.091}, "factors": ["well_sourced"]}', '{"key_nodes": [{"role": "初始爆料", "author": "曾经", "platform": "知乎", "verification_type": "普通用户", "publish_time": "2026-07-10T23:27:43", "influence": 71.8, "title": "但凡认真看过几场阿根廷队踢球就会知道，这球队踢得脏，小动作不断搞人心态，为了赢什"}, {"role": "首次官方媒体介入", "author": "欧洲足球记录者", "platform": "新浪新闻", "verification_type": "官方平台", "publish_time": "2026-07-12T07:39:10", "influence": 0.0, "title": "阿根廷队来了！"}, {"role": "首次大V发声", "author": "李平康_", "platform": "微博", "verification_type": "头部认证个人", "publish_time": "2026-07-12T11:32:24", "influence": 6.6, "title": "#瑞士 脏# 上一场热搜是阿根廷脏，现在又说瑞士脏，咱们这都玩闹呢？都是很正常的"}, {"role": "传播高峰", "author": "DeMess1Cafe", "platform": "微博", "verification_type": "认证个人", "publish_time": "2026-07-12T16:00:40", "influence": 395.4, "title": "阿根廷vs瑞士，赛后瑞士球员曼赞比拿到了梅西的球衣还答应给记者炫耀了😎 #阿根廷"}], "top_influencers": [{"author": "DeMess1Cafe", "platform": "微博", "verification_type": "认证个人", "publish_time": "2026-07-12T16:00:40", "influence": 395.4, "repost_count": 22, "like_count": 1193, "comment_count": 31, "title": "阿根廷vs瑞士，赛后瑞士球员曼赞比拿到了梅西的球衣还答应给记者炫耀了😎 #阿根廷"}, {"author": "牛师傅Goat", "platform": "微博", "verification_type": "认证个人", "publish_time": "2026-07-12T11:27:24", "influence": 359.9, "repost_count": 7, "like_count": 823, "comment_count": 212, "title": "#世界杯[超话]# 看看梅西撞成什么样了 也别任意球了，直接给点球算了 考虑到八"}, {"author": "牛师傅Goat", "platform": "微博", "verification_type": "认证个人", "publish_time": "2026-07-12T12:32:48", "influence": 183.1, "repost_count": 4, "like_count": 417, "comment_count": 108, "title": "#世界杯[超话]# 两三句话就能解释的为啥要解释四百多条？ 是不是有人在急？ 是"}, {"author": "骆明微博", "platform": "微博", "verification_type": "认证个人", "publish_time": "2026-07-12T13:13:07", "influence": 137.6, "repost_count": 20, "like_count": 307, "comment_count": 51, "title": "只能说做一个体面的输家很难，我们自己去可能也一样。但另外一方面也说明，哪怕是教练"}, {"author": "你有大力神杯吗", "platform": "微博", "verification_type": "认证个人", "publish_time": "2026-07-12T12:04:25", "influence": 107.5, "repost_count": 2, "like_count": 295, "comment_count": 34, "title": "我已经能想象到16号那场得有多血雨腥风了🚬🚬🚬 #瑞士 脏##瑞士 假摔##阿根"}], "platform_chain": {"nodes": [{"name": "知乎", "count": 2, "first_seen": "2026-07-10T23:27:43"}, {"name": "新浪新闻", "count": 11, "first_seen": "2026-07-12T07:39:10"}, {"name": "微博", "count": 31, "first_seen": "2026-07-12T10:38:30"}], "links": [{"source": "知乎", "target": "新浪新闻", "value": 11}, {"source": "新浪新闻", "target": "微博", "value": 31}]}}', '2026-07-15 12:30:32', '2026-07-15 12:30:32');
INSERT INTO event_keywords (event_id, word, weight, rank) VALUES (8, '阿根廷', 1.0, 0);
INSERT INTO event_keywords (event_id, word, weight, rank) VALUES (8, '瑞士', 0.897, 1);
INSERT INTO event_keywords (event_id, word, weight, rank) VALUES (8, '分钟', 0.475, 2);
INSERT INTO event_keywords (event_id, word, weight, rank) VALUES (8, '图片', 0.463, 3);
INSERT INTO event_keywords (event_id, word, weight, rank) VALUES (8, '来源于', 0.463, 4);
INSERT INTO event_keywords (event_id, word, weight, rank) VALUES (8, '网络', 0.463, 5);
INSERT INTO event_keywords (event_id, word, weight, rank) VALUES (8, '梅西', 0.388, 6);
INSERT INTO event_keywords (event_id, word, weight, rank) VALUES (8, '球队', 0.288, 7);
INSERT INTO event_platforms (event_id, platform_name, ratio, rank) VALUES (8, '微博', 0.705, 0);
INSERT INTO event_platforms (event_id, platform_name, ratio, rank) VALUES (8, '新浪新闻', 0.25, 1);
INSERT INTO event_platforms (event_id, platform_name, ratio, rank) VALUES (8, '知乎', 0.045, 2);
INSERT INTO event_trend_daily (event_id, date, count, is_predicted) VALUES (8, '2026-07-10', 1, 0);
INSERT INTO event_trend_daily (event_id, date, count, is_predicted) VALUES (8, '2026-07-11', 0, 0);
INSERT INTO event_trend_daily (event_id, date, count, is_predicted) VALUES (8, '2026-07-12', 37, 0);
INSERT INTO event_trend_daily (event_id, date, count, is_predicted) VALUES (8, '2026-07-13', 5, 0);
INSERT INTO event_trend_daily (event_id, date, count, is_predicted) VALUES (8, '2026-07-14', 1, 0);
INSERT INTO event_trend_daily (event_id, date, count, is_predicted, predict_heat, predict_count) VALUES (8, '2026-07-15', 0, 1, 0.0, 0.0);
INSERT INTO event_trend_daily (event_id, date, count, is_predicted, predict_heat, predict_count) VALUES (8, '2026-07-16', 0, 1, 0.0, 0.0);
INSERT INTO event_trend_daily (event_id, date, count, is_predicted, predict_heat, predict_count) VALUES (8, '2026-07-17', 0, 1, 0.0, 0.0);

INSERT INTO events (event_id, title, heat, report_count, duplicate_count, time_start, time_end, event_time, risk_level, stage, confidence, prob_latent, prob_growth, prob_peak, prob_decline, analysis, positive, neutral, negative, sources, summary, location, cause, people, authenticity, propagation, created_at, updated_at) VALUES (9, '阿根廷队感谢中国球迷', 8.593, 13, 0, '2026-07-14 07:16:00', '2026-07-14 21:00:01', '2026-07-14 12:00:00', 'mid', 'decline', 0.8, 0.0, 0.0, 0.2, 0.8, '当前事件报道数量持续下降，公众关注度减弱，处于衰退期。', 0.633, 0.2, 0.167, '["微博", "新浪新闻"]', '阿根廷队捐赠物资、250万人请愿逐出世界杯引争议 #超250万人请愿将阿根廷逐出世界杯##阿根廷队感谢中国球迷# 世界杯半决赛英格兰vs阿根廷前，阿根廷队在中国又引发热议了一边是阿根廷队想给广西捐赠物资，还有阿根廷队感谢中国球迷一边是国外超过250万人请愿将阿根廷逐出世界杯大家发现没有，有了VAR和一系列科技手段后，足球的争议不降反增，围绕在阿根廷队身上的争议到底是巧合还是人为制造，真的很难说清。阿根廷队感谢中国球迷 #阿根廷队曾向甘肃青海捐赠物资#【#阿根廷队感谢中国球迷#】7月14日，@阿根廷国家足球队 发文：我们看到了中国广西洪水的新闻，非常希望为中国的阿根廷球迷、广西的阿根廷球迷做些什么。阿根廷队愿为广西捐赠物资 【#阿根廷队愿为广西捐赠物资#】#阿根廷队再次感谢中国球迷#7月14日，@阿根廷国家足球队 发文：我们看到了中国广西洪水的新闻，非常希望为中国的阿根廷球迷、广西的阿根廷球迷做些什么。', '中国、广西、埃及', '孙颖莎8:10绝境逆转埃及小将，暴力进攻步步翻盘。', '["梅西", "孙颖莎", "毛巾", "哈兰德"]', '{"credibility_score": 0.573, "official_ratio": 0.385, "verified_ratio": 0.769, "plain_user_ratio": 0.231, "verification_dist": {"官方平台": 0.385, "认证个人": 0.231, "普通用户": 0.231, "认证机构": 0.077, "头部认证个人": 0.077}, "factors": ["well_sourced"]}', '{"key_nodes": [{"role": "首次官方媒体介入", "author": "不走位浑身难受", "platform": "新浪新闻", "verification_type": "官方平台", "publish_time": "2026-07-14T07:16:00", "influence": 0.0, "title": "孙颖莎8:10绝境逆转埃及小将，暴力进攻步步翻盘"}, {"role": "首次大V发声", "author": "四川观察", "platform": "微博", "verification_type": "认证机构", "publish_time": "2026-07-14T12:14:30", "influence": 3291.2, "title": "【#阿根廷队深陷世界杯判罚争议# 】#为何250万人望将阿根廷逐出世界杯#近日，"}, {"role": "初始爆料", "author": "Si小羊咩西咩", "platform": "微博", "verification_type": "普通用户", "publish_time": "2026-07-14T14:44:23", "influence": 153.5, "title": "没网也在增加[微笑]这样的网站豆包一天能写800个#阿根廷队想给广西捐赠物资##"}], "top_influencers": [{"author": "四川观察", "platform": "微博", "verification_type": "认证机构", "publish_time": "2026-07-14T12:14:30", "influence": 3291.2, "repost_count": 284, "like_count": 9379, "comment_count": 387, "title": "【#阿根廷队深陷世界杯判罚争议# 】#为何250万人望将阿根廷逐出世界杯#近日，"}, {"author": "柴郡猫可夫斯基", "platform": "微博", "verification_type": "认证个人", "publish_time": "2026-07-14T15:43:08", "influence": 649.2, "repost_count": 113, "like_count": 1664, "comment_count": 74, "title": "#请愿逐出阿根廷人数已超500万#时间改到3年后就变成43亿了我的老天爷啊[泪奔"}, {"author": "宇哥热血体育", "platform": "微博", "verification_type": "头部认证个人", "publish_time": "2026-07-14T15:45:12", "influence": 232.0, "repost_count": 5, "like_count": 715, "comment_count": 25, "title": "哈哈，有能耐把人数搞到6个亿，我想看看你们到底有多大能量，黑阿根廷已经毫无底线了"}, {"author": "I毅世-淇缘", "platform": "微博", "verification_type": "认证个人", "publish_time": "2026-07-14T15:04:08", "influence": 162.3, "repost_count": 5, "like_count": 406, "comment_count": 71, "title": "#请愿逐出阿根廷人数已超500万# 阿根廷队深陷世界杯判罚争议，海量球迷请愿发声"}, {"author": "Si小羊咩西咩", "platform": "微博", "verification_type": "普通用户", "publish_time": "2026-07-14T14:44:23", "influence": 153.5, "repost_count": 97, "like_count": 170, "comment_count": 11, "title": "没网也在增加[微笑]这样的网站豆包一天能写800个#阿根廷队想给广西捐赠物资##"}], "platform_chain": {"nodes": [{"name": "新浪新闻", "count": 5, "first_seen": "2026-07-14T07:16:00"}, {"name": "微博", "count": 8, "first_seen": "2026-07-14T11:01:38"}], "links": [{"source": "新浪新闻", "target": "微博", "value": 8}]}}', '2026-07-15 12:30:32', '2026-07-15 12:30:32');
INSERT INTO event_keywords (event_id, word, weight, rank) VALUES (9, '中国', 1.0, 0);
INSERT INTO event_keywords (event_id, word, weight, rank) VALUES (9, '捐赠', 0.851, 1);
INSERT INTO event_keywords (event_id, word, weight, rank) VALUES (9, '物资', 0.851, 2);
INSERT INTO event_keywords (event_id, word, weight, rank) VALUES (9, '球迷', 0.683, 3);
INSERT INTO event_keywords (event_id, word, weight, rank) VALUES (9, '阿根廷队', 0.455, 4);
INSERT INTO event_keywords (event_id, word, weight, rank) VALUES (9, '埃及', 0.439, 5);
INSERT INTO event_keywords (event_id, word, weight, rank) VALUES (9, '希望', 0.439, 6);
INSERT INTO event_keywords (event_id, word, weight, rank) VALUES (9, '判罚', 0.428, 7);
INSERT INTO event_platforms (event_id, platform_name, ratio, rank) VALUES (9, '微博', 0.615, 0);
INSERT INTO event_platforms (event_id, platform_name, ratio, rank) VALUES (9, '新浪新闻', 0.385, 1);
INSERT INTO event_trend_daily (event_id, date, count, is_predicted) VALUES (9, '2026-07-14', 13, 0);
INSERT INTO event_trend_daily (event_id, date, count, is_predicted, predict_heat, predict_count) VALUES (9, '2026-07-15', 0, 1, 13.0, 13.0);
INSERT INTO event_trend_daily (event_id, date, count, is_predicted, predict_heat, predict_count) VALUES (9, '2026-07-16', 0, 1, 13.0, 13.0);
INSERT INTO event_trend_daily (event_id, date, count, is_predicted, predict_heat, predict_count) VALUES (9, '2026-07-17', 0, 1, 13.0, 13.0);

INSERT INTO events (event_id, title, heat, report_count, duplicate_count, time_start, time_end, event_time, risk_level, stage, confidence, prob_latent, prob_growth, prob_peak, prob_decline, analysis, positive, neutral, negative, sources, summary, location, cause, people, authenticity, propagation, created_at, updated_at) VALUES (10, '河南传奇大象预测英阿世界杯战平', 6.253, 8, 0, '2026-07-14 13:22:00', '2026-07-14 21:36:49', '2026-07-14 12:00:00', 'mid', 'growth', 0.7, 0.15, 0.7, 0.15, 0.0, '当前事件报道数量持续增加，公众关注度快速提升，处于成长期。', 0.688, 0.188, 0.125, '["微博", "新浪新闻"]', '河南传奇大象预测英阿世界杯战平。邮报：#英阿大战被FBI列为最高风险#，世界杯安保升级】#英阿大战安保将大幅升级# 直播。邮报：#英阿大战被FBI列为最高风险#，世界杯安保升级】#英阿大战安保将大幅升级# 直播吧7月14日讯 邮报报道，英格兰与阿根廷的世界杯半决赛已被美国联邦调查局（FBI）、赛事官员及当地警方联合评定为本届世界杯的“最高风险”比赛。', '英阿、英格兰、河南', '河南传奇大象预测英阿世界杯战平。', '["斯科尔斯"]', '{"credibility_score": 0.613, "official_ratio": 0.125, "verified_ratio": 0.875, "plain_user_ratio": 0.125, "verification_dist": {"认证机构": 0.5, "官方平台": 0.125, "头部认证个人": 0.125, "普通用户": 0.125, "认证个人": 0.125}, "factors": []}', '{"key_nodes": [{"role": "首次官方媒体介入", "author": "蟹视频", "platform": "新浪新闻", "verification_type": "官方平台", "publish_time": "2026-07-14T13:22:00", "influence": 0.0, "title": "河南传奇大象预测英阿世界杯战平"}, {"role": "首次大V发声", "author": "大皖新闻", "platform": "微博", "verification_type": "认证机构", "publish_time": "2026-07-14T19:47:59", "influence": 103.4, "title": "【安徽时评 | #世界前四齐聚FIFA阳谋得逞#：史上前所未见的半决赛如愿诞生，"}, {"role": "初始爆料", "author": "嘴吹", "platform": "微博", "verification_type": "普通用户", "publish_time": "2026-07-14T20:29:22", "influence": 0.0, "title": "六大名宿预测英阿大战 结果出奇一致 斯科尔斯最疯狂 比分场面太刺激 跨越半个多世"}], "top_influencers": [{"author": "大皖新闻", "platform": "微博", "verification_type": "认证机构", "publish_time": "2026-07-14T19:47:59", "influence": 103.4, "repost_count": 48, "like_count": 158, "comment_count": 16, "title": "【安徽时评 | #世界前四齐聚FIFA阳谋得逞#：史上前所未见的半决赛如愿诞生，"}, {"author": "金刀王", "platform": "微博", "verification_type": "头部认证个人", "publish_time": "2026-07-14T19:52:38", "influence": 81.4, "repost_count": 43, "like_count": 83, "comment_count": 27, "title": "世界杯半决赛裁判名单一出，朋友圈直接炸锅。🤯#非正经观战世界杯##大v观赛团# "}, {"author": "糖诗時", "platform": "微博", "verification_type": "认证个人", "publish_time": "2026-07-14T20:41:29", "influence": 4.2, "repost_count": 0, "like_count": 14, "comment_count": 0, "title": "#英阿大战被FBI列为最高风险# | #世界杯# 英格兰阿根廷这场半决赛已被FB"}], "platform_chain": {"nodes": [{"name": "新浪新闻", "count": 1, "first_seen": "2026-07-14T13:22:00"}, {"name": "微博", "count": 7, "first_seen": "2026-07-14T19:47:59"}], "links": [{"source": "新浪新闻", "target": "微博", "value": 7}]}}', '2026-07-15 12:30:32', '2026-07-15 12:30:32');
INSERT INTO event_keywords (event_id, word, weight, rank) VALUES (10, '裁判', 1.0, 0);
INSERT INTO event_keywords (event_id, word, weight, rank) VALUES (10, '河南', 0.651, 1);
INSERT INTO event_keywords (event_id, word, weight, rank) VALUES (10, '邮报', 0.636, 2);
INSERT INTO event_keywords (event_id, word, weight, rank) VALUES (10, 'FBI', 0.636, 3);
INSERT INTO event_keywords (event_id, word, weight, rank) VALUES (10, '最高', 0.636, 4);
INSERT INTO event_keywords (event_id, word, weight, rank) VALUES (10, '风险', 0.549, 5);
INSERT INTO event_keywords (event_id, word, weight, rank) VALUES (10, '传奇', 0.434, 6);
INSERT INTO event_keywords (event_id, word, weight, rank) VALUES (10, '大象', 0.434, 7);
INSERT INTO event_platforms (event_id, platform_name, ratio, rank) VALUES (10, '微博', 0.875, 0);
INSERT INTO event_platforms (event_id, platform_name, ratio, rank) VALUES (10, '新浪新闻', 0.125, 1);
INSERT INTO event_trend_daily (event_id, date, count, is_predicted) VALUES (10, '2026-07-14', 8, 0);
INSERT INTO event_trend_daily (event_id, date, count, is_predicted, predict_heat, predict_count) VALUES (10, '2026-07-15', 0, 1, 8.0, 8.0);
INSERT INTO event_trend_daily (event_id, date, count, is_predicted, predict_heat, predict_count) VALUES (10, '2026-07-16', 0, 1, 8.0, 8.0);
INSERT INTO event_trend_daily (event_id, date, count, is_predicted, predict_heat, predict_count) VALUES (10, '2026-07-17', 0, 1, 8.0, 8.0);

-- guangxi_flood.json: 11/35 clusters (heat >= 5.0)
INSERT INTO events (event_id, title, heat, report_count, duplicate_count, time_start, time_end, event_time, risk_level, stage, confidence, prob_latent, prob_growth, prob_peak, prob_decline, analysis, positive, neutral, negative, sources, summary, location, cause, people, authenticity, propagation, created_at, updated_at) VALUES (11, '沈阳暴雨辽宁：今天雨量升级 多地有暴雨大暴雨！', 13.44, 91, 100, '2026-06-04 16:50:38', '2026-07-14 20:56:57', '2026-07-14 12:00:00', 'mid', 'growth', 0.9, 0.05, 0.9, 0.05, 0.0, '当前事件报道数量持续增加，公众关注度快速提升，处于成长期。', 0.498, 0.382, 0.12, '["人民网", "微博", "新浪新闻", "澎湃新闻", "知乎"]', '记者从水利部了解到，受台风“美莎克”影响，7月5日至7日，西江、柳江、桂江、郁江、桂南沿海诸河等主要河流将出现明显涨水过程，其中西江干流及支流柳江桂江可能发生超警洪水，暴雨区内部分中小河流可能发生较大洪水。前期，广西大部降雨强度大、时间长，具有极端性，桂东和沿海地区7日晚到9日降水持续，局地强度大，发生山洪地质灾害、城市暴雨积涝和中小河流洪水的气象风险高，在开展涉险水库抢险救援的同时，需谨防出现新的灾害。自治区水文中心预测，未来12小时，都柳江三江侗族自治县洋溪乡河段将复涨，并再次出现超警戒水位3.5米左右洪水，柳江柳州市城区河段将出现83.2米左右的洪峰水位。', '广西、南宁、贵港', '广西洪水漂浮1.6万死猪已捞500头，官方称不会流上餐桌_绿政公署_澎湃新闻-The Paper。', '["美莎克", "雷雨", "黄淮", "杨驰", "覃塘区"]', '{"credibility_score": 0.795, "official_ratio": 0.879, "verified_ratio": 0.967, "plain_user_ratio": 0.033, "verification_dist": {"官方平台": 0.879, "认证机构": 0.077, "普通用户": 0.033, "认证个人": 0.011}, "factors": ["high_duplicate_rate", "well_sourced"]}', '{"key_nodes": [{"role": "首次官方媒体介入", "author": "人民网－广西频道", "platform": "人民网", "verification_type": "官方平台", "publish_time": "2026-06-04T16:50:38", "influence": 0.0, "title": "贵港供电局全力筑牢高考保电安全防线"}, {"role": "初始爆料", "author": "胡飞飞", "platform": "知乎", "verification_type": "普通用户", "publish_time": "2026-07-06T15:43:34", "influence": 0.3, "title": "广西郁江发生2026年第1号洪水，贵港水文站水位超警戒1.80米 - 知乎"}, {"role": "传播高峰", "author": "央视新闻", "platform": "微博", "verification_type": "官方平台", "publish_time": "2026-07-06T18:33:26", "influence": 7821.7, "title": "#广西洪水##安排1亿元支持广西灾后恢复#【 #广西2地洪水防御应急响应升为一级"}, {"role": "首次大V发声", "author": "大皖新闻", "platform": "微博", "verification_type": "认证机构", "publish_time": "2026-07-14T06:43:51", "influence": 130.8, "title": "【中央气象台发布暴雨橙色预警 辽宁、广西等地部分地区有大暴雨】14日6时，中央气"}], "top_influencers": [{"author": "央视新闻", "platform": "微博", "verification_type": "官方平台", "publish_time": "2026-07-06T18:33:26", "influence": 7821.7, "repost_count": 2874, "like_count": 13934, "comment_count": 1535, "title": "#广西洪水##安排1亿元支持广西灾后恢复#【 #广西2地洪水防御应急响应升为一级"}, {"author": "大皖新闻", "platform": "微博", "verification_type": "认证机构", "publish_time": "2026-07-14T06:43:51", "influence": 130.8, "repost_count": 58, "like_count": 186, "comment_count": 34, "title": "【中央气象台发布暴雨橙色预警 辽宁、广西等地部分地区有大暴雨】14日6时，中央气"}, {"author": "桂林晚报", "platform": "微博", "verification_type": "认证机构", "publish_time": "2026-07-14T08:45:34", "influence": 39.4, "repost_count": 3, "like_count": 63, "comment_count": 35, "title": "#广西天气# 【广西三天内降雨增多 高温逐日缓解 需警惕强降雨伴强对流及次生灾害"}, {"author": "weather爱好者", "platform": "微博", "verification_type": "认证个人", "publish_time": "2026-07-14T18:19:10", "influence": 5.6, "repost_count": 0, "like_count": 12, "comment_count": 4, "title": "【暴雨/强对流双预警持续】今天18时，中央气象台发布暴雨黄色预警：预计，7月14"}, {"author": "广西气象", "platform": "微博", "verification_type": "认证机构", "publish_time": "2026-07-14T19:30:01", "influence": 0.9, "repost_count": 0, "like_count": 3, "comment_count": 0, "title": "预计未来三天，广西多降雨天气，在降雨的作用下，高温渐缓，不过由于空气湿度较大，体"}], "platform_chain": {"nodes": [{"name": "人民网", "count": 26, "first_seen": "2026-06-04T16:50:38"}, {"name": "澎湃新闻", "count": 7, "first_seen": "2026-06-24T00:00:00"}, {"name": "知乎", "count": 1, "first_seen": "2026-07-06T15:43:34"}, {"name": "微博", "count": 11, "first_seen": "2026-07-06T18:33:26"}, {"name": "新浪新闻", "count": 9, "first_seen": "2026-07-13T08:27:03.000001"}], "links": [{"source": "人民网", "target": "澎湃新闻", "value": 7}, {"source": "澎湃新闻", "target": "知乎", "value": 1}, {"source": "知乎", "target": "微博", "value": 11}, {"source": "微博", "target": "新浪新闻", "value": 9}]}}', '2026-07-15 12:30:32', '2026-07-15 12:30:32');
INSERT INTO event_keywords (event_id, word, weight, rank) VALUES (11, '洪水', 1.0, 0);
INSERT INTO event_keywords (event_id, word, weight, rank) VALUES (11, '红十字', 0.62, 1);
INSERT INTO event_keywords (event_id, word, weight, rank) VALUES (11, '救援队', 0.603, 2);
INSERT INTO event_keywords (event_id, word, weight, rank) VALUES (11, '超警', 0.557, 3);
INSERT INTO event_keywords (event_id, word, weight, rank) VALUES (11, '供电', 0.523, 4);
INSERT INTO event_keywords (event_id, word, weight, rank) VALUES (11, '救援', 0.489, 5);
INSERT INTO event_keywords (event_id, word, weight, rank) VALUES (11, '河段', 0.475, 6);
INSERT INTO event_keywords (event_id, word, weight, rank) VALUES (11, '暴雨', 0.471, 7);
INSERT INTO event_platforms (event_id, platform_name, ratio, rank) VALUES (11, '人民网', 0.582, 0);
INSERT INTO event_platforms (event_id, platform_name, ratio, rank) VALUES (11, '澎湃新闻', 0.187, 1);
INSERT INTO event_platforms (event_id, platform_name, ratio, rank) VALUES (11, '微博', 0.121, 2);
INSERT INTO event_platforms (event_id, platform_name, ratio, rank) VALUES (11, '新浪新闻', 0.099, 3);
INSERT INTO event_platforms (event_id, platform_name, ratio, rank) VALUES (11, '知乎', 0.011, 4);
INSERT INTO event_trend_daily (event_id, date, count, is_predicted) VALUES (11, '2026-06-04', 1, 0);
INSERT INTO event_trend_daily (event_id, date, count, is_predicted) VALUES (11, '2026-06-05', 0, 0);
INSERT INTO event_trend_daily (event_id, date, count, is_predicted) VALUES (11, '2026-06-06', 0, 0);
INSERT INTO event_trend_daily (event_id, date, count, is_predicted) VALUES (11, '2026-06-07', 0, 0);
INSERT INTO event_trend_daily (event_id, date, count, is_predicted) VALUES (11, '2026-06-08', 1, 0);
INSERT INTO event_trend_daily (event_id, date, count, is_predicted) VALUES (11, '2026-06-09', 1, 0);
INSERT INTO event_trend_daily (event_id, date, count, is_predicted) VALUES (11, '2026-06-10', 0, 0);
INSERT INTO event_trend_daily (event_id, date, count, is_predicted) VALUES (11, '2026-06-11', 0, 0);
INSERT INTO event_trend_daily (event_id, date, count, is_predicted) VALUES (11, '2026-06-12', 0, 0);
INSERT INTO event_trend_daily (event_id, date, count, is_predicted) VALUES (11, '2026-06-13', 0, 0);
INSERT INTO event_trend_daily (event_id, date, count, is_predicted) VALUES (11, '2026-06-14', 0, 0);
INSERT INTO event_trend_daily (event_id, date, count, is_predicted) VALUES (11, '2026-06-15', 1, 0);
INSERT INTO event_trend_daily (event_id, date, count, is_predicted) VALUES (11, '2026-06-16', 1, 0);
INSERT INTO event_trend_daily (event_id, date, count, is_predicted) VALUES (11, '2026-06-17', 1, 0);
INSERT INTO event_trend_daily (event_id, date, count, is_predicted) VALUES (11, '2026-06-18', 0, 0);
INSERT INTO event_trend_daily (event_id, date, count, is_predicted) VALUES (11, '2026-06-19', 0, 0);
INSERT INTO event_trend_daily (event_id, date, count, is_predicted) VALUES (11, '2026-06-20', 2, 0);
INSERT INTO event_trend_daily (event_id, date, count, is_predicted) VALUES (11, '2026-06-21', 2, 0);
INSERT INTO event_trend_daily (event_id, date, count, is_predicted) VALUES (11, '2026-06-22', 2, 0);
INSERT INTO event_trend_daily (event_id, date, count, is_predicted) VALUES (11, '2026-06-23', 0, 0);
INSERT INTO event_trend_daily (event_id, date, count, is_predicted) VALUES (11, '2026-06-24', 1, 0);
INSERT INTO event_trend_daily (event_id, date, count, is_predicted) VALUES (11, '2026-06-25', 0, 0);
INSERT INTO event_trend_daily (event_id, date, count, is_predicted) VALUES (11, '2026-06-26', 0, 0);
INSERT INTO event_trend_daily (event_id, date, count, is_predicted) VALUES (11, '2026-06-27', 0, 0);
INSERT INTO event_trend_daily (event_id, date, count, is_predicted) VALUES (11, '2026-06-28', 0, 0);
INSERT INTO event_trend_daily (event_id, date, count, is_predicted) VALUES (11, '2026-06-29', 0, 0);
INSERT INTO event_trend_daily (event_id, date, count, is_predicted) VALUES (11, '2026-06-30', 0, 0);
INSERT INTO event_trend_daily (event_id, date, count, is_predicted) VALUES (11, '2026-07-01', 0, 0);
INSERT INTO event_trend_daily (event_id, date, count, is_predicted) VALUES (11, '2026-07-02', 0, 0);
INSERT INTO event_trend_daily (event_id, date, count, is_predicted) VALUES (11, '2026-07-03', 0, 0);
INSERT INTO event_trend_daily (event_id, date, count, is_predicted) VALUES (11, '2026-07-04', 1, 0);
INSERT INTO event_trend_daily (event_id, date, count, is_predicted) VALUES (11, '2026-07-05', 2, 0);
INSERT INTO event_trend_daily (event_id, date, count, is_predicted) VALUES (11, '2026-07-06', 6, 0);
INSERT INTO event_trend_daily (event_id, date, count, is_predicted) VALUES (11, '2026-07-07', 4, 0);
INSERT INTO event_trend_daily (event_id, date, count, is_predicted) VALUES (11, '2026-07-08', 1, 0);
INSERT INTO event_trend_daily (event_id, date, count, is_predicted) VALUES (11, '2026-07-09', 1, 0);
INSERT INTO event_trend_daily (event_id, date, count, is_predicted) VALUES (11, '2026-07-10', 2, 0);
INSERT INTO event_trend_daily (event_id, date, count, is_predicted) VALUES (11, '2026-07-11', 1, 0);
INSERT INTO event_trend_daily (event_id, date, count, is_predicted) VALUES (11, '2026-07-12', 3, 0);
INSERT INTO event_trend_daily (event_id, date, count, is_predicted) VALUES (11, '2026-07-13', 6, 0);
INSERT INTO event_trend_daily (event_id, date, count, is_predicted) VALUES (11, '2026-07-14', 14, 0);
INSERT INTO event_trend_daily (event_id, date, count, is_predicted, predict_heat, predict_count) VALUES (11, '2026-07-15', 0, 1, 19.5, 19.5);
INSERT INTO event_trend_daily (event_id, date, count, is_predicted, predict_heat, predict_count) VALUES (11, '2026-07-16', 0, 1, 25.0, 25.0);
INSERT INTO event_trend_daily (event_id, date, count, is_predicted, predict_heat, predict_count) VALUES (11, '2026-07-17', 0, 1, 30.5, 30.5);

INSERT INTO events (event_id, title, heat, report_count, duplicate_count, time_start, time_end, event_time, risk_level, stage, confidence, prob_latent, prob_growth, prob_peak, prob_decline, analysis, positive, neutral, negative, sources, summary, location, cause, people, authenticity, propagation, created_at, updated_at) VALUES (12, '多地摩友自发驰援广西将物资送入村', 11.65, 54, 9, '2026-06-20 09:26:26', '2026-07-14 20:03:00', '2026-07-13 12:00:00', 'mid', 'peak', 0.9, 0.0, 0.05, 0.9, 0.05, '当前事件报道量已接近峰值，关注度趋于稳定，处于高潮期。', 0.783, 0.196, 0.022, '["人民网", "微博", "新浪新闻", "澎湃新闻", "知乎"]', '爷爷不泡茶首批物资已送达 ·霸王茶姬紧急驰援广西防汛救灾 ·北京星巴克公益基金会捐款100万元 ·百胜中国携旗下多品牌捐赠300万元驰援灾区 ·驰援广西洪涝灾区，海底捞捐赠首批3万份自热火锅 农牧养殖 ·牧原公益基金会向广西受灾地区捐赠现金2000万元 食品饮料 ·卫龙美味向广西洪涝灾区捐赠100万元，助力防汛救灾与产业重建 ·蒙牛紧急驰援广西南宁洪涝灾区 ·伊利集团第一时间驰援广西南宁受灾群众 ·农夫山泉捐赠现金1000万元，调拨应急饮用水驰援广西 ·东鹏饮料捐款1000万元及10万瓶饮料驰援广西 互联网平台 ·腾讯公益慈善基金会启动2000万元备灾资金，驰援广西等地灾情 ·小米公益基金会捐赠1000万元现金，紧急驰援广西等地救灾 ·拼多多紧急捐赠1000万元，驰援广西防汛救灾 ·持续跟进。阿里巴巴驰援广西三批物资已经抵达 ·网易捐赠首批25000份物资支援救灾 ·20万份物资陆续送达，美团驰援广西受灾地区 ·京东物流捐赠生活急需物资，送往广西南宁洪涝灾区 汽车制造 ·比亚迪慈善基金会捐赠1000万元驰援广西灾区 纺织服饰 ·安踏集团携手中华慈善总会捐赠1000万元物资 紧急驰援广西救灾 ·李宁集团捐赠2000万元物资驰援救灾一线 ·特步集团紧急捐赠1000万元物资驰援广西、湖北、甘肃等受灾地区 ·361°集团携手中华慈善总会捐赠1000万元物资全力支援广西救灾 ·鸿星尔克携手中华社会救助基金会捐赠800万元物资驰援广西受灾地区 ·匹克集团携手中华慈善总会捐赠500万元物资全力驰援抗洪救灾一线 ·波司登紧急捐赠1000万元物资全力支援广西抗洪救灾一线 ·罗莱生活捐赠200万元物资驰援广西防汛救灾 潮玩文创 ·泡泡玛特捐赠1000万元人民币，驰援救灾一线 一、连锁餐饮 蜜雪冰城向广西受灾地区捐赠1000万元，支援防汛救灾和产业恢复 喜茶再次捐赠200万元驰援广西防汛救灾 7月7日，喜茶宣布驰援广西防汛救灾，灾情发生后，喜茶联合中国乡村发展基金会开展灾区救援及物资援助。三、食品饮料 卫龙美味向广西洪涝灾区捐赠100万元，助力防汛救灾与产业重建 蒙牛紧急驰援广西南宁洪涝灾区 蒙牛集团第一时间启动应急响应机制，安排向广西南宁洪涝灾区捐赠牛奶等营养物资。', '广西、贵港、台风', '洪水无情工会有爱。', '["美莎克", "张雪", "覃塘区", "刘宇宁", "余波"]', '{"credibility_score": 0.838, "official_ratio": 0.685, "verified_ratio": 0.981, "plain_user_ratio": 0.019, "verification_dist": {"官方平台": 0.685, "认证机构": 0.204, "认证个人": 0.056, "头部认证个人": 0.037, "普通用户": 0.019}, "factors": ["well_sourced"]}', '{"key_nodes": [{"role": "首次官方媒体介入", "author": "青海日报", "platform": "人民网", "verification_type": "官方平台", "publish_time": "2026-06-20T09:26:26", "influence": 0.0, "title": "海东76吨果蔬运往地震灾区"}, {"role": "首次大V发声", "author": "荔枝新闻", "platform": "微博", "verification_type": "认证机构", "publish_time": "2026-07-07T13:20:55", "influence": 10083.4, "title": "【#周深捐赠物资驰援广西灾区##周深多次在灾情中极速响应#】受台风影响，广西多地"}, {"role": "初始爆料", "author": "viriya", "platform": "知乎", "verification_type": "普通用户", "publish_time": "2026-07-13T06:58:24", "influence": 0.6, "title": "人和人之间的守望相助。我搜ai什么食物适合洪灾过后暂时安顿时吃，ai说巧克力和牛"}], "top_influencers": [{"author": "荔枝新闻", "platform": "微博", "verification_type": "认证机构", "publish_time": "2026-07-07T13:20:55", "influence": 10083.4, "repost_count": 3173, "like_count": 20513, "comment_count": 1513, "title": "【#周深捐赠物资驰援广西灾区##周深多次在灾情中极速响应#】受台风影响，广西多地"}, {"author": "纵览新闻", "platform": "微博", "verification_type": "认证机构", "publish_time": "2026-07-07T17:16:57", "influence": 4287.2, "repost_count": 1640, "like_count": 8119, "comment_count": 423, "title": "【#郝熠然向广西捐赠物资#】#郝熠然驰援广西灾区#近日，广西南宁、贵港等地因台风"}, {"author": "白鹿视频", "platform": "微博", "verification_type": "认证机构", "publish_time": "2026-07-07T16:26:17", "influence": 3735.2, "repost_count": 783, "like_count": 8994, "comment_count": 508, "title": "【#易烊千玺驰援广西灾区#】7月7日，@中国乡村发展基金会 发文：近日，受第10"}, {"author": "中华思源工程基金会", "platform": "微博", "verification_type": "认证机构", "publish_time": "2026-07-08T01:57:54", "influence": 3145.3, "repost_count": 833, "like_count": 6291, "comment_count": 850, "title": "【风雨同舟 共援广西】@单依纯 携手#中华思源工程基金会#驰援广西洪灾！ 受台风"}, {"author": "扬帆计划", "platform": "微博", "verification_type": "认证机构", "publish_time": "2026-07-12T19:35:29", "influence": 2039.8, "repost_count": 1513, "like_count": 1421, "comment_count": 201, "title": "【硬核驰援！@博肖爱心联盟 防汛清淤物资连夜奔赴防城港】 #直击广西洪涝救援# "}], "platform_chain": {"nodes": [{"name": "人民网", "count": 13, "first_seen": "2026-06-20T09:26:26"}, {"name": "微博", "count": 15, "first_seen": "2026-07-07T13:20:55"}, {"name": "澎湃新闻", "count": 2, "first_seen": "2026-07-09T15:10:00"}, {"name": "新浪新闻", "count": 16, "first_seen": "2026-07-10T14:31:12"}, {"name": "知乎", "count": 2, "first_seen": "2026-07-11T10:03:40"}], "links": [{"source": "人民网", "target": "微博", "value": 15}, {"source": "微博", "target": "澎湃新闻", "value": 2}, {"source": "澎湃新闻", "target": "新浪新闻", "value": 16}, {"source": "新浪新闻", "target": "知乎", "value": 2}]}}', '2026-07-15 12:30:32', '2026-07-15 12:30:32');
INSERT INTO event_keywords (event_id, word, weight, rank) VALUES (12, '物资', 1.0, 0);
INSERT INTO event_keywords (event_id, word, weight, rank) VALUES (12, '捐赠', 0.89, 1);
INSERT INTO event_keywords (event_id, word, weight, rank) VALUES (12, '万元', 0.872, 2);
INSERT INTO event_keywords (event_id, word, weight, rank) VALUES (12, '广西', 0.783, 3);
INSERT INTO event_keywords (event_id, word, weight, rank) VALUES (12, '驰援', 0.458, 4);
INSERT INTO event_keywords (event_id, word, weight, rank) VALUES (12, '地震', 0.397, 5);
INSERT INTO event_keywords (event_id, word, weight, rank) VALUES (12, '防汛', 0.378, 6);
INSERT INTO event_keywords (event_id, word, weight, rank) VALUES (12, '救灾', 0.37, 7);
INSERT INTO event_platforms (event_id, platform_name, ratio, rank) VALUES (12, '人民网', 0.352, 0);
INSERT INTO event_platforms (event_id, platform_name, ratio, rank) VALUES (12, '新浪新闻', 0.296, 1);
INSERT INTO event_platforms (event_id, platform_name, ratio, rank) VALUES (12, '微博', 0.278, 2);
INSERT INTO event_platforms (event_id, platform_name, ratio, rank) VALUES (12, '澎湃新闻', 0.037, 3);
INSERT INTO event_platforms (event_id, platform_name, ratio, rank) VALUES (12, '知乎', 0.037, 4);
INSERT INTO event_trend_daily (event_id, date, count, is_predicted) VALUES (12, '2026-06-20', 1, 0);
INSERT INTO event_trend_daily (event_id, date, count, is_predicted) VALUES (12, '2026-06-21', 0, 0);
INSERT INTO event_trend_daily (event_id, date, count, is_predicted) VALUES (12, '2026-06-22', 0, 0);
INSERT INTO event_trend_daily (event_id, date, count, is_predicted) VALUES (12, '2026-06-23', 0, 0);
INSERT INTO event_trend_daily (event_id, date, count, is_predicted) VALUES (12, '2026-06-24', 0, 0);
INSERT INTO event_trend_daily (event_id, date, count, is_predicted) VALUES (12, '2026-06-25', 0, 0);
INSERT INTO event_trend_daily (event_id, date, count, is_predicted) VALUES (12, '2026-06-26', 0, 0);
INSERT INTO event_trend_daily (event_id, date, count, is_predicted) VALUES (12, '2026-06-27', 0, 0);
INSERT INTO event_trend_daily (event_id, date, count, is_predicted) VALUES (12, '2026-06-28', 0, 0);
INSERT INTO event_trend_daily (event_id, date, count, is_predicted) VALUES (12, '2026-06-29', 0, 0);
INSERT INTO event_trend_daily (event_id, date, count, is_predicted) VALUES (12, '2026-06-30', 0, 0);
INSERT INTO event_trend_daily (event_id, date, count, is_predicted) VALUES (12, '2026-07-01', 0, 0);
INSERT INTO event_trend_daily (event_id, date, count, is_predicted) VALUES (12, '2026-07-02', 0, 0);
INSERT INTO event_trend_daily (event_id, date, count, is_predicted) VALUES (12, '2026-07-03', 0, 0);
INSERT INTO event_trend_daily (event_id, date, count, is_predicted) VALUES (12, '2026-07-04', 0, 0);
INSERT INTO event_trend_daily (event_id, date, count, is_predicted) VALUES (12, '2026-07-05', 0, 0);
INSERT INTO event_trend_daily (event_id, date, count, is_predicted) VALUES (12, '2026-07-06', 0, 0);
INSERT INTO event_trend_daily (event_id, date, count, is_predicted) VALUES (12, '2026-07-07', 3, 0);
INSERT INTO event_trend_daily (event_id, date, count, is_predicted) VALUES (12, '2026-07-08', 5, 0);
INSERT INTO event_trend_daily (event_id, date, count, is_predicted) VALUES (12, '2026-07-09', 3, 0);
INSERT INTO event_trend_daily (event_id, date, count, is_predicted) VALUES (12, '2026-07-10', 4, 0);
INSERT INTO event_trend_daily (event_id, date, count, is_predicted) VALUES (12, '2026-07-11', 2, 0);
INSERT INTO event_trend_daily (event_id, date, count, is_predicted) VALUES (12, '2026-07-12', 10, 0);
INSERT INTO event_trend_daily (event_id, date, count, is_predicted) VALUES (12, '2026-07-13', 14, 0);
INSERT INTO event_trend_daily (event_id, date, count, is_predicted) VALUES (12, '2026-07-14', 6, 0);
INSERT INTO event_trend_daily (event_id, date, count, is_predicted, predict_heat, predict_count) VALUES (12, '2026-07-15', 0, 1, 4.0, 4.0);
INSERT INTO event_trend_daily (event_id, date, count, is_predicted, predict_heat, predict_count) VALUES (12, '2026-07-16', 0, 1, 2.0, 2.0);
INSERT INTO event_trend_daily (event_id, date, count, is_predicted, predict_heat, predict_count) VALUES (12, '2026-07-17', 0, 1, 0.0, 0.0);

INSERT INTO events (event_id, title, heat, report_count, duplicate_count, time_start, time_end, event_time, risk_level, stage, confidence, prob_latent, prob_growth, prob_peak, prob_decline, analysis, positive, neutral, negative, sources, summary, location, cause, people, authenticity, propagation, created_at, updated_at) VALUES (13, '沈阳暴雨街头现仰泳者', 8.445, 16, 1, '2026-07-11 10:58:10', '2026-07-14 20:54:24', '2026-07-14 12:00:00', 'mid', 'growth', 0.9, 0.05, 0.9, 0.05, 0.0, '当前事件报道数量持续增加，公众关注度快速提升，处于成长期。', 0.526, 0.316, 0.158, '["微博", "新浪新闻", "知乎"]', '因为当下社会的精致利己之风太盛，职场和网络看多了权衡算计的清醒，才更觉得这份不计回报的挺身而出，有多戳人、有多珍贵，所以随笔冲动写下了这篇短文，就是想为他们说点公道话。在精致利己主义者的算计里，让他们拿着三四千块钱的工资，是不可能冒着自己生命危险去救人的。#西安暴雨# 广西暴雨、山东暴雨、沈阳暴雨，现在轮到西安暴雨了。', '沈阳、广西、东北', '广西暴雨中福特烈马逆行者拖车救险。', '["谢谢", "美莎克"]', '{"credibility_score": 0.614, "official_ratio": 0.438, "verified_ratio": 0.688, "plain_user_ratio": 0.312, "verification_dist": {"官方平台": 0.438, "普通用户": 0.312, "认证机构": 0.125, "头部认证个人": 0.125}, "factors": ["well_sourced"]}', '{"key_nodes": [{"role": "首次官方媒体介入", "author": "安静文艺范儿", "platform": "新浪新闻", "verification_type": "官方平台", "publish_time": "2026-07-11T10:58:10", "influence": 0.0, "title": "广西暴雨中福特烈马逆行者拖车救险"}, {"role": "初始爆料", "author": "求真工科局", "platform": "知乎", "verification_type": "普通用户", "publish_time": "2026-07-12T19:39:22", "influence": 3.4, "title": "致敬广西洪灾逆行者，别让精致利己被包装成人间清醒，凉了负重前行者的心！ - 知乎"}, {"role": "首次大V发声", "author": "安徽网", "platform": "微博", "verification_type": "认证机构", "publish_time": "2026-07-13T21:03:57", "influence": 0.0, "title": "#东北特大暴雨##沈阳暴雨一男子倒积水中##暴雨内涝避险教程##辽宁升级为洪水橙"}, {"role": "传播高峰", "author": "欣欣子的小然", "platform": "微博", "verification_type": "普通用户", "publish_time": "2026-07-14T13:53:57", "influence": 41.5, "title": "#沈阳暴雨大航海模式#不明白这个标题是正常人能想出来的吗，苦难娱乐化吗？东北现在"}], "top_influencers": [{"author": "欣欣子的小然", "platform": "微博", "verification_type": "普通用户", "publish_time": "2026-07-14T13:53:57", "influence": 41.5, "repost_count": 4, "like_count": 95, "comment_count": 18, "title": "#沈阳暴雨大航海模式#不明白这个标题是正常人能想出来的吗，苦难娱乐化吗？东北现在"}, {"author": "泠泠味的风", "platform": "微博", "verification_type": "头部认证个人", "publish_time": "2026-07-14T20:46:29", "influence": 12.6, "repost_count": 0, "like_count": 42, "comment_count": 0, "title": "#西安暴雨# 广西暴雨、山东暴雨、沈阳暴雨，现在轮到西安暴雨了！这雨是要挨个点名"}, {"author": "沈阳小飞侠群-盛京萌兔乐园", "platform": "微博", "verification_type": "普通用户", "publish_time": "2026-07-13T21:12:40", "influence": 8.9, "repost_count": 6, "like_count": 8, "comment_count": 1, "title": "山海相隔，善意相连。 沈阳小飞侠与城市网格携手中华志愿者协会，将满载心意的应急物"}, {"author": "灼灼夭之", "platform": "微博", "verification_type": "头部认证个人", "publish_time": "2026-07-14T18:27:53", "influence": 5.1, "repost_count": 0, "like_count": 17, "comment_count": 0, "title": "#沈阳暴雨女子乘装载机转移踩空落水# BS 前几天大雨在广西，最近大雨在东北，刷"}, {"author": "求真工科局", "platform": "知乎", "verification_type": "普通用户", "publish_time": "2026-07-12T19:39:22", "influence": 3.4, "repost_count": 0, "like_count": 8, "comment_count": 2, "title": "致敬广西洪灾逆行者，别让精致利己被包装成人间清醒，凉了负重前行者的心！ - 知乎"}], "platform_chain": {"nodes": [{"name": "新浪新闻", "count": 7, "first_seen": "2026-07-11T10:58:10"}, {"name": "知乎", "count": 1, "first_seen": "2026-07-12T19:39:22"}, {"name": "微博", "count": 8, "first_seen": "2026-07-13T21:03:57"}], "links": [{"source": "新浪新闻", "target": "知乎", "value": 1}, {"source": "知乎", "target": "微博", "value": 8}]}}', '2026-07-15 12:30:32', '2026-07-15 12:30:32');
INSERT INTO event_keywords (event_id, word, weight, rank) VALUES (13, '暴雨', 1.0, 0);
INSERT INTO event_keywords (event_id, word, weight, rank) VALUES (13, '沈阳', 0.524, 1);
INSERT INTO event_keywords (event_id, word, weight, rank) VALUES (13, '精致', 0.501, 2);
INSERT INTO event_keywords (event_id, word, weight, rank) VALUES (13, '利己', 0.438, 3);
INSERT INTO event_keywords (event_id, word, weight, rank) VALUES (13, '必须', 0.438, 4);
INSERT INTO event_keywords (event_id, word, weight, rank) VALUES (13, '算计', 0.376, 5);
INSERT INTO event_keywords (event_id, word, weight, rank) VALUES (13, '杨幂', 0.313, 6);
INSERT INTO event_keywords (event_id, word, weight, rank) VALUES (13, '西安', 0.313, 7);
INSERT INTO event_platforms (event_id, platform_name, ratio, rank) VALUES (13, '微博', 0.5, 0);
INSERT INTO event_platforms (event_id, platform_name, ratio, rank) VALUES (13, '新浪新闻', 0.438, 1);
INSERT INTO event_platforms (event_id, platform_name, ratio, rank) VALUES (13, '知乎', 0.062, 2);
INSERT INTO event_trend_daily (event_id, date, count, is_predicted) VALUES (13, '2026-07-11', 1, 0);
INSERT INTO event_trend_daily (event_id, date, count, is_predicted) VALUES (13, '2026-07-12', 1, 0);
INSERT INTO event_trend_daily (event_id, date, count, is_predicted) VALUES (13, '2026-07-13', 5, 0);
INSERT INTO event_trend_daily (event_id, date, count, is_predicted) VALUES (13, '2026-07-14', 9, 0);
INSERT INTO event_trend_daily (event_id, date, count, is_predicted, predict_heat, predict_count) VALUES (13, '2026-07-15', 0, 1, 13.0, 13.0);
INSERT INTO event_trend_daily (event_id, date, count, is_predicted, predict_heat, predict_count) VALUES (13, '2026-07-16', 0, 1, 17.0, 17.0);
INSERT INTO event_trend_daily (event_id, date, count, is_predicted, predict_heat, predict_count) VALUES (13, '2026-07-17', 0, 1, 21.0, 21.0);

INSERT INTO events (event_id, title, heat, report_count, duplicate_count, time_start, time_end, event_time, risk_level, stage, confidence, prob_latent, prob_growth, prob_peak, prob_decline, analysis, positive, neutral, negative, sources, summary, location, cause, people, authenticity, propagation, created_at, updated_at) VALUES (14, '广西六蓝水库现状', 7.956, 110, 9, '2026-06-01 08:59:41', '2026-07-13 16:33:01', '2026-07-12 12:00:00', 'mid', 'decline', 0.9, 0.0, 0.0, 0.1, 0.9, '当前事件报道数量持续下降，公众关注度减弱，处于衰退期。', 0.362, 0.362, 0.277, '["人民网", "微博", "新浪新闻", "澎湃新闻", "知乎"]', '时隔近半个世纪，北京陆续启动5座山区防洪水库规划建设——在永定河、拒马河、大石河、温榆河上游，规划建设永定河官厅山峡洪水控制工程、拒马河张坊洪水控制工程、二道河水库、钻子岭水库、西峰山水库。且按照坝顶高程计算方法，除水位外还考虑了安全超高、风浪雍高等因素，即便是极端天气，要达到2000年以上一遇洪水量级还是极小概率事件（具体情况需等待官方对洪水量级的确认），该坝建于1960年，处于3年困难时期，全国各地当时建设了不少中小型土石坝，用于灌溉、人饮供水，但当时处于摸着石头过河的年代，水库大坝普遍存在压实质量差、“三边”工程普遍、泄水能力不足等现象。那么两闸失效将损失近587.6m³/s-735.6m³/s的泄洪流量，考虑到实际可以单侧抬起一点，实际可用泄洪量应该小幅超过881.4m³/s-1103.4m³/s（根据评论区指正，在2009年水库改造中，水库的拦水闸式泄洪道设计流量为1469m³/s以应对百年一遇的洪水。', '广西、横州、台风', '广西贵港抽水蓄能电站全面开工。', '["美莎克", "梁平", "邓剑洋", "陆绍相", "郑朝渊"]', '{"credibility_score": 0.647, "official_ratio": 0.536, "verified_ratio": 0.764, "plain_user_ratio": 0.236, "verification_dist": {"官方平台": 0.536, "普通用户": 0.236, "认证个人": 0.127, "认证机构": 0.055, "头部认证个人": 0.045}, "factors": ["well_sourced"]}', '{"key_nodes": [{"role": "首次官方媒体介入", "author": "人民网-图片频道", "platform": "人民网", "verification_type": "官方平台", "publish_time": "2026-06-01T08:59:41.000001", "influence": 0.0, "title": "湖南江华：水库风光美--图片频道--人民网"}, {"role": "首次大V发声", "author": "新浪热点", "platform": "微博", "verification_type": "认证机构", "publish_time": "2026-07-06T14:32:31", "influence": 274.5, "title": "#广西贵港辟谣两水库崩堤溃漏#【广西贵港：网传达开水库、石牛水库“崩堤溃漏”系谣"}, {"role": "初始爆料", "author": "波动科技", "platform": "知乎", "verification_type": "普通用户", "publish_time": "2026-07-07T10:54:14.999999", "influence": 0.3, "title": "广西六蓝水库溃坝之后：探地雷达如何为9.8万座大坝筑牢“看不见的防线”？ - 知"}, {"role": "传播高峰", "author": "央视新闻", "platform": "微博", "verification_type": "官方平台", "publish_time": "2026-07-09T12:37:54", "influence": 651.0, "title": "【#六蓝水库洪灾已致26死亡#】#广西洪灾已致39人遇难# 今天，#广西南宁防汛"}], "top_influencers": [{"author": "央视新闻", "platform": "微博", "verification_type": "官方平台", "publish_time": "2026-07-09T12:37:54", "influence": 651.0, "repost_count": 152, "like_count": 1275, "comment_count": 233, "title": "【#六蓝水库洪灾已致26死亡#】#广西洪灾已致39人遇难# 今天，#广西南宁防汛"}, {"author": "马上谈", "platform": "微博", "verification_type": "认证个人", "publish_time": "2026-07-09T06:15:00", "influence": 415.8, "repost_count": 126, "like_count": 821, "comment_count": 87, "title": "看到这篇文章很感慨：当年六蓝水库这类海量水利基建，账面几十年前就折旧清零，可实实"}, {"author": "群体表演艺术家", "platform": "微博", "verification_type": "认证个人", "publish_time": "2026-07-07T04:40:18", "influence": 414.4, "repost_count": 158, "like_count": 638, "comment_count": 130, "title": "广西辟谣水库崩塌、全市停电，对造谣扰乱公共秩序者将依法严肃处置。 [衰][衰]["}, {"author": "秦枫", "platform": "微博", "verification_type": "认证个人", "publish_time": "2026-07-06T17:50:29", "influence": 303.6, "repost_count": 111, "like_count": 542, "comment_count": 60, "title": "广西特大暴雨，四个水库出现险情，六蓝水库决堤了[祈祷]希望村民们都能避险求生，目"}, {"author": "红歌会网", "platform": "知乎", "verification_type": "认证个人", "publish_time": "2026-07-07T18:25:10", "influence": 288.5, "repost_count": 0, "like_count": 485, "comment_count": 286, "title": "六蓝水库决堤，竟然有人怪大跃进 - 知乎"}], "platform_chain": {"nodes": [{"name": "人民网", "count": 14, "first_seen": "2026-06-01T08:59:41.000001"}, {"name": "澎湃新闻", "count": 11, "first_seen": "2026-07-06T00:00:00"}, {"name": "微博", "count": 24, "first_seen": "2026-07-06T14:32:31"}, {"name": "知乎", "count": 28, "first_seen": "2026-07-07T10:33:42"}, {"name": "新浪新闻", "count": 25, "first_seen": "2026-07-09T17:29:01"}], "links": [{"source": "人民网", "target": "澎湃新闻", "value": 11}, {"source": "澎湃新闻", "target": "微博", "value": 24}, {"source": "微博", "target": "知乎", "value": 28}, {"source": "知乎", "target": "新浪新闻", "value": 25}]}}', '2026-07-15 12:30:32', '2026-07-15 12:30:32');
INSERT INTO event_keywords (event_id, word, weight, rank) VALUES (14, '水库', 1.0, 0);
INSERT INTO event_keywords (event_id, word, weight, rank) VALUES (14, '工程', 0.269, 1);
INSERT INTO event_keywords (event_id, word, weight, rank) VALUES (14, 's', 0.232, 2);
INSERT INTO event_keywords (event_id, word, weight, rank) VALUES (14, '建设', 0.228, 3);
INSERT INTO event_keywords (event_id, word, weight, rank) VALUES (14, '雷达', 0.227, 4);
INSERT INTO event_keywords (event_id, word, weight, rank) VALUES (14, '³', 0.226, 5);
INSERT INTO event_keywords (event_id, word, weight, rank) VALUES (14, '维护', 0.214, 6);
INSERT INTO event_keywords (event_id, word, weight, rank) VALUES (14, '洪水', 0.211, 7);
INSERT INTO event_platforms (event_id, platform_name, ratio, rank) VALUES (14, '知乎', 0.255, 0);
INSERT INTO event_platforms (event_id, platform_name, ratio, rank) VALUES (14, '新浪新闻', 0.227, 1);
INSERT INTO event_platforms (event_id, platform_name, ratio, rank) VALUES (14, '微博', 0.218, 2);
INSERT INTO event_platforms (event_id, platform_name, ratio, rank) VALUES (14, '人民网', 0.2, 3);
INSERT INTO event_platforms (event_id, platform_name, ratio, rank) VALUES (14, '澎湃新闻', 0.1, 4);
INSERT INTO event_trend_daily (event_id, date, count, is_predicted) VALUES (14, '2026-06-01', 1, 0);
INSERT INTO event_trend_daily (event_id, date, count, is_predicted) VALUES (14, '2026-06-02', 0, 0);
INSERT INTO event_trend_daily (event_id, date, count, is_predicted) VALUES (14, '2026-06-03', 1, 0);
INSERT INTO event_trend_daily (event_id, date, count, is_predicted) VALUES (14, '2026-06-04', 1, 0);
INSERT INTO event_trend_daily (event_id, date, count, is_predicted) VALUES (14, '2026-06-05', 0, 0);
INSERT INTO event_trend_daily (event_id, date, count, is_predicted) VALUES (14, '2026-06-06', 0, 0);
INSERT INTO event_trend_daily (event_id, date, count, is_predicted) VALUES (14, '2026-06-07', 0, 0);
INSERT INTO event_trend_daily (event_id, date, count, is_predicted) VALUES (14, '2026-06-08', 0, 0);
INSERT INTO event_trend_daily (event_id, date, count, is_predicted) VALUES (14, '2026-06-09', 1, 0);
INSERT INTO event_trend_daily (event_id, date, count, is_predicted) VALUES (14, '2026-06-10', 0, 0);
INSERT INTO event_trend_daily (event_id, date, count, is_predicted) VALUES (14, '2026-06-11', 0, 0);
INSERT INTO event_trend_daily (event_id, date, count, is_predicted) VALUES (14, '2026-06-12', 1, 0);
INSERT INTO event_trend_daily (event_id, date, count, is_predicted) VALUES (14, '2026-06-13', 0, 0);
INSERT INTO event_trend_daily (event_id, date, count, is_predicted) VALUES (14, '2026-06-14', 0, 0);
INSERT INTO event_trend_daily (event_id, date, count, is_predicted) VALUES (14, '2026-06-15', 0, 0);
INSERT INTO event_trend_daily (event_id, date, count, is_predicted) VALUES (14, '2026-06-16', 0, 0);
INSERT INTO event_trend_daily (event_id, date, count, is_predicted) VALUES (14, '2026-06-17', 0, 0);
INSERT INTO event_trend_daily (event_id, date, count, is_predicted) VALUES (14, '2026-06-18', 0, 0);
INSERT INTO event_trend_daily (event_id, date, count, is_predicted) VALUES (14, '2026-06-19', 1, 0);
INSERT INTO event_trend_daily (event_id, date, count, is_predicted) VALUES (14, '2026-06-20', 0, 0);
INSERT INTO event_trend_daily (event_id, date, count, is_predicted) VALUES (14, '2026-06-21', 0, 0);
INSERT INTO event_trend_daily (event_id, date, count, is_predicted) VALUES (14, '2026-06-22', 1, 0);
INSERT INTO event_trend_daily (event_id, date, count, is_predicted) VALUES (14, '2026-06-23', 0, 0);
INSERT INTO event_trend_daily (event_id, date, count, is_predicted) VALUES (14, '2026-06-24', 0, 0);
INSERT INTO event_trend_daily (event_id, date, count, is_predicted) VALUES (14, '2026-06-25', 0, 0);
INSERT INTO event_trend_daily (event_id, date, count, is_predicted) VALUES (14, '2026-06-26', 0, 0);
INSERT INTO event_trend_daily (event_id, date, count, is_predicted) VALUES (14, '2026-06-27', 0, 0);
INSERT INTO event_trend_daily (event_id, date, count, is_predicted) VALUES (14, '2026-06-28', 0, 0);
INSERT INTO event_trend_daily (event_id, date, count, is_predicted) VALUES (14, '2026-06-29', 0, 0);
INSERT INTO event_trend_daily (event_id, date, count, is_predicted) VALUES (14, '2026-06-30', 0, 0);
INSERT INTO event_trend_daily (event_id, date, count, is_predicted) VALUES (14, '2026-07-01', 0, 0);
INSERT INTO event_trend_daily (event_id, date, count, is_predicted) VALUES (14, '2026-07-02', 0, 0);
INSERT INTO event_trend_daily (event_id, date, count, is_predicted) VALUES (14, '2026-07-03', 0, 0);
INSERT INTO event_trend_daily (event_id, date, count, is_predicted) VALUES (14, '2026-07-04', 0, 0);
INSERT INTO event_trend_daily (event_id, date, count, is_predicted) VALUES (14, '2026-07-05', 0, 0);
INSERT INTO event_trend_daily (event_id, date, count, is_predicted) VALUES (14, '2026-07-06', 5, 0);
INSERT INTO event_trend_daily (event_id, date, count, is_predicted) VALUES (14, '2026-07-07', 14, 0);
INSERT INTO event_trend_daily (event_id, date, count, is_predicted) VALUES (14, '2026-07-08', 8, 0);
INSERT INTO event_trend_daily (event_id, date, count, is_predicted) VALUES (14, '2026-07-09', 12, 0);
INSERT INTO event_trend_daily (event_id, date, count, is_predicted) VALUES (14, '2026-07-10', 13, 0);
INSERT INTO event_trend_daily (event_id, date, count, is_predicted) VALUES (14, '2026-07-11', 8, 0);
INSERT INTO event_trend_daily (event_id, date, count, is_predicted) VALUES (14, '2026-07-12', 34, 0);
INSERT INTO event_trend_daily (event_id, date, count, is_predicted) VALUES (14, '2026-07-13', 1, 0);
INSERT INTO event_trend_daily (event_id, date, count, is_predicted, predict_heat, predict_count) VALUES (14, '2026-07-14', 0, 1, 0.0, 0.0);
INSERT INTO event_trend_daily (event_id, date, count, is_predicted, predict_heat, predict_count) VALUES (14, '2026-07-15', 0, 1, 0.0, 0.0);
INSERT INTO event_trend_daily (event_id, date, count, is_predicted, predict_heat, predict_count) VALUES (14, '2026-07-16', 0, 1, 0.0, 0.0);

INSERT INTO events (event_id, title, heat, report_count, duplicate_count, time_start, time_end, event_time, risk_level, stage, confidence, prob_latent, prob_growth, prob_peak, prob_decline, analysis, positive, neutral, negative, sources, summary, location, cause, people, authenticity, propagation, created_at, updated_at) VALUES (15, '国产动力舟桥救援广西学子脱险', 7.682, 49, 23, '2026-07-09 09:33:00', '2026-07-14 13:22:27', '2026-07-12 12:00:00', 'mid', 'decline', 0.9, 0.0, 0.0, 0.1, 0.9, '当前事件报道数量持续下降，公众关注度减弱，处于衰退期。', 0.634, 0.366, 0.0, '["人民网", "微博", "新浪新闻", "澎湃新闻", "知乎"]', '广西被困40小时学生讲述被救经历：感谢救援队不放弃任何人，多年后会记得我是坐船离开学校的 7月6日晚，位于广西贵港的广西物流职业技术学院因洪水涌入，宿舍楼一楼被完全淹没，近8000名师生被困，一度断粮断水。广西洪水救援队冲破阻隔抵达，师生见证众志成城 当救援力量抵达，冲破洪水的阻隔，那一刻，所有学子师生的眼睛都亮了。广西贵港特大洪水致6000学生被困，动力舟桥成功转移 #广西洪水#广西贵港遭遇特大洪水，一学校6000名学生被困，“救援界航母”动力舟桥紧急出动，成功转移所有的被困学生。', '广西、贵港、舟桥', '#动力舟桥转移数千名被困学生#】急流阻断道路怎么办。', '["美莎克", "高中生", "廖小华"]', '{"credibility_score": 0.768, "official_ratio": 0.673, "verified_ratio": 0.959, "plain_user_ratio": 0.041, "verification_dist": {"官方平台": 0.673, "认证机构": 0.163, "认证个人": 0.061, "头部认证个人": 0.061, "普通用户": 0.041}, "factors": ["high_duplicate_rate", "well_sourced"]}', '{"key_nodes": [{"role": "首次官方媒体介入", "author": "人民网", "platform": "微博", "verification_type": "官方平台", "publish_time": "2026-07-09T09:33:00", "influence": 1817.4, "title": "【硬核救援！#动力舟桥转移数千名被困学生#】急流阻断道路怎么办？“救援航母”——"}, {"role": "首次大V发声", "author": "中国新闻网", "platform": "微博", "verification_type": "认证机构", "publish_time": "2026-07-09T13:39:14", "influence": 21331.9, "title": "【#广西洪灾救援无人机变有人机#】#原则上无人机不许吊人但人民大于原则#广西洪灾"}, {"role": "初始爆料", "author": "LECOME乐康优品", "platform": "知乎", "verification_type": "普通用户", "publish_time": "2026-07-10T10:06:16", "influence": 0.3, "title": "贵港1.2万师生被困“孤岛”，解放军冲锋舟劈开洪水：灾难面前的“中国速度”是怎么"}], "top_influencers": [{"author": "中国新闻网", "platform": "微博", "verification_type": "认证机构", "publish_time": "2026-07-09T13:39:14", "influence": 21331.9, "repost_count": 2883, "like_count": 58418, "comment_count": 1847, "title": "【#广西洪灾救援无人机变有人机#】#原则上无人机不许吊人但人民大于原则#广西洪灾"}, {"author": "央视新闻", "platform": "微博", "verification_type": "官方平台", "publish_time": "2026-07-09T18:00:00", "influence": 9989.2, "repost_count": 1916, "like_count": 24739, "comment_count": 1303, "title": "【硬核救援！#救援航母出现那一刻安全感拉满#】#救援航母上响起歌唱祖国# 近日，"}, {"author": "央视新闻", "platform": "微博", "verification_type": "官方平台", "publish_time": "2026-07-09T10:21:12", "influence": 9906.9, "repost_count": 1311, "like_count": 26883, "comment_count": 1062, "title": "【#当救援航母驶入洪水校园#[心]】#动力舟桥洪水中化身生命方舟# 近日，广西贵"}, {"author": "绿茶发言大赏", "platform": "微博", "verification_type": "认证个人", "publish_time": "2026-07-10T20:03:27", "influence": 6381.2, "repost_count": 581, "like_count": 18819, "comment_count": 309, "title": "感觉这张照片可以上《感动中国》了[苦涩] 广西贵港洪灾区蓝天救援队在转移贵港高中"}, {"author": "中国新闻网", "platform": "微博", "verification_type": "认证机构", "publish_time": "2026-07-09T19:09:13", "influence": 6346.1, "repost_count": 907, "like_count": 16407, "comment_count": 1034, "title": "【致敬！#贵港救援人员席地而坐冒雨吃饭#】广西贵港一线救援人员席地而坐，在雨中休"}], "platform_chain": {"nodes": [{"name": "微博", "count": 18, "first_seen": "2026-07-09T09:33:00"}, {"name": "澎湃新闻", "count": 5, "first_seen": "2026-07-09T10:25:00"}, {"name": "人民网", "count": 5, "first_seen": "2026-07-09T17:56:24"}, {"name": "知乎", "count": 3, "first_seen": "2026-07-10T10:06:16"}, {"name": "新浪新闻", "count": 18, "first_seen": "2026-07-10T14:24:41.000001"}], "links": [{"source": "微博", "target": "澎湃新闻", "value": 5}, {"source": "澎湃新闻", "target": "人民网", "value": 5}, {"source": "人民网", "target": "知乎", "value": 3}, {"source": "知乎", "target": "新浪新闻", "value": 18}]}}', '2026-07-15 12:30:32', '2026-07-15 12:30:32');
INSERT INTO event_keywords (event_id, word, weight, rank) VALUES (15, '学生', 1.0, 0);
INSERT INTO event_keywords (event_id, word, weight, rank) VALUES (15, '救援', 0.702, 1);
INSERT INTO event_keywords (event_id, word, weight, rank) VALUES (15, '家长', 0.652, 2);
INSERT INTO event_keywords (event_id, word, weight, rank) VALUES (15, '师生', 0.571, 3);
INSERT INTO event_keywords (event_id, word, weight, rank) VALUES (15, '洪水', 0.558, 4);
INSERT INTO event_keywords (event_id, word, weight, rank) VALUES (15, '动力', 0.529, 5);
INSERT INTO event_keywords (event_id, word, weight, rank) VALUES (15, '小时', 0.501, 6);
INSERT INTO event_keywords (event_id, word, weight, rank) VALUES (15, '学子', 0.491, 7);
INSERT INTO event_platforms (event_id, platform_name, ratio, rank) VALUES (15, '新浪新闻', 0.367, 0);
INSERT INTO event_platforms (event_id, platform_name, ratio, rank) VALUES (15, '微博', 0.367, 1);
INSERT INTO event_platforms (event_id, platform_name, ratio, rank) VALUES (15, '澎湃新闻', 0.102, 2);
INSERT INTO event_platforms (event_id, platform_name, ratio, rank) VALUES (15, '人民网', 0.102, 3);
INSERT INTO event_platforms (event_id, platform_name, ratio, rank) VALUES (15, '知乎', 0.061, 4);
INSERT INTO event_trend_daily (event_id, date, count, is_predicted) VALUES (15, '2026-07-09', 12, 0);
INSERT INTO event_trend_daily (event_id, date, count, is_predicted) VALUES (15, '2026-07-10', 6, 0);
INSERT INTO event_trend_daily (event_id, date, count, is_predicted) VALUES (15, '2026-07-11', 4, 0);
INSERT INTO event_trend_daily (event_id, date, count, is_predicted) VALUES (15, '2026-07-12', 18, 0);
INSERT INTO event_trend_daily (event_id, date, count, is_predicted) VALUES (15, '2026-07-13', 8, 0);
INSERT INTO event_trend_daily (event_id, date, count, is_predicted) VALUES (15, '2026-07-14', 1, 0);
INSERT INTO event_trend_daily (event_id, date, count, is_predicted, predict_heat, predict_count) VALUES (15, '2026-07-15', 0, 1, 0.0, 0.0);
INSERT INTO event_trend_daily (event_id, date, count, is_predicted, predict_heat, predict_count) VALUES (15, '2026-07-16', 0, 1, 0.0, 0.0);
INSERT INTO event_trend_daily (event_id, date, count, is_predicted, predict_heat, predict_count) VALUES (15, '2026-07-17', 0, 1, 0.0, 0.0);

INSERT INTO events (event_id, title, heat, report_count, duplicate_count, time_start, time_end, event_time, risk_level, stage, confidence, prob_latent, prob_growth, prob_peak, prob_decline, analysis, positive, neutral, negative, sources, summary, location, cause, people, authenticity, propagation, created_at, updated_at) VALUES (16, '洪水暴雨中他们用肩膀扛起希望', 7.289, 15, 0, '2026-07-11 06:07:22', '2026-07-14 19:28:24', '2026-07-14 12:00:00', 'mid', 'decline', 0.9, 0.0, 0.0, 0.1, 0.9, '当前事件报道数量持续下降，公众关注度减弱，处于衰退期。', 0.649, 0.175, 0.175, '["微博", "新浪新闻", "知乎"]', '阿根廷队宣布向广西灾区捐赠物资回馈中国球迷。阿根廷队宣布向广西灾区捐赠物资回馈中国球迷 这就是足球的温度。阿根廷队捐赠物资支援广西洪水灾区 阿根廷国家足球队官方发文：关注到中国广西洪水灾情，有心捐赠一批国家队官方物资以助力当地灾后恢复建设，以此回馈中国球迷在世界杯期间的支持 #世界杯##阿根廷队##梅西#。', '广西、中国、甘肃', '希望社会吸取教训，增加洪水高效疏解措施和防风建筑。', '["毛巾"]', '{"credibility_score": 0.733, "official_ratio": 0.467, "verified_ratio": 0.933, "plain_user_ratio": 0.067, "verification_dist": {"官方平台": 0.467, "认证机构": 0.267, "认证个人": 0.2, "普通用户": 0.067}, "factors": ["well_sourced"]}', '{"key_nodes": [{"role": "初始爆料", "author": "济局小乐火车运转", "platform": "知乎", "verification_type": "普通用户", "publish_time": "2026-07-11T06:07:22", "influence": 0.6, "title": "希望社会吸取教训，增加洪水高效疏解措施和防风建筑"}, {"role": "首次官方媒体介入", "author": "中国长安网", "platform": "新浪新闻", "verification_type": "官方平台", "publish_time": "2026-07-12T13:47:55.999999", "influence": 0.0, "title": "洪水暴雨中他们用肩膀扛起希望"}, {"role": "首次大V发声", "author": "央视频", "platform": "微博", "verification_type": "认证机构", "publish_time": "2026-07-12T15:03:48", "influence": 11.4, "title": "【#广西救援水陆空接力送希望#[心]】 #一天往返60多趟的生命摆渡# 一天往返"}, {"role": "传播高峰", "author": "阿根廷国家足球队", "platform": "微博", "verification_type": "认证机构", "publish_time": "2026-07-14T01:08:17", "influence": 14944.1, "title": "我们看到了中国广西洪水的新闻，非常希望为中国的阿根廷球迷、广西的阿根廷球迷做些什"}], "top_influencers": [{"author": "阿根廷国家足球队", "platform": "微博", "verification_type": "认证机构", "publish_time": "2026-07-14T01:08:17", "influence": 14944.1, "repost_count": 2626, "like_count": 37882, "comment_count": 1907, "title": "我们看到了中国广西洪水的新闻，非常希望为中国的阿根廷球迷、广西的阿根廷球迷做些什"}, {"author": "UNISKIN优时颜", "platform": "微博", "verification_type": "认证机构", "publish_time": "2026-07-13T19:06:14", "influence": 7776.3, "repost_count": 2584, "like_count": 15301, "comment_count": 1204, "title": "风雨同舟，接力希望。ALH携手@JBL中国 、UNISKIN优时颜、 @MIST"}, {"author": "观察者网", "platform": "微博", "verification_type": "认证机构", "publish_time": "2026-07-14T08:23:22", "influence": 817.7, "repost_count": 25, "like_count": 2039, "comment_count": 362, "title": "#阿根廷队想给广西捐赠物资#【阿根廷队：愿为广西捐赠物资】7月14日，@阿根廷国"}, {"author": "包容万物恒河水", "platform": "微博", "verification_type": "认证个人", "publish_time": "2026-07-14T10:01:07", "influence": 426.8, "repost_count": 15, "like_count": 1121, "comment_count": 151, "title": "🔻这个态度可以。挺好。 #阿根廷队想给广西捐赠物资##海外新鲜事##非正经观战世"}, {"author": "央视频", "platform": "微博", "verification_type": "认证机构", "publish_time": "2026-07-12T15:03:48", "influence": 11.4, "repost_count": 2, "like_count": 28, "comment_count": 2, "title": "【#广西救援水陆空接力送希望#[心]】 #一天往返60多趟的生命摆渡# 一天往返"}], "platform_chain": {"nodes": [{"name": "知乎", "count": 1, "first_seen": "2026-07-11T06:07:22"}, {"name": "新浪新闻", "count": 7, "first_seen": "2026-07-12T13:47:55.999999"}, {"name": "微博", "count": 7, "first_seen": "2026-07-12T15:03:48"}], "links": [{"source": "知乎", "target": "新浪新闻", "value": 7}, {"source": "新浪新闻", "target": "微博", "value": 7}]}}', '2026-07-15 12:30:32', '2026-07-15 12:30:32');
INSERT INTO event_keywords (event_id, word, weight, rank) VALUES (16, '阿根廷', 1.0, 0);
INSERT INTO event_keywords (event_id, word, weight, rank) VALUES (16, '阿根廷队', 0.93, 1);
INSERT INTO event_keywords (event_id, word, weight, rank) VALUES (16, '中国', 0.916, 2);
INSERT INTO event_keywords (event_id, word, weight, rank) VALUES (16, '球迷', 0.879, 3);
INSERT INTO event_keywords (event_id, word, weight, rank) VALUES (16, '捐赠', 0.812, 4);
INSERT INTO event_keywords (event_id, word, weight, rank) VALUES (16, '跨越', 0.526, 5);
INSERT INTO event_keywords (event_id, word, weight, rank) VALUES (16, '广西', 0.524, 6);
INSERT INTO event_keywords (event_id, word, weight, rank) VALUES (16, '一天', 0.505, 7);
INSERT INTO event_platforms (event_id, platform_name, ratio, rank) VALUES (16, '新浪新闻', 0.467, 0);
INSERT INTO event_platforms (event_id, platform_name, ratio, rank) VALUES (16, '微博', 0.467, 1);
INSERT INTO event_platforms (event_id, platform_name, ratio, rank) VALUES (16, '知乎', 0.067, 2);
INSERT INTO event_trend_daily (event_id, date, count, is_predicted) VALUES (16, '2026-07-11', 1, 0);
INSERT INTO event_trend_daily (event_id, date, count, is_predicted) VALUES (16, '2026-07-12', 2, 0);
INSERT INTO event_trend_daily (event_id, date, count, is_predicted) VALUES (16, '2026-07-13', 2, 0);
INSERT INTO event_trend_daily (event_id, date, count, is_predicted) VALUES (16, '2026-07-14', 10, 0);
INSERT INTO event_trend_daily (event_id, date, count, is_predicted, predict_heat, predict_count) VALUES (16, '2026-07-15', 0, 1, 14.0, 14.0);
INSERT INTO event_trend_daily (event_id, date, count, is_predicted, predict_heat, predict_count) VALUES (16, '2026-07-16', 0, 1, 18.0, 18.0);
INSERT INTO event_trend_daily (event_id, date, count, is_predicted, predict_heat, predict_count) VALUES (16, '2026-07-17', 0, 1, 22.0, 22.0);

INSERT INTO events (event_id, title, heat, report_count, duplicate_count, time_start, time_end, event_time, risk_level, stage, confidence, prob_latent, prob_growth, prob_peak, prob_decline, analysis, positive, neutral, negative, sources, summary, location, cause, people, authenticity, propagation, created_at, updated_at) VALUES (17, '山东多地救援队跨越千里驰援广西', 6.312, 31, 25, '2026-07-09 07:08:31', '2026-07-14 20:28:00', '2026-07-12 12:00:00', 'mid', 'decline', 0.9, 0.0, 0.0, 0.1, 0.9, '当前事件报道数量持续下降，公众关注度减弱，处于衰退期。', 0.368, 0.263, 0.368, '["人民网", "微博", "新浪新闻", "澎湃新闻"]', '得到广西洪灾过境、当地受灾严重急需救援的消息时，上海金山区急速应急救援队张琦和队员们没有半秒钟犹豫，决定立即出发。早在7月1日，东煊救援队的部分队员已经抵达广西，联合广西东煊麒麟先锋救援队开展系统性急流救援实操培训。抬船上岸 8日中午，转运受灾人员完毕后，张琦和队员又马不停蹄赶往云表镇，和东煊救援队以及浙江的几支队伍会合，继续救援。', '广西、贵港、横州', '辟谣，广西灾区不管是什么救援队救人收费直接报警抓人。', '["美莎克", "毛宁", "罗高辉", "唐燕丽", "张琳"]', '{"credibility_score": 0.798, "official_ratio": 0.806, "verified_ratio": 1.0, "plain_user_ratio": 0.0, "verification_dist": {"官方平台": 0.806, "认证机构": 0.097, "头部认证个人": 0.065, "认证个人": 0.032}, "factors": ["high_duplicate_rate", "well_sourced"]}', '{"key_nodes": [{"role": "初始爆料", "author": "碎叫", "platform": "微博", "verification_type": "头部认证个人", "publish_time": "2026-07-09T07:08:31", "influence": 2238.7, "title": "辟谣，广西灾区不管是什么救援队救人收费直接报警抓人。 蓝天救援队救援不收费，更不"}, {"role": "传播高峰", "author": "百姓关注", "platform": "微博", "verification_type": "认证机构", "publish_time": "2026-07-09T13:15:47.999999", "influence": 4447.9, "title": "【“它也想哭了，累得动不了” 广东蓝天#救援队转移学生顺手捞上无助小猪# 】7月"}, {"role": "首次官方媒体介入", "author": "上海频道#区闻联播#金山区", "platform": "人民网", "verification_type": "官方平台", "publish_time": "2026-07-09T17:38:47", "influence": 0.0, "title": "驰援广西！金山区急速应急救援队，好样的！"}], "top_influencers": [{"author": "百姓关注", "platform": "微博", "verification_type": "认证机构", "publish_time": "2026-07-09T13:15:47.999999", "influence": 4447.9, "repost_count": 437, "like_count": 12878, "comment_count": 295, "title": "【“它也想哭了，累得动不了” 广东蓝天#救援队转移学生顺手捞上无助小猪# 】7月"}, {"author": "碎叫", "platform": "微博", "verification_type": "头部认证个人", "publish_time": "2026-07-09T07:08:31", "influence": 2238.7, "repost_count": 638, "like_count": 4864, "comment_count": 283, "title": "辟谣，广西灾区不管是什么救援队救人收费直接报警抓人。 蓝天救援队救援不收费，更不"}, {"author": "无心简影", "platform": "微博", "verification_type": "认证个人", "publish_time": "2026-07-10T01:03:51", "influence": 1014.8, "repost_count": 267, "like_count": 2216, "comment_count": 166, "title": "我被人挂了，并被指控“发微博公开挂博引导网友网暴”。 起因是，博主@碎叫 发了一"}, {"author": "云涧织梦", "platform": "微博", "verification_type": "头部认证个人", "publish_time": "2026-07-11T21:23:26", "influence": 5.3, "repost_count": 0, "like_count": 16, "comment_count": 1, "title": "#蓝天救援队回应救援费8千元# 蓝天救援队被指洪灾救援收费8千元，官方直接甩出硬"}, {"author": "大众新闻-半岛都市报", "platform": "微博", "verification_type": "认证机构", "publish_time": "2026-07-12T10:45:02", "influence": 1.0, "repost_count": 1, "like_count": 0, "comment_count": 0, "title": "【#蓝天救援队辟谣救援费8000元##警惕恶意消耗公益善意#】 近日，网传广西宾"}], "platform_chain": {"nodes": [{"name": "微博", "count": 6, "first_seen": "2026-07-09T07:08:31"}, {"name": "人民网", "count": 3, "first_seen": "2026-07-09T17:38:47"}, {"name": "澎湃新闻", "count": 12, "first_seen": "2026-07-09T18:08:00"}, {"name": "新浪新闻", "count": 10, "first_seen": "2026-07-11T20:58:50"}], "links": [{"source": "微博", "target": "人民网", "value": 3}, {"source": "人民网", "target": "澎湃新闻", "value": 12}, {"source": "澎湃新闻", "target": "新浪新闻", "value": 10}]}}', '2026-07-15 12:30:32', '2026-07-15 12:30:32');
INSERT INTO event_keywords (event_id, word, weight, rank) VALUES (17, '队员', 1.0, 0);
INSERT INTO event_keywords (event_id, word, weight, rank) VALUES (17, '张琦', 0.793, 1);
INSERT INTO event_keywords (event_id, word, weight, rank) VALUES (17, '救援队', 0.52, 2);
INSERT INTO event_keywords (event_id, word, weight, rank) VALUES (17, '东煊', 0.357, 3);
INSERT INTO event_keywords (event_id, word, weight, rank) VALUES (17, '地方', 0.357, 4);
INSERT INTO event_keywords (event_id, word, weight, rank) VALUES (17, '送别', 0.318, 5);
INSERT INTO event_keywords (event_id, word, weight, rank) VALUES (17, '教室', 0.318, 6);
INSERT INTO event_keywords (event_id, word, weight, rank) VALUES (17, '一直', 0.317, 7);
INSERT INTO event_platforms (event_id, platform_name, ratio, rank) VALUES (17, '澎湃新闻', 0.387, 0);
INSERT INTO event_platforms (event_id, platform_name, ratio, rank) VALUES (17, '新浪新闻', 0.323, 1);
INSERT INTO event_platforms (event_id, platform_name, ratio, rank) VALUES (17, '微博', 0.194, 2);
INSERT INTO event_platforms (event_id, platform_name, ratio, rank) VALUES (17, '人民网', 0.097, 3);
INSERT INTO event_trend_daily (event_id, date, count, is_predicted) VALUES (17, '2026-07-09', 5, 0);
INSERT INTO event_trend_daily (event_id, date, count, is_predicted) VALUES (17, '2026-07-10', 4, 0);
INSERT INTO event_trend_daily (event_id, date, count, is_predicted) VALUES (17, '2026-07-11', 6, 0);
INSERT INTO event_trend_daily (event_id, date, count, is_predicted) VALUES (17, '2026-07-12', 8, 0);
INSERT INTO event_trend_daily (event_id, date, count, is_predicted) VALUES (17, '2026-07-13', 5, 0);
INSERT INTO event_trend_daily (event_id, date, count, is_predicted) VALUES (17, '2026-07-14', 3, 0);
INSERT INTO event_trend_daily (event_id, date, count, is_predicted, predict_heat, predict_count) VALUES (17, '2026-07-15', 0, 1, 0.5, 0.5);
INSERT INTO event_trend_daily (event_id, date, count, is_predicted, predict_heat, predict_count) VALUES (17, '2026-07-16', 0, 1, 0.0, 0.0);
INSERT INTO event_trend_daily (event_id, date, count, is_predicted, predict_heat, predict_count) VALUES (17, '2026-07-17', 0, 1, 0.0, 0.0);

INSERT INTO events (event_id, title, heat, report_count, duplicate_count, time_start, time_end, event_time, risk_level, stage, confidence, prob_latent, prob_growth, prob_peak, prob_decline, analysis, positive, neutral, negative, sources, summary, location, cause, people, authenticity, propagation, created_at, updated_at) VALUES (18, '广西暴雨超8000人抗洪救援', 5.917, 34, 16, '2026-07-07 23:30:38', '2026-07-14 20:56:17', '2026-07-11 12:00:00', 'mid', 'decline', 0.9, 0.0, 0.0, 0.1, 0.9, '当前事件报道数量持续下降，公众关注度减弱，处于衰退期。', 0.526, 0.368, 0.105, '["微博", "新浪新闻", "澎湃新闻", "知乎"]', '在洪水灾害面前，救人的从来不是一架无人机，而是一整套正在成型的国家低空基础设施。五年，无人机从工具长成了基础设施▲ 五年四场洪水，无人机从"工具"一路长成"基础设施"（配图提示词见《配图提示词_ChatGPT出图_v9》图1）看到了吗——每过一场洪水，无人机头顶上要扛的活，就多叠一层。而从2021年的郑州，到2026年的广西，这五年、四场洪水，真正被改写的，从来不是"我们有多少架无人机"，而是——一个国家，组织和调动低空力量的方式。', '广西、横州、大疆', '洪水过境贵港故土：见过无常，才懂平安是此生最大的福报 - 知乎。', '["美莎克", "陆军", "黄银贵"]', '{"credibility_score": 0.525, "official_ratio": 0.5, "verified_ratio": 0.588, "plain_user_ratio": 0.412, "verification_dist": {"官方平台": 0.5, "普通用户": 0.412, "认证个人": 0.059, "认证机构": 0.029}, "factors": ["high_duplicate_rate", "well_sourced"]}', '{"key_nodes": [{"role": "初始爆料", "author": "渡川见心", "platform": "知乎", "verification_type": "普通用户", "publish_time": "2026-07-07T23:30:38.000001", "influence": 0.0, "title": "洪水过境贵港故土：见过无常，才懂平安是此生最大的福报 - 知乎"}, {"role": "首次官方媒体介入", "author": "爆闻速递小哥", "platform": "新浪新闻", "verification_type": "官方平台", "publish_time": "2026-07-10T07:36:46", "influence": 0.0, "title": "广西暴雨超8000人抗洪救援"}, {"role": "传播高峰", "author": "大又元", "platform": "知乎", "verification_type": "普通用户", "publish_time": "2026-07-11T09:12:10", "influence": 385.0, "title": "命运反复出题，而你给出的答案一次比一次震撼！这个构图绝了，原则上无人机不能载人，"}, {"role": "首次大V发声", "author": "JSTV荔枝视频", "platform": "微博", "verification_type": "认证机构", "publish_time": "2026-07-13T21:12:38", "influence": 0.0, "title": "【#10位村民头顶雨布被困洪水5天4晚##真实记录广西灾区的1场极限救援#】被困"}], "top_influencers": [{"author": "大又元", "platform": "知乎", "verification_type": "普通用户", "publish_time": "2026-07-11T09:12:10", "influence": 385.0, "repost_count": 0, "like_count": 1070, "comment_count": 128, "title": "命运反复出题，而你给出的答案一次比一次震撼！这个构图绝了，原则上无人机不能载人，"}, {"author": "金错刀", "platform": "知乎", "verification_type": "普通用户", "publish_time": "2026-07-12T09:27:49", "influence": 71.8, "repost_count": 0, "like_count": 196, "comment_count": 26, "title": "“主动塌房”的无人机，在广西洪灾中一夜封神 - 知乎"}, {"author": "躺赢板", "platform": "微博", "verification_type": "认证个人", "publish_time": "2026-07-11T12:03:28", "influence": 45.0, "repost_count": 3, "like_count": 110, "comment_count": 18, "title": "很心疼，知道价格之后更心疼了 ，那些在广西洪水里吊人救命的无人机，最便宜的五万多"}, {"author": "枫冷慕诗", "platform": "知乎", "verification_type": "普通用户", "publish_time": "2026-07-11T12:21:56", "influence": 31.1, "repost_count": 0, "like_count": 92, "comment_count": 7, "title": "因为用无人设备了，这次广西的洪水里，科技为人类开出了一条条逃生之路，当救援的冲锋"}, {"author": "七月不及八月", "platform": "知乎", "verification_type": "普通用户", "publish_time": "2026-07-10T13:50:47", "influence": 4.3, "repost_count": 0, "like_count": 11, "comment_count": 2, "title": "广西洪灾刷屏一幕：原则上无人机不许吊人，但人命在前，人民永远大于刻板规则 - 知"}], "platform_chain": {"nodes": [{"name": "知乎", "count": 14, "first_seen": "2026-07-07T23:30:38.000001"}, {"name": "新浪新闻", "count": 16, "first_seen": "2026-07-10T07:36:46"}, {"name": "澎湃新闻", "count": 1, "first_seen": "2026-07-11T10:56:00"}, {"name": "微博", "count": 3, "first_seen": "2026-07-11T12:03:28"}], "links": [{"source": "知乎", "target": "新浪新闻", "value": 16}, {"source": "新浪新闻", "target": "澎湃新闻", "value": 1}, {"source": "澎湃新闻", "target": "微博", "value": 3}]}}', '2026-07-15 12:30:32', '2026-07-15 12:30:32');
INSERT INTO event_keywords (event_id, word, weight, rank) VALUES (18, '无人机', 1.0, 0);
INSERT INTO event_keywords (event_id, word, weight, rank) VALUES (18, '低空', 0.326, 1);
INSERT INTO event_keywords (event_id, word, weight, rank) VALUES (18, '五年', 0.191, 2);
INSERT INTO event_keywords (event_id, word, weight, rank) VALUES (18, '救援', 0.184, 3);
INSERT INTO event_keywords (event_id, word, weight, rank) VALUES (18, '洪水', 0.153, 4);
INSERT INTO event_keywords (event_id, word, weight, rank) VALUES (18, '无人', 0.147, 5);
INSERT INTO event_keywords (event_id, word, weight, rank) VALUES (18, '基础设施', 0.146, 6);
INSERT INTO event_keywords (event_id, word, weight, rank) VALUES (18, '第一次', 0.138, 7);
INSERT INTO event_platforms (event_id, platform_name, ratio, rank) VALUES (18, '新浪新闻', 0.471, 0);
INSERT INTO event_platforms (event_id, platform_name, ratio, rank) VALUES (18, '知乎', 0.412, 1);
INSERT INTO event_platforms (event_id, platform_name, ratio, rank) VALUES (18, '微博', 0.088, 2);
INSERT INTO event_platforms (event_id, platform_name, ratio, rank) VALUES (18, '澎湃新闻', 0.029, 3);
INSERT INTO event_trend_daily (event_id, date, count, is_predicted) VALUES (18, '2026-07-07', 1, 0);
INSERT INTO event_trend_daily (event_id, date, count, is_predicted) VALUES (18, '2026-07-08', 0, 0);
INSERT INTO event_trend_daily (event_id, date, count, is_predicted) VALUES (18, '2026-07-09', 0, 0);
INSERT INTO event_trend_daily (event_id, date, count, is_predicted) VALUES (18, '2026-07-10', 7, 0);
INSERT INTO event_trend_daily (event_id, date, count, is_predicted) VALUES (18, '2026-07-11', 9, 0);
INSERT INTO event_trend_daily (event_id, date, count, is_predicted) VALUES (18, '2026-07-12', 9, 0);
INSERT INTO event_trend_daily (event_id, date, count, is_predicted) VALUES (18, '2026-07-13', 7, 0);
INSERT INTO event_trend_daily (event_id, date, count, is_predicted) VALUES (18, '2026-07-14', 1, 0);
INSERT INTO event_trend_daily (event_id, date, count, is_predicted, predict_heat, predict_count) VALUES (18, '2026-07-15', 0, 1, 0.0, 0.0);
INSERT INTO event_trend_daily (event_id, date, count, is_predicted, predict_heat, predict_count) VALUES (18, '2026-07-16', 0, 1, 0.0, 0.0);
INSERT INTO event_trend_daily (event_id, date, count, is_predicted, predict_heat, predict_count) VALUES (18, '2026-07-17', 0, 1, 0.0, 0.0);

INSERT INTO events (event_id, title, heat, report_count, duplicate_count, time_start, time_end, event_time, risk_level, stage, confidence, prob_latent, prob_growth, prob_peak, prob_decline, analysis, positive, neutral, negative, sources, summary, location, cause, people, authenticity, propagation, created_at, updated_at) VALUES (19, '广西洪水退去武警清淤遇暖心一幕', 5.86, 29, 13, '2026-07-09 09:56:00', '2026-07-14 20:13:47', '2026-07-12 12:00:00', 'mid', 'decline', 0.9, 0.0, 0.0, 0.1, 0.9, '当前事件报道数量持续下降，公众关注度减弱，处于衰退期。', 1.0, 0.0, 0.0, '["人民网", "微博", "新浪新闻", "澎湃新闻", "知乎"]', '在受灾严重的广西南宁横州市、贵港市，张国清来到受灾群众安置点、居民小区、临街店铺和六蓝村、独田村，转达习近平总书记对灾区广大干部群众的关怀慰问和深情牵挂，实地察看集中安置群众生活条件，详细了解道路清淤、环境消杀、供水供电供气及受灾群众生活保障等情况。很多偏远山村道路塌方、车辆无法通行，救援人员便徒步穿梭在泥泞山路，背着物资、带着装备，翻山越岭奔赴孤岛村落，为被困群众送去饮用水、食物和应急物资，保障群众基本生活所需。在全力抢险救援、转移安置群众的同时，各项灾后安置、民生保障工作同步高效推进，最大程度守护群众生命安全、保障群众基本生活。', '广西、横州、台风', '广西疾控：暴雨灾区传染病疫情总体平稳，需重点防范五类疾病_直击现场_澎湃新闻-The Paper。', '["美莎克", "张国清", "陆军", "覃塘区", "汤圆"]', '{"credibility_score": 0.821, "official_ratio": 0.862, "verified_ratio": 0.931, "plain_user_ratio": 0.069, "verification_dist": {"官方平台": 0.862, "普通用户": 0.069, "认证个人": 0.034, "认证机构": 0.034}, "factors": ["high_duplicate_rate", "well_sourced"]}', '{"key_nodes": [{"role": "首次官方媒体介入", "author": "澎湃新闻", "platform": "澎湃新闻", "verification_type": "官方平台", "publish_time": "2026-07-09T09:56:00", "influence": 0.0, "title": "广西疾控：暴雨灾区传染病疫情总体平稳，需重点防范五类疾病_直击现场_澎湃新闻-T"}, {"role": "初始爆料", "author": "山巅晨阳", "platform": "知乎", "verification_type": "普通用户", "publish_time": "2026-07-11T08:53:37", "influence": 0.0, "title": "广西汛情趋缓，但子弟兵仍在泥泞中抢通最后一公里 - 知乎"}, {"role": "传播高峰", "author": "人民日报", "platform": "微博", "verification_type": "官方平台", "publish_time": "2026-07-11T21:46:18", "influence": 3684.1, "title": "#这就是人民子弟兵给的安全感#【#清淤现场村民朝子弟兵竖起大拇指#】连日来，广西"}, {"role": "首次大V发声", "author": "央视军事报道", "platform": "微博", "verification_type": "认证机构", "publish_time": "2026-07-13T20:55:54", "influence": 0.8, "title": "#抢险救援 子弟兵在行动#经过几天的救援，广西横州洪水逐步减退。今天，解放军和武"}], "top_influencers": [{"author": "人民日报", "platform": "微博", "verification_type": "官方平台", "publish_time": "2026-07-11T21:46:18", "influence": 3684.1, "repost_count": 319, "like_count": 10212, "comment_count": 603, "title": "#这就是人民子弟兵给的安全感#【#清淤现场村民朝子弟兵竖起大拇指#】连日来，广西"}, {"author": "人民网", "platform": "微博", "verification_type": "官方平台", "publish_time": "2026-07-12T10:50:01", "influence": 289.8, "repost_count": 52, "like_count": 691, "comment_count": 61, "title": "【#子弟兵清淤时遇到战友妈妈#】广西南宁市宾阳县甘棠镇，洪水退去后街巷淤泥堆积，"}, {"author": "央视军事报道", "platform": "微博", "verification_type": "认证机构", "publish_time": "2026-07-13T20:55:54", "influence": 0.8, "repost_count": 0, "like_count": 1, "comment_count": 1, "title": "#抢险救援 子弟兵在行动#经过几天的救援，广西横州洪水逐步减退。今天，解放军和武"}], "platform_chain": {"nodes": [{"name": "澎湃新闻", "count": 7, "first_seen": "2026-07-09T09:56:00"}, {"name": "人民网", "count": 5, "first_seen": "2026-07-09T14:37:40"}, {"name": "知乎", "count": 2, "first_seen": "2026-07-11T08:53:37"}, {"name": "新浪新闻", "count": 11, "first_seen": "2026-07-11T19:19:28"}, {"name": "微博", "count": 4, "first_seen": "2026-07-11T21:46:18"}], "links": [{"source": "澎湃新闻", "target": "人民网", "value": 5}, {"source": "人民网", "target": "知乎", "value": 2}, {"source": "知乎", "target": "新浪新闻", "value": 11}, {"source": "新浪新闻", "target": "微博", "value": 4}]}}', '2026-07-15 12:30:32', '2026-07-15 12:30:32');
INSERT INTO event_keywords (event_id, word, weight, rank) VALUES (19, '传染病', 1.0, 0);
INSERT INTO event_keywords (event_id, word, weight, rank) VALUES (19, '物资', 0.572, 1);
INSERT INTO event_keywords (event_id, word, weight, rank) VALUES (19, '救援', 0.549, 2);
INSERT INTO event_keywords (event_id, word, weight, rank) VALUES (19, '群众', 0.533, 3);
INSERT INTO event_keywords (event_id, word, weight, rank) VALUES (19, '安置', 0.483, 4);
INSERT INTO event_keywords (event_id, word, weight, rank) VALUES (19, '小区', 0.475, 5);
INSERT INTO event_keywords (event_id, word, weight, rank) VALUES (19, '生活', 0.437, 6);
INSERT INTO event_keywords (event_id, word, weight, rank) VALUES (19, '贵港市', 0.411, 7);
INSERT INTO event_platforms (event_id, platform_name, ratio, rank) VALUES (19, '新浪新闻', 0.379, 0);
INSERT INTO event_platforms (event_id, platform_name, ratio, rank) VALUES (19, '澎湃新闻', 0.241, 1);
INSERT INTO event_platforms (event_id, platform_name, ratio, rank) VALUES (19, '人民网', 0.172, 2);
INSERT INTO event_platforms (event_id, platform_name, ratio, rank) VALUES (19, '微博', 0.138, 3);
INSERT INTO event_platforms (event_id, platform_name, ratio, rank) VALUES (19, '知乎', 0.069, 4);
INSERT INTO event_trend_daily (event_id, date, count, is_predicted) VALUES (19, '2026-07-09', 3, 0);
INSERT INTO event_trend_daily (event_id, date, count, is_predicted) VALUES (19, '2026-07-10', 6, 0);
INSERT INTO event_trend_daily (event_id, date, count, is_predicted) VALUES (19, '2026-07-11', 5, 0);
INSERT INTO event_trend_daily (event_id, date, count, is_predicted) VALUES (19, '2026-07-12', 9, 0);
INSERT INTO event_trend_daily (event_id, date, count, is_predicted) VALUES (19, '2026-07-13', 2, 0);
INSERT INTO event_trend_daily (event_id, date, count, is_predicted) VALUES (19, '2026-07-14', 4, 0);
INSERT INTO event_trend_daily (event_id, date, count, is_predicted, predict_heat, predict_count) VALUES (19, '2026-07-15', 0, 1, 1.5, 1.5);
INSERT INTO event_trend_daily (event_id, date, count, is_predicted, predict_heat, predict_count) VALUES (19, '2026-07-16', 0, 1, 0.0, 0.0);
INSERT INTO event_trend_daily (event_id, date, count, is_predicted, predict_heat, predict_count) VALUES (19, '2026-07-17', 0, 1, 0.0, 0.0);

INSERT INTO events (event_id, title, heat, report_count, duplicate_count, time_start, time_end, event_time, risk_level, stage, confidence, prob_latent, prob_growth, prob_peak, prob_decline, analysis, positive, neutral, negative, sources, summary, location, cause, people, authenticity, propagation, created_at, updated_at) VALUES (20, '馆长被广西抗洪感动哭', 5.44, 21, 4, '2026-07-10 17:42:54', '2026-07-14 18:28:33', '2026-07-12 12:00:00', 'mid', 'decline', 0.9, 0.0, 0.0, 0.1, 0.9, '当前事件报道数量持续下降，公众关注度减弱，处于衰退期。', 0.8, 0.127, 0.073, '["微博", "新浪新闻", "知乎"]', '[作揖][心][good][good] #广西洪水##广西全力抗洪救灾##永远致敬中国军人# http://t.cn/AXKqSF1n。广西抗洪救援，洪水退去武警官兵冒着高温清淤。广西抗洪救援，洪水退去武警官兵冒着高温清淤 【广西抗洪救援，#洪水退去武警官兵冒着高温清淤#】7月13日，广西藤县。', '广西、贵港、中国', '这张图真的封神了[good][good][good] #广西洪水##广西#。', '["毛宁"]', '{"credibility_score": 0.784, "official_ratio": 0.762, "verified_ratio": 0.952, "plain_user_ratio": 0.048, "verification_dist": {"官方平台": 0.762, "认证个人": 0.19, "普通用户": 0.048}, "factors": ["well_sourced"]}', '{"key_nodes": [{"role": "初始爆料", "author": "爱知乎爱生活", "platform": "知乎", "verification_type": "普通用户", "publish_time": "2026-07-10T19:41:06", "influence": 4.3, "title": "这一幕真的看哭啦！广西村民夹道欢送抗洪战士。这是最真诚地感谢，也是我们的军民鱼水"}, {"role": "传播高峰", "author": "秦祎墨", "platform": "微博", "verification_type": "认证个人", "publish_time": "2026-07-11T13:40:39", "influence": 5182.4, "title": "最近有两个新闻： 第一个新闻：广西洪水，有很多学生被困学校，转以后其实接走的都不"}, {"role": "首次官方媒体介入", "author": "新华社", "platform": "微博", "verification_type": "官方平台", "publish_time": "2026-07-12T10:05:19", "influence": 1966.4, "title": "【#洪水退去后这一幕让人泪目#】近日，广西南宁，洪水退去后这一幕看哭了，战士们大"}], "top_influencers": [{"author": "秦祎墨", "platform": "微博", "verification_type": "认证个人", "publish_time": "2026-07-11T13:40:39", "influence": 5182.4, "repost_count": 1694, "like_count": 11523, "comment_count": 63, "title": "最近有两个新闻： 第一个新闻：广西洪水，有很多学生被困学校，转以后其实接走的都不"}, {"author": "Creamy蕉", "platform": "微博", "verification_type": "认证个人", "publish_time": "2026-07-11T07:37:04.999999", "influence": 2994.1, "repost_count": 1068, "like_count": 6297, "comment_count": 74, "title": "#广西洪水# 广西老乡真的很有爱，洪水期间直接把陌生人的孩子接到家里提供食物住宿"}, {"author": "新华社", "platform": "微博", "verification_type": "官方平台", "publish_time": "2026-07-12T10:05:19", "influence": 1966.4, "repost_count": 333, "like_count": 4818, "comment_count": 376, "title": "【#洪水退去后这一幕让人泪目#】近日，广西南宁，洪水退去后这一幕看哭了，战士们大"}, {"author": "江湖李傅相", "platform": "微博", "verification_type": "认证个人", "publish_time": "2026-07-10T17:42:54", "influence": 1171.2, "repost_count": 54, "like_count": 3664, "comment_count": 36, "title": "这张图真的封神了[good][good][good] #广西洪水##广西#"}, {"author": "旅行厨男", "platform": "微博", "verification_type": "认证个人", "publish_time": "2026-07-12T14:19:36", "influence": 32.1, "repost_count": 6, "like_count": 77, "comment_count": 6, "title": "广西贵港，一位抗洪军人在救援途中偶遇自己的妻儿被救！[作揖][心][good]["}], "platform_chain": {"nodes": [{"name": "微博", "count": 5, "first_seen": "2026-07-10T17:42:54"}, {"name": "知乎", "count": 1, "first_seen": "2026-07-10T19:41:06"}, {"name": "新浪新闻", "count": 15, "first_seen": "2026-07-12T10:56:16"}], "links": [{"source": "微博", "target": "知乎", "value": 1}, {"source": "知乎", "target": "新浪新闻", "value": 15}]}}', '2026-07-15 12:30:32', '2026-07-15 12:30:32');
INSERT INTO event_keywords (event_id, word, weight, rank) VALUES (20, '救援', 1.0, 0);
INSERT INTO event_keywords (event_id, word, weight, rank) VALUES (20, '广西', 0.946, 1);
INSERT INTO event_keywords (event_id, word, weight, rank) VALUES (20, '抗洪', 0.875, 2);
INSERT INTO event_keywords (event_id, word, weight, rank) VALUES (20, '馆长', 0.721, 3);
INSERT INTO event_keywords (event_id, word, weight, rank) VALUES (20, 'good', 0.601, 4);
INSERT INTO event_keywords (event_id, word, weight, rank) VALUES (20, '清淤', 0.598, 5);
INSERT INTO event_keywords (event_id, word, weight, rank) VALUES (20, '一线', 0.543, 6);
INSERT INTO event_keywords (event_id, word, weight, rank) VALUES (20, '洪水', 0.49, 7);
INSERT INTO event_platforms (event_id, platform_name, ratio, rank) VALUES (20, '新浪新闻', 0.714, 0);
INSERT INTO event_platforms (event_id, platform_name, ratio, rank) VALUES (20, '微博', 0.238, 1);
INSERT INTO event_platforms (event_id, platform_name, ratio, rank) VALUES (20, '知乎', 0.048, 2);
INSERT INTO event_trend_daily (event_id, date, count, is_predicted) VALUES (20, '2026-07-10', 2, 0);
INSERT INTO event_trend_daily (event_id, date, count, is_predicted) VALUES (20, '2026-07-11', 2, 0);
INSERT INTO event_trend_daily (event_id, date, count, is_predicted) VALUES (20, '2026-07-12', 8, 0);
INSERT INTO event_trend_daily (event_id, date, count, is_predicted) VALUES (20, '2026-07-13', 6, 0);
INSERT INTO event_trend_daily (event_id, date, count, is_predicted) VALUES (20, '2026-07-14', 3, 0);
INSERT INTO event_trend_daily (event_id, date, count, is_predicted, predict_heat, predict_count) VALUES (20, '2026-07-15', 0, 1, 0.5, 0.5);
INSERT INTO event_trend_daily (event_id, date, count, is_predicted, predict_heat, predict_count) VALUES (20, '2026-07-16', 0, 1, 0.0, 0.0);
INSERT INTO event_trend_daily (event_id, date, count, is_predicted, predict_heat, predict_count) VALUES (20, '2026-07-17', 0, 1, 0.0, 0.0);

INSERT INTO events (event_id, title, heat, report_count, duplicate_count, time_start, time_end, event_time, risk_level, stage, confidence, prob_latent, prob_growth, prob_peak, prob_decline, analysis, positive, neutral, negative, sources, summary, location, cause, people, authenticity, propagation, created_at, updated_at) VALUES (21, '真相来了｜多起涉广西汛情谣言被澄清（公安部网安局）', 5.432, 19, 0, '2026-07-08 15:30:31', '2026-07-14 19:47:12', '2026-07-12 12:00:00', 'mid', 'decline', 0.9, 0.0, 0.0, 0.1, 0.9, '当前事件报道数量持续下降，公众关注度减弱，处于衰退期。', 0.45, 0.275, 0.275, '["微博", "新浪新闻", "知乎"]', '真相来了｜多起涉广西汛情谣言被澄清（公安部网安局） http://t.cn/AXKqhtvB。真相来了｜多起涉广西汛情谣言被澄清（公安部网安局）。真相来了｜多起涉广西汛情谣言被澄清（公安部网安局） 真相来了｜多起涉广西汛情谣言被澄清（公安部网安局）。', '广西、台风、横州', '#微博附注# 该账号的大号【菩提双花yyds】刚因造谣抹黑演员成毅广西水灾捐款善举吃黑流量遭禁言，不。', '["美莎克"]', '{"credibility_score": 0.487, "official_ratio": 0.053, "verified_ratio": 0.947, "plain_user_ratio": 0.053, "verification_dist": {"认证个人": 0.421, "认证机构": 0.263, "头部认证个人": 0.211, "普通用户": 0.053, "官方平台": 0.053}, "factors": ["official_absent"]}', '{"key_nodes": [{"role": "首次大V发声", "author": "我赴山海归月明", "platform": "微博", "verification_type": "头部认证个人", "publish_time": "2026-07-08T15:30:31", "influence": 94.4, "title": "#微博附注# 该账号的大号【菩提双花yyds】刚因造谣抹黑演员成毅广西水灾捐款善"}, {"role": "传播高峰", "author": "缘木球鱼", "platform": "微博", "verification_type": "认证个人", "publish_time": "2026-07-10T14:45:10", "influence": 7359.4, "title": "7月6日，广西横州洪水爆发时，一名小男孩被救过程记录。谢天谢地，感谢好心人[拜托"}, {"role": "初始爆料", "author": "国学导师杨文学", "platform": "知乎", "verification_type": "普通用户", "publish_time": "2026-07-11T18:57:30", "influence": 0.0, "title": "2026广西特大洪水定向捐款 - 知乎"}, {"role": "首次官方媒体介入", "author": "和田网警", "platform": "新浪新闻", "verification_type": "官方平台", "publish_time": "2026-07-12T12:38:54", "influence": 0.0, "title": "真相来了｜多起涉广西汛情谣言被澄清（公安部网安局）"}], "top_influencers": [{"author": "缘木球鱼", "platform": "微博", "verification_type": "认证个人", "publish_time": "2026-07-10T14:45:10", "influence": 7359.4, "repost_count": 513, "like_count": 21458, "comment_count": 818, "title": "7月6日，广西横州洪水爆发时，一名小男孩被救过程记录。谢天谢地，感谢好心人[拜托"}, {"author": "熊宝派对", "platform": "微博", "verification_type": "头部认证个人", "publish_time": "2026-07-09T16:47:12", "influence": 5414.4, "repost_count": 353, "like_count": 16393, "comment_count": 287, "title": "论广西人的精神状态有多乐观超前！#广西洪水##乐观# http://t.cn/A"}, {"author": "麒炜投资", "platform": "微博", "verification_type": "认证个人", "publish_time": "2026-07-13T09:20:00", "influence": 1015.2, "repost_count": 171, "like_count": 2594, "comment_count": 132, "title": "贵港网友拍下的一幕……这就是产品最好的广告！ http://t.cn/AXKfQ"}, {"author": "中国气象爱好者", "platform": "微博", "verification_type": "认证个人", "publish_time": "2026-07-12T22:59:20", "influence": 271.0, "repost_count": 48, "like_count": 665, "comment_count": 47, "title": "#贵港##广西洪水##台风美莎克# 广西洪水溃坝：极端台风下无法避免的气候灾难 "}, {"author": "丹麦迷歌", "platform": "微博", "verification_type": "认证个人", "publish_time": "2026-07-14T11:22:59", "influence": 165.8, "repost_count": 2, "like_count": 496, "comment_count": 30, "title": "一方有难，八方支援，希望广西洪水早日退去！#广西洪水# http://t.cn/"}], "platform_chain": {"nodes": [{"name": "微博", "count": 17, "first_seen": "2026-07-08T15:30:31"}, {"name": "知乎", "count": 1, "first_seen": "2026-07-11T18:57:30"}, {"name": "新浪新闻", "count": 1, "first_seen": "2026-07-12T12:38:54"}], "links": [{"source": "微博", "target": "知乎", "value": 1}, {"source": "知乎", "target": "新浪新闻", "value": 1}]}}', '2026-07-15 12:30:32', '2026-07-15 12:30:32');
INSERT INTO event_keywords (event_id, word, weight, rank) VALUES (21, '洪水', 1.0, 0);
INSERT INTO event_keywords (event_id, word, weight, rank) VALUES (21, '汛情', 0.885, 1);
INSERT INTO event_keywords (event_id, word, weight, rank) VALUES (21, '谣言', 0.817, 2);
INSERT INTO event_keywords (event_id, word, weight, rank) VALUES (21, '广西', 0.689, 3);
INSERT INTO event_keywords (event_id, word, weight, rank) VALUES (21, '真相', 0.619, 4);
INSERT INTO event_keywords (event_id, word, weight, rank) VALUES (21, '起涉', 0.619, 5);
INSERT INTO event_keywords (event_id, word, weight, rank) VALUES (21, '澄清', 0.619, 6);
INSERT INTO event_keywords (event_id, word, weight, rank) VALUES (21, '公安部', 0.537, 7);
INSERT INTO event_platforms (event_id, platform_name, ratio, rank) VALUES (21, '微博', 0.895, 0);
INSERT INTO event_platforms (event_id, platform_name, ratio, rank) VALUES (21, '知乎', 0.053, 1);
INSERT INTO event_platforms (event_id, platform_name, ratio, rank) VALUES (21, '新浪新闻', 0.053, 2);
INSERT INTO event_trend_daily (event_id, date, count, is_predicted) VALUES (21, '2026-07-08', 1, 0);
INSERT INTO event_trend_daily (event_id, date, count, is_predicted) VALUES (21, '2026-07-09', 1, 0);
INSERT INTO event_trend_daily (event_id, date, count, is_predicted) VALUES (21, '2026-07-10', 1, 0);
INSERT INTO event_trend_daily (event_id, date, count, is_predicted) VALUES (21, '2026-07-11', 1, 0);
INSERT INTO event_trend_daily (event_id, date, count, is_predicted) VALUES (21, '2026-07-12', 8, 0);
INSERT INTO event_trend_daily (event_id, date, count, is_predicted) VALUES (21, '2026-07-13', 3, 0);
INSERT INTO event_trend_daily (event_id, date, count, is_predicted) VALUES (21, '2026-07-14', 4, 0);
INSERT INTO event_trend_daily (event_id, date, count, is_predicted, predict_heat, predict_count) VALUES (21, '2026-07-15', 0, 1, 2.0, 2.0);
INSERT INTO event_trend_daily (event_id, date, count, is_predicted, predict_heat, predict_count) VALUES (21, '2026-07-16', 0, 1, 0.0, 0.0);
INSERT INTO event_trend_daily (event_id, date, count, is_predicted, predict_heat, predict_count) VALUES (21, '2026-07-17', 0, 1, 0.0, 0.0);

-- gold_price.json: 9/19 clusters (heat >= 5.0)
INSERT INTO events (event_id, title, heat, report_count, duplicate_count, time_start, time_end, event_time, risk_level, stage, confidence, prob_latent, prob_growth, prob_peak, prob_decline, analysis, positive, neutral, negative, sources, summary, location, cause, people, authenticity, propagation, created_at, updated_at) VALUES (22, '上蹿下跳半年，金价继续“猴”？', 16.205, 156, 101, '2026-06-01 09:05:01', '2026-07-14 20:58:00', '2026-07-13 12:00:00', 'mid_high', 'decline', 0.9, 0.0, 0.0, 0.1, 0.9, '当前事件报道数量持续下降，公众关注度减弱，处于衰退期。', 0.415, 0.361, 0.224, '["人民网", "微博", "新浪新闻", "澎湃新闻", "知乎"]', '” FxPro高级市场分析师Alex Kuptsikevich预计下周黄金价格将继续下跌，“美伊谅解备忘录签署引发的金价上涨似乎已在美联储鹰派立场下结束，并引发了一波美元买盘。这意味着压制金价的“加息定价”很可能已经过度——若美伊协议推动地缘风险缓和、油价回落带动通胀预期降温，市场对美联储鹰派路径的定价可能逐步修正，进而带动实际利率与美元走弱，为黄金打开上行空间。同时，近期公布的美国宏观经济数据整体表现积极，叠加新任美联储主席‘通过缩表重塑市场对美元信心及长期通胀可控预期’的政策主张，美元走强亦对黄金价格形成部分压力。', '美国、东京、中东', '最精明的资产选择。', '["白银", "特朗普", "高盛", "金改", "刘春燕"]', '{"credibility_score": 0.669, "official_ratio": 0.686, "verified_ratio": 0.801, "plain_user_ratio": 0.199, "verification_dist": {"官方平台": 0.686, "普通用户": 0.199, "认证个人": 0.064, "认证机构": 0.032, "头部认证个人": 0.019}, "factors": ["high_duplicate_rate", "well_sourced"]}', '{"key_nodes": [{"role": "首次官方媒体介入", "author": "证券日报", "platform": "人民网", "verification_type": "官方平台", "publish_time": "2026-06-01T09:05:01", "influence": 0.0, "title": "金价5月份“过山车”后去向何方？--经济·科技--人民网"}, {"role": "初始爆料", "author": "三相三悟", "platform": "知乎", "verification_type": "普通用户", "publish_time": "2026-06-20T11:26:13", "influence": 0.3, "title": "美联储加息周期对黄金价格、实物金饰的完整传导逻辑 - 知乎"}, {"role": "首次大V发声", "author": "红星新闻", "platform": "微博", "verification_type": "认证机构", "publish_time": "2026-07-08T08:06:20", "influence": 60.4, "title": "【#一觉醒来黄金又跌了#】#黄金又跌破4100美元了# 北京时间7月8日，国际油"}, {"role": "传播高峰", "author": "三联生活周刊", "platform": "微博", "verification_type": "认证机构", "publish_time": "2026-07-10T12:52:51", "influence": 82.0, "title": "#金价暴跌普通人现在还能抄底买金吗# 最近，国际黄金价格一度跌破4000美元/盎"}], "top_influencers": [{"author": "三联生活周刊", "platform": "微博", "verification_type": "认证机构", "publish_time": "2026-07-10T12:52:51", "influence": 82.0, "repost_count": 25, "like_count": 160, "comment_count": 18, "title": "#金价暴跌普通人现在还能抄底买金吗# 最近，国际黄金价格一度跌破4000美元/盎"}, {"author": "秦永臣DXY", "platform": "微博", "verification_type": "认证个人", "publish_time": "2026-07-12T23:21:44", "influence": 77.8, "repost_count": 5, "like_count": 201, "comment_count": 25, "title": "面对AI泡沫，黄金的前景非常好。一旦AI科技泡沫破裂，黄金很可能会迎来极其顺风的"}, {"author": "红星新闻", "platform": "微博", "verification_type": "认证机构", "publish_time": "2026-07-08T08:06:20", "influence": 60.4, "repost_count": 16, "like_count": 103, "comment_count": 27, "title": "【#一觉醒来黄金又跌了#】#黄金又跌破4100美元了# 北京时间7月8日，国际油"}, {"author": "A金玥可靠", "platform": "微博", "verification_type": "头部认证个人", "publish_time": "2026-07-12T23:22:50", "influence": 13.2, "repost_count": 5, "like_count": 19, "comment_count": 5, "title": "美伊冲突再起，黄金明日将低开低走。 油价抬升强化通胀预期，美联储降息预期进一步延"}, {"author": "凯撒沙拉", "platform": "知乎", "verification_type": "认证个人", "publish_time": "2026-07-06T03:00:39", "influence": 7.4, "repost_count": 0, "like_count": 23, "comment_count": 1, "title": "我先立个暴论，容易被喷亖。我觉得金价在未来几年，甚至有可能会跌破2000美元/盎"}], "platform_chain": {"nodes": [{"name": "人民网", "count": 7, "first_seen": "2026-06-01T09:05:01"}, {"name": "澎湃新闻", "count": 33, "first_seen": "2026-06-17T00:00:00"}, {"name": "知乎", "count": 35, "first_seen": "2026-06-20T11:26:13"}, {"name": "微博", "count": 11, "first_seen": "2026-07-08T08:06:20"}, {"name": "新浪新闻", "count": 30, "first_seen": "2026-07-09T07:25:13"}], "links": [{"source": "人民网", "target": "澎湃新闻", "value": 33}, {"source": "澎湃新闻", "target": "知乎", "value": 35}, {"source": "知乎", "target": "微博", "value": 11}, {"source": "微博", "target": "新浪新闻", "value": 30}]}}', '2026-07-15 12:30:32', '2026-07-15 12:30:32');
INSERT INTO event_keywords (event_id, word, weight, rank) VALUES (22, '黄金', 1.0, 0);
INSERT INTO event_keywords (event_id, word, weight, rank) VALUES (22, '美元', 0.554, 1);
INSERT INTO event_keywords (event_id, word, weight, rank) VALUES (22, '金价', 0.407, 2);
INSERT INTO event_keywords (event_id, word, weight, rank) VALUES (22, '美联储', 0.161, 3);
INSERT INTO event_keywords (event_id, word, weight, rank) VALUES (22, '市场', 0.156, 4);
INSERT INTO event_keywords (event_id, word, weight, rank) VALUES (22, '亿元', 0.151, 5);
INSERT INTO event_keywords (event_id, word, weight, rank) VALUES (22, 'cdot', 0.146, 6);
INSERT INTO event_keywords (event_id, word, weight, rank) VALUES (22, '科技', 0.134, 7);
INSERT INTO event_platforms (event_id, platform_name, ratio, rank) VALUES (22, '澎湃新闻', 0.333, 0);
INSERT INTO event_platforms (event_id, platform_name, ratio, rank) VALUES (22, '知乎', 0.224, 1);
INSERT INTO event_platforms (event_id, platform_name, ratio, rank) VALUES (22, '新浪新闻', 0.192, 2);
INSERT INTO event_platforms (event_id, platform_name, ratio, rank) VALUES (22, '人民网', 0.16, 3);
INSERT INTO event_platforms (event_id, platform_name, ratio, rank) VALUES (22, '微博', 0.09, 4);
INSERT INTO event_trend_daily (event_id, date, count, is_predicted) VALUES (22, '2026-06-01', 1, 0);
INSERT INTO event_trend_daily (event_id, date, count, is_predicted) VALUES (22, '2026-06-02', 0, 0);
INSERT INTO event_trend_daily (event_id, date, count, is_predicted) VALUES (22, '2026-06-03', 0, 0);
INSERT INTO event_trend_daily (event_id, date, count, is_predicted) VALUES (22, '2026-06-04', 0, 0);
INSERT INTO event_trend_daily (event_id, date, count, is_predicted) VALUES (22, '2026-06-05', 0, 0);
INSERT INTO event_trend_daily (event_id, date, count, is_predicted) VALUES (22, '2026-06-06', 0, 0);
INSERT INTO event_trend_daily (event_id, date, count, is_predicted) VALUES (22, '2026-06-07', 0, 0);
INSERT INTO event_trend_daily (event_id, date, count, is_predicted) VALUES (22, '2026-06-08', 0, 0);
INSERT INTO event_trend_daily (event_id, date, count, is_predicted) VALUES (22, '2026-06-09', 0, 0);
INSERT INTO event_trend_daily (event_id, date, count, is_predicted) VALUES (22, '2026-06-10', 1, 0);
INSERT INTO event_trend_daily (event_id, date, count, is_predicted) VALUES (22, '2026-06-11', 2, 0);
INSERT INTO event_trend_daily (event_id, date, count, is_predicted) VALUES (22, '2026-06-12', 0, 0);
INSERT INTO event_trend_daily (event_id, date, count, is_predicted) VALUES (22, '2026-06-13', 0, 0);
INSERT INTO event_trend_daily (event_id, date, count, is_predicted) VALUES (22, '2026-06-14', 0, 0);
INSERT INTO event_trend_daily (event_id, date, count, is_predicted) VALUES (22, '2026-06-15', 1, 0);
INSERT INTO event_trend_daily (event_id, date, count, is_predicted) VALUES (22, '2026-06-16', 0, 0);
INSERT INTO event_trend_daily (event_id, date, count, is_predicted) VALUES (22, '2026-06-17', 1, 0);
INSERT INTO event_trend_daily (event_id, date, count, is_predicted) VALUES (22, '2026-06-18', 0, 0);
INSERT INTO event_trend_daily (event_id, date, count, is_predicted) VALUES (22, '2026-06-19', 2, 0);
INSERT INTO event_trend_daily (event_id, date, count, is_predicted) VALUES (22, '2026-06-20', 2, 0);
INSERT INTO event_trend_daily (event_id, date, count, is_predicted) VALUES (22, '2026-06-21', 0, 0);
INSERT INTO event_trend_daily (event_id, date, count, is_predicted) VALUES (22, '2026-06-22', 0, 0);
INSERT INTO event_trend_daily (event_id, date, count, is_predicted) VALUES (22, '2026-06-23', 3, 0);
INSERT INTO event_trend_daily (event_id, date, count, is_predicted) VALUES (22, '2026-06-24', 4, 0);
INSERT INTO event_trend_daily (event_id, date, count, is_predicted) VALUES (22, '2026-06-25', 2, 0);
INSERT INTO event_trend_daily (event_id, date, count, is_predicted) VALUES (22, '2026-06-26', 1, 0);
INSERT INTO event_trend_daily (event_id, date, count, is_predicted) VALUES (22, '2026-06-27', 0, 0);
INSERT INTO event_trend_daily (event_id, date, count, is_predicted) VALUES (22, '2026-06-28', 0, 0);
INSERT INTO event_trend_daily (event_id, date, count, is_predicted) VALUES (22, '2026-06-29', 2, 0);
INSERT INTO event_trend_daily (event_id, date, count, is_predicted) VALUES (22, '2026-06-30', 1, 0);
INSERT INTO event_trend_daily (event_id, date, count, is_predicted) VALUES (22, '2026-07-01', 3, 0);
INSERT INTO event_trend_daily (event_id, date, count, is_predicted) VALUES (22, '2026-07-02', 7, 0);
INSERT INTO event_trend_daily (event_id, date, count, is_predicted) VALUES (22, '2026-07-03', 4, 0);
INSERT INTO event_trend_daily (event_id, date, count, is_predicted) VALUES (22, '2026-07-04', 4, 0);
INSERT INTO event_trend_daily (event_id, date, count, is_predicted) VALUES (22, '2026-07-05', 1, 0);
INSERT INTO event_trend_daily (event_id, date, count, is_predicted) VALUES (22, '2026-07-06', 1, 0);
INSERT INTO event_trend_daily (event_id, date, count, is_predicted) VALUES (22, '2026-07-07', 6, 0);
INSERT INTO event_trend_daily (event_id, date, count, is_predicted) VALUES (22, '2026-07-08', 5, 0);
INSERT INTO event_trend_daily (event_id, date, count, is_predicted) VALUES (22, '2026-07-09', 11, 0);
INSERT INTO event_trend_daily (event_id, date, count, is_predicted) VALUES (22, '2026-07-10', 8, 0);
INSERT INTO event_trend_daily (event_id, date, count, is_predicted) VALUES (22, '2026-07-11', 5, 0);
INSERT INTO event_trend_daily (event_id, date, count, is_predicted) VALUES (22, '2026-07-12', 6, 0);
INSERT INTO event_trend_daily (event_id, date, count, is_predicted) VALUES (22, '2026-07-13', 23, 0);
INSERT INTO event_trend_daily (event_id, date, count, is_predicted) VALUES (22, '2026-07-14', 9, 0);
INSERT INTO event_trend_daily (event_id, date, count, is_predicted, predict_heat, predict_count) VALUES (22, '2026-07-15', 0, 1, 10.5, 10.5);
INSERT INTO event_trend_daily (event_id, date, count, is_predicted, predict_heat, predict_count) VALUES (22, '2026-07-16', 0, 1, 12.0, 12.0);
INSERT INTO event_trend_daily (event_id, date, count, is_predicted, predict_heat, predict_count) VALUES (22, '2026-07-17', 0, 1, 13.5, 13.5);

INSERT INTO events (event_id, title, heat, report_count, duplicate_count, time_start, time_end, event_time, risk_level, stage, confidence, prob_latent, prob_growth, prob_peak, prob_decline, analysis, positive, neutral, negative, sources, summary, location, cause, people, authenticity, propagation, created_at, updated_at) VALUES (23, '现货黄金失守3950将下探3895', 10.932, 22, 0, '2026-07-12 17:58:47', '2026-07-14 22:19:11', '2026-07-13 12:00:00', 'mid', 'peak', 0.9, 0.0, 0.05, 0.9, 0.05, '当前事件报道量已接近峰值，关注度趋于稳定，处于高潮期。', 0.429, 0.357, 0.214, '["微博", "新浪新闻"]', '昨日黄金受美伊局势恶化影响，持续承压于均线带下方弱势震荡。黄金昨日受美伊局势升级恶化影响，承压在均线带下方弱势震荡，晚间美伊局势进一步升级，美指强势拉升，也导。黄金昨日受美伊局势升级恶化影响，承压在均线带下方弱势震荡，晚间美伊局势进一步升级，美指强势拉升，也导致黄金再度向下延伸，低点跌至3990附近止跌，但并未有强势回弹，日线最终收得一实体饱和中阴线。', '美伊、中东、美国', '海力士上市首日是涨的，涨了一成多 目前情况是扑朔迷离的 好消息坏消息不断传出来 势如破竹的上涨没有了。', '["利多", "王生", "恩泽"]', '{"credibility_score": 0.382, "official_ratio": 0.091, "verified_ratio": 0.818, "plain_user_ratio": 0.182, "verification_dist": {"认证个人": 0.455, "头部认证个人": 0.273, "普通用户": 0.182, "官方平台": 0.091}, "factors": ["official_absent"]}', '{"key_nodes": [{"role": "首次大V发声", "author": "东方红一笑而过", "platform": "微博", "verification_type": "头部认证个人", "publish_time": "2026-07-12T17:58:47.000001", "influence": 4.2, "title": "海力士上市首日是涨的，涨了一成多 目前情况是扑朔迷离的 好消息坏消息不断传出来 "}, {"role": "初始爆料", "author": "秦璐财经", "platform": "微博", "verification_type": "普通用户", "publish_time": "2026-07-13T20:36:45", "influence": 0.3, "title": "黄金前面53的多行情上来63，这波10刀求稳的先出去，还想拿的做个减离上看就好，"}, {"role": "首次官方媒体介入", "author": "大学生小青年", "platform": "新浪新闻", "verification_type": "官方平台", "publish_time": "2026-07-13T23:38:28", "influence": 0.0, "title": "现货黄金失守3950将下探3895"}, {"role": "传播高峰", "author": "现货黄金操盘官-老钱", "platform": "微博", "verification_type": "普通用户", "publish_time": "2026-07-14T18:18:22.999999", "influence": 33.4, "title": "黄金昨日受美伊局势升级恶化影响，承压在均线带下方弱势震荡，晚间美伊局势进一步升级"}], "top_influencers": [{"author": "现货黄金操盘官-老钱", "platform": "微博", "verification_type": "普通用户", "publish_time": "2026-07-14T18:18:22.999999", "influence": 33.4, "repost_count": 0, "like_count": 103, "comment_count": 5, "title": "黄金昨日受美伊局势升级恶化影响，承压在均线带下方弱势震荡，晚间美伊局势进一步升级"}, {"author": "七哥专注黄金12年", "platform": "微博", "verification_type": "头部认证个人", "publish_time": "2026-07-14T21:52:32", "influence": 21.1, "repost_count": 2, "like_count": 17, "comment_count": 28, "title": "3990-3983多单如期抵达百点空间，数据利多，那么后续则要关注美伊局势动向，"}, {"author": "东风等黄金", "platform": "微博", "verification_type": "头部认证个人", "publish_time": "2026-07-14T10:49:23", "influence": 16.1, "repost_count": 1, "like_count": 32, "comment_count": 11, "title": "昨日黄金受美伊局势恶化影响，持续承压于均线带下方弱势震荡。晚间局势再度升级、美指"}, {"author": "黄金六点半", "platform": "微博", "verification_type": "认证个人", "publish_time": "2026-07-14T01:42:05", "influence": 13.0, "repost_count": 2, "like_count": 25, "comment_count": 7, "title": "#黄金[超话]# 战争一响，黄金万两，目前美伊局势打打停停，按道理利多黄金，为啥"}, {"author": "东方红一笑而过", "platform": "微博", "verification_type": "头部认证个人", "publish_time": "2026-07-12T17:58:47.000001", "influence": 4.2, "repost_count": 0, "like_count": 14, "comment_count": 0, "title": "海力士上市首日是涨的，涨了一成多 目前情况是扑朔迷离的 好消息坏消息不断传出来 "}], "platform_chain": {"nodes": [{"name": "微博", "count": 20, "first_seen": "2026-07-12T17:58:47.000001"}, {"name": "新浪新闻", "count": 2, "first_seen": "2026-07-13T23:38:28"}], "links": [{"source": "微博", "target": "新浪新闻", "value": 2}]}}', '2026-07-15 12:30:32', '2026-07-15 12:30:32');
INSERT INTO event_keywords (event_id, word, weight, rank) VALUES (23, '黄金', 1.0, 0);
INSERT INTO event_keywords (event_id, word, weight, rank) VALUES (23, '震荡', 0.334, 1);
INSERT INTO event_keywords (event_id, word, weight, rank) VALUES (23, '均线', 0.318, 2);
INSERT INTO event_keywords (event_id, word, weight, rank) VALUES (23, '升级', 0.301, 3);
INSERT INTO event_keywords (event_id, word, weight, rank) VALUES (23, '止损', 0.25, 4);
INSERT INTO event_keywords (event_id, word, weight, rank) VALUES (23, '现货', 0.245, 5);
INSERT INTO event_keywords (event_id, word, weight, rank) VALUES (23, '局势', 0.242, 6);
INSERT INTO event_keywords (event_id, word, weight, rank) VALUES (23, '航天', 0.227, 7);
INSERT INTO event_platforms (event_id, platform_name, ratio, rank) VALUES (23, '微博', 0.909, 0);
INSERT INTO event_platforms (event_id, platform_name, ratio, rank) VALUES (23, '新浪新闻', 0.091, 1);
INSERT INTO event_trend_daily (event_id, date, count, is_predicted) VALUES (23, '2026-07-12', 4, 0);
INSERT INTO event_trend_daily (event_id, date, count, is_predicted) VALUES (23, '2026-07-13', 9, 0);
INSERT INTO event_trend_daily (event_id, date, count, is_predicted) VALUES (23, '2026-07-14', 9, 0);
INSERT INTO event_trend_daily (event_id, date, count, is_predicted, predict_heat, predict_count) VALUES (23, '2026-07-15', 0, 1, 11.5, 11.5);
INSERT INTO event_trend_daily (event_id, date, count, is_predicted, predict_heat, predict_count) VALUES (23, '2026-07-16', 0, 1, 14.0, 14.0);
INSERT INTO event_trend_daily (event_id, date, count, is_predicted, predict_heat, predict_count) VALUES (23, '2026-07-17', 0, 1, 16.5, 16.5);

INSERT INTO events (event_id, title, heat, report_count, duplicate_count, time_start, time_end, event_time, risk_level, stage, confidence, prob_latent, prob_growth, prob_peak, prob_decline, analysis, positive, neutral, negative, sources, summary, location, cause, people, authenticity, propagation, created_at, updated_at) VALUES (24, '油价下跌原因国际油价又跌了', 10.474, 36, 12, '2026-06-09 09:36:33', '2026-07-14 21:12:45', '2026-07-13 12:00:00', 'mid', 'decline', 0.9, 0.0, 0.0, 0.1, 0.9, '当前事件报道数量持续下降，公众关注度减弱，处于衰退期。', 0.759, 0.172, 0.069, '["人民网", "微博", "新浪新闻", "知乎"]', '国际评级机构惠誉维持2026年布伦特原油全年87美元/桶的均价基准，不过，该机构将今年四季度油价预期下调到70美元/桶至73美元/桶，前提是伊朗原油出口持续放量、石油输出国组织（欧佩克）与非欧佩克产油国组成的“欧佩克+”灵活释放闲置产能。【#国际油价又飙升# #金银再度急跌#】财联社7月8日电，布伦特原油期货涨幅扩大至4%，报77.155美元/桶。美伊冲突持续 国际油价涨超3% 【美伊冲突持续 国际油价涨超3%】由于美国与伊朗军事冲突持续引发国际市场对原油供应的担忧，国际原油期货价格12号在新一周交易开始后显著上涨，涨幅超3%。', '美伊、霍尔木兹海峡、伊朗', '其实我已经掌握了规律，油价涨了金价就跌了，金价涨了油价就跌了，开油车和买黄金的人已经不用再看这些新闻。', '["特朗普", "布伦特", "白银", "欧佩克"]', '{"credibility_score": 0.486, "official_ratio": 0.222, "verified_ratio": 0.806, "plain_user_ratio": 0.194, "verification_dist": {"认证个人": 0.25, "官方平台": 0.222, "普通用户": 0.194, "认证机构": 0.167, "头部认证个人": 0.167}, "factors": ["well_sourced"]}', '{"key_nodes": [{"role": "首次大V发声", "author": "新浪财经", "platform": "微博", "verification_type": "认证机构", "publish_time": "2026-06-09T09:36:33", "influence": 80.3, "title": "#油价存在失控风险#【中金财富期货：目前黄金市场在流动性短缺和通胀压力的双重挤压"}, {"role": "首次官方媒体介入", "author": "经济日报", "platform": "人民网", "verification_type": "官方平台", "publish_time": "2026-07-03T09:02:47", "influence": 0.0, "title": "国际油价仍未挣脱“海峡困局”--经济·科技--人民网"}, {"role": "初始爆料", "author": "木已断水", "platform": "知乎", "verification_type": "普通用户", "publish_time": "2026-07-03T21:12:34", "influence": 1.5, "title": "之前大战爆发的时候，就已经分析了，石油下跌后的利好品种。再系统梳理下，利好品种内"}], "top_influencers": [{"author": "新浪财经", "platform": "微博", "verification_type": "认证机构", "publish_time": "2026-06-09T09:36:33", "influence": 80.3, "repost_count": 28, "like_count": 126, "comment_count": 29, "title": "#油价存在失控风险#【中金财富期货：目前黄金市场在流动性短缺和通胀压力的双重挤压"}, {"author": "但斌", "platform": "微博", "verification_type": "认证个人", "publish_time": "2026-06-15T09:14:33", "influence": 76.0, "repost_count": 12, "like_count": 210, "comment_count": 2, "title": "美伊达成和平协议，霍尔木兹海峡开放！国际油价直线大跌4%，黄金重回4300美元，"}, {"author": "秦永臣DXY", "platform": "微博", "verification_type": "认证个人", "publish_time": "2026-07-04T07:41:20", "influence": 62.8, "repost_count": 4, "like_count": 136, "comment_count": 36, "title": "不要豪赌油价 我之前在评论原油和黄金都下跌的情况下，买金还是买油的问题时，明确说"}, {"author": "游戏投投机", "platform": "微博", "verification_type": "认证个人", "publish_time": "2026-07-14T10:47:49", "influence": 55.7, "repost_count": 10, "like_count": 124, "comment_count": 17, "title": "#金价再度失守4000##金银急跌原油大涨# 油价又大涨，黄金承压断崖式回落，黄"}, {"author": "我不想买白酒", "platform": "微博", "verification_type": "认证个人", "publish_time": "2026-07-08T16:36:35", "influence": 47.1, "repost_count": 1, "like_count": 92, "comment_count": 37, "title": "股灾又要来了 美伊局势变动 又要开始做空全球了 特朗普称美伊谅解备忘录已终结 原"}], "platform_chain": {"nodes": [{"name": "微博", "count": 21, "first_seen": "2026-06-09T09:36:33"}, {"name": "人民网", "count": 1, "first_seen": "2026-07-03T09:02:47"}, {"name": "知乎", "count": 6, "first_seen": "2026-07-03T21:12:34"}, {"name": "新浪新闻", "count": 7, "first_seen": "2026-07-09T11:14:40"}], "links": [{"source": "微博", "target": "人民网", "value": 1}, {"source": "人民网", "target": "知乎", "value": 6}, {"source": "知乎", "target": "新浪新闻", "value": 7}]}}', '2026-07-15 12:30:32', '2026-07-15 12:30:32');
INSERT INTO event_keywords (event_id, word, weight, rank) VALUES (24, '油价', 1.0, 0);
INSERT INTO event_keywords (event_id, word, weight, rank) VALUES (24, '原油', 0.899, 1);
INSERT INTO event_keywords (event_id, word, weight, rank) VALUES (24, '美元', 0.767, 2);
INSERT INTO event_keywords (event_id, word, weight, rank) VALUES (24, '国际', 0.707, 3);
INSERT INTO event_keywords (event_id, word, weight, rank) VALUES (24, '期货', 0.502, 4);
INSERT INTO event_keywords (event_id, word, weight, rank) VALUES (24, '成本', 0.491, 5);
INSERT INTO event_keywords (event_id, word, weight, rank) VALUES (24, '持续', 0.457, 6);
INSERT INTO event_keywords (event_id, word, weight, rank) VALUES (24, '通胀', 0.446, 7);
INSERT INTO event_platforms (event_id, platform_name, ratio, rank) VALUES (24, '微博', 0.611, 0);
INSERT INTO event_platforms (event_id, platform_name, ratio, rank) VALUES (24, '新浪新闻', 0.194, 1);
INSERT INTO event_platforms (event_id, platform_name, ratio, rank) VALUES (24, '知乎', 0.167, 2);
INSERT INTO event_platforms (event_id, platform_name, ratio, rank) VALUES (24, '人民网', 0.028, 3);
INSERT INTO event_trend_daily (event_id, date, count, is_predicted) VALUES (24, '2026-06-09', 1, 0);
INSERT INTO event_trend_daily (event_id, date, count, is_predicted) VALUES (24, '2026-06-10', 0, 0);
INSERT INTO event_trend_daily (event_id, date, count, is_predicted) VALUES (24, '2026-06-11', 0, 0);
INSERT INTO event_trend_daily (event_id, date, count, is_predicted) VALUES (24, '2026-06-12', 0, 0);
INSERT INTO event_trend_daily (event_id, date, count, is_predicted) VALUES (24, '2026-06-13', 0, 0);
INSERT INTO event_trend_daily (event_id, date, count, is_predicted) VALUES (24, '2026-06-14', 0, 0);
INSERT INTO event_trend_daily (event_id, date, count, is_predicted) VALUES (24, '2026-06-15', 1, 0);
INSERT INTO event_trend_daily (event_id, date, count, is_predicted) VALUES (24, '2026-06-16', 0, 0);
INSERT INTO event_trend_daily (event_id, date, count, is_predicted) VALUES (24, '2026-06-17', 0, 0);
INSERT INTO event_trend_daily (event_id, date, count, is_predicted) VALUES (24, '2026-06-18', 0, 0);
INSERT INTO event_trend_daily (event_id, date, count, is_predicted) VALUES (24, '2026-06-19', 0, 0);
INSERT INTO event_trend_daily (event_id, date, count, is_predicted) VALUES (24, '2026-06-20', 0, 0);
INSERT INTO event_trend_daily (event_id, date, count, is_predicted) VALUES (24, '2026-06-21', 0, 0);
INSERT INTO event_trend_daily (event_id, date, count, is_predicted) VALUES (24, '2026-06-22', 0, 0);
INSERT INTO event_trend_daily (event_id, date, count, is_predicted) VALUES (24, '2026-06-23', 0, 0);
INSERT INTO event_trend_daily (event_id, date, count, is_predicted) VALUES (24, '2026-06-24', 0, 0);
INSERT INTO event_trend_daily (event_id, date, count, is_predicted) VALUES (24, '2026-06-25', 0, 0);
INSERT INTO event_trend_daily (event_id, date, count, is_predicted) VALUES (24, '2026-06-26', 0, 0);
INSERT INTO event_trend_daily (event_id, date, count, is_predicted) VALUES (24, '2026-06-27', 0, 0);
INSERT INTO event_trend_daily (event_id, date, count, is_predicted) VALUES (24, '2026-06-28', 0, 0);
INSERT INTO event_trend_daily (event_id, date, count, is_predicted) VALUES (24, '2026-06-29', 0, 0);
INSERT INTO event_trend_daily (event_id, date, count, is_predicted) VALUES (24, '2026-06-30', 0, 0);
INSERT INTO event_trend_daily (event_id, date, count, is_predicted) VALUES (24, '2026-07-01', 0, 0);
INSERT INTO event_trend_daily (event_id, date, count, is_predicted) VALUES (24, '2026-07-02', 0, 0);
INSERT INTO event_trend_daily (event_id, date, count, is_predicted) VALUES (24, '2026-07-03', 2, 0);
INSERT INTO event_trend_daily (event_id, date, count, is_predicted) VALUES (24, '2026-07-04', 1, 0);
INSERT INTO event_trend_daily (event_id, date, count, is_predicted) VALUES (24, '2026-07-05', 0, 0);
INSERT INTO event_trend_daily (event_id, date, count, is_predicted) VALUES (24, '2026-07-06', 0, 0);
INSERT INTO event_trend_daily (event_id, date, count, is_predicted) VALUES (24, '2026-07-07', 0, 0);
INSERT INTO event_trend_daily (event_id, date, count, is_predicted) VALUES (24, '2026-07-08', 3, 0);
INSERT INTO event_trend_daily (event_id, date, count, is_predicted) VALUES (24, '2026-07-09', 1, 0);
INSERT INTO event_trend_daily (event_id, date, count, is_predicted) VALUES (24, '2026-07-10', 3, 0);
INSERT INTO event_trend_daily (event_id, date, count, is_predicted) VALUES (24, '2026-07-11', 1, 0);
INSERT INTO event_trend_daily (event_id, date, count, is_predicted) VALUES (24, '2026-07-12', 1, 0);
INSERT INTO event_trend_daily (event_id, date, count, is_predicted) VALUES (24, '2026-07-13', 11, 0);
INSERT INTO event_trend_daily (event_id, date, count, is_predicted) VALUES (24, '2026-07-14', 10, 0);
INSERT INTO event_trend_daily (event_id, date, count, is_predicted, predict_heat, predict_count) VALUES (24, '2026-07-15', 0, 1, 14.5, 14.5);
INSERT INTO event_trend_daily (event_id, date, count, is_predicted, predict_heat, predict_count) VALUES (24, '2026-07-16', 0, 1, 19.0, 19.0);
INSERT INTO event_trend_daily (event_id, date, count, is_predicted, predict_heat, predict_count) VALUES (24, '2026-07-17', 0, 1, 23.5, 23.5);

INSERT INTO events (event_id, title, heat, report_count, duplicate_count, time_start, time_end, event_time, risk_level, stage, confidence, prob_latent, prob_growth, prob_peak, prob_decline, analysis, positive, neutral, negative, sources, summary, location, cause, people, authenticity, propagation, created_at, updated_at) VALUES (25, '黄金下周看涨，地缘摩擦与降息预期支撑金价', 8.274, 23, 1, '2026-07-12 17:33:02', '2026-07-14 21:16:12', '2026-07-12 12:00:00', 'mid', 'decline', 0.9, 0.0, 0.0, 0.1, 0.9, '当前事件报道数量持续下降，公众关注度减弱，处于衰退期。', 0.5, 0.3, 0.2, '["微博", "新浪新闻"]', '7.13策略：周末五大重磅利好，明日五大主线开启A股纠错行情 大家周末好，这个周末国内政策核弹级轰炸。国际局势美伊冲突也开始有所缓和，国常会和商务部五大重磅利好齐发，明日周一A股怎么走。📊黄金周一开盘实操指南｜周末7.12全网消息梳理 + 4 条必备操作策略✨ 周五金价收盘4108美元守住60周牛熊线，周末两大核心因素锁定开盘基调： 1、中东冲突再起推升油价，通胀担忧加剧，CME 数据显示9月美联储加息概率升至69%，10 年期美债收益率高位震荡，持续压制黄金反弹空间。', '美国、美伊、中东', '7.13策略：周末五大重磅利好，明日五大主线开启A股纠错行情 大家周末好，这个周末国内政策核弹级轰炸。', '["周末好", "陈杰", "黄金周"]', '{"credibility_score": 0.386, "official_ratio": 0.043, "verified_ratio": 0.957, "plain_user_ratio": 0.043, "verification_dist": {"认证个人": 0.565, "头部认证个人": 0.348, "官方平台": 0.043, "普通用户": 0.043}, "factors": ["official_absent"]}', '{"key_nodes": [{"role": "首次大V发声", "author": "卧龙先生-驭龍", "platform": "微博", "verification_type": "头部认证个人", "publish_time": "2026-07-12T17:33:02", "influence": 3.0, "title": "7.13策略：周末五大重磅利好，明日五大主线开启A股纠错行情 大家周末好，这个周"}, {"role": "传播高峰", "author": "猎庄阿哲", "platform": "微博", "verification_type": "认证个人", "publish_time": "2026-07-12T22:28:01.999999", "influence": 157.2, "title": "周末突发海峡封锁！持仓有色的人，这下又要失眠了 周末刷到伊朗封锁霍尔木兹海峡的新"}, {"role": "首次官方媒体介入", "author": "smoothY蓝波", "platform": "新浪新闻", "verification_type": "官方平台", "publish_time": "2026-07-12T23:46:09.000001", "influence": 0.0, "title": "黄金下周看涨，地缘摩擦与降息预期支撑金价"}, {"role": "初始爆料", "author": "黄金风向标-老谭", "platform": "微博", "verification_type": "普通用户", "publish_time": "2026-07-13T20:24:06.000001", "influence": 0.3, "title": "明日将公布关键 CPI 通胀数据，周三美联储主席还会进行国会证词，会在数据落地后"}], "top_influencers": [{"author": "猎庄阿哲", "platform": "微博", "verification_type": "认证个人", "publish_time": "2026-07-12T22:28:01.999999", "influence": 157.2, "repost_count": 105, "like_count": 174, "comment_count": 0, "title": "周末突发海峡封锁！持仓有色的人，这下又要失眠了 周末刷到伊朗封锁霍尔木兹海峡的新"}, {"author": "陈杰交易笔记", "platform": "微博", "verification_type": "认证个人", "publish_time": "2026-07-12T20:07:15", "influence": 120.9, "repost_count": 77, "like_count": 93, "comment_count": 32, "title": "7.12陈杰下周行情展望 下周市场将迎来美国CPI与PPI等重磅通胀数据。从技术"}, {"author": "金辉-伦敦王", "platform": "微博", "verification_type": "头部认证个人", "publish_time": "2026-07-12T22:06:57", "influence": 30.7, "repost_count": 10, "like_count": 54, "comment_count": 9, "title": "（7.13-7.18 ）下周黄鱼行情策略分析 本周市场核心驱动聚焦美国6月CPI"}, {"author": "凌哥-趋势金评", "platform": "微博", "verification_type": "头部认证个人", "publish_time": "2026-07-12T23:16:16", "influence": 13.8, "repost_count": 5, "like_count": 21, "comment_count": 5, "title": "凌哥个人分析现货黄金下周展望 上周中东冲突升级推高油价，通胀担忧升温，对黄金形成"}, {"author": "杨易-开拓者", "platform": "微博", "verification_type": "头部认证个人", "publish_time": "2026-07-13T20:04:35", "influence": 13.2, "repost_count": 0, "like_count": 44, "comment_count": 0, "title": "今日属于CPI数据落地前的踩踏杭晴。明日将公布美6月CPI核心通胀数据，这也是7"}], "platform_chain": {"nodes": [{"name": "微博", "count": 22, "first_seen": "2026-07-12T17:33:02"}, {"name": "新浪新闻", "count": 1, "first_seen": "2026-07-12T23:46:09.000001"}], "links": [{"source": "微博", "target": "新浪新闻", "value": 1}]}}', '2026-07-15 12:30:32', '2026-07-15 12:30:32');
INSERT INTO event_keywords (event_id, word, weight, rank) VALUES (25, '数据', 1.0, 0);
INSERT INTO event_keywords (event_id, word, weight, rank) VALUES (25, '周末', 0.922, 1);
INSERT INTO event_keywords (event_id, word, weight, rank) VALUES (25, '下周', 0.851, 2);
INSERT INTO event_keywords (event_id, word, weight, rank) VALUES (25, '核心', 0.806, 3);
INSERT INTO event_keywords (event_id, word, weight, rank) VALUES (25, '五大', 0.749, 4);
INSERT INTO event_keywords (event_id, word, weight, rank) VALUES (25, 'A股', 0.644, 5);
INSERT INTO event_keywords (event_id, word, weight, rank) VALUES (25, '重磅', 0.601, 6);
INSERT INTO event_keywords (event_id, word, weight, rank) VALUES (25, '开盘', 0.598, 7);
INSERT INTO event_platforms (event_id, platform_name, ratio, rank) VALUES (25, '微博', 0.957, 0);
INSERT INTO event_platforms (event_id, platform_name, ratio, rank) VALUES (25, '新浪新闻', 0.043, 1);
INSERT INTO event_trend_daily (event_id, date, count, is_predicted) VALUES (25, '2026-07-12', 12, 0);
INSERT INTO event_trend_daily (event_id, date, count, is_predicted) VALUES (25, '2026-07-13', 7, 0);
INSERT INTO event_trend_daily (event_id, date, count, is_predicted) VALUES (25, '2026-07-14', 4, 0);
INSERT INTO event_trend_daily (event_id, date, count, is_predicted, predict_heat, predict_count) VALUES (25, '2026-07-15', 0, 1, 0.0, 0.0);
INSERT INTO event_trend_daily (event_id, date, count, is_predicted, predict_heat, predict_count) VALUES (25, '2026-07-16', 0, 1, 0.0, 0.0);
INSERT INTO event_trend_daily (event_id, date, count, is_predicted, predict_heat, predict_count) VALUES (25, '2026-07-17', 0, 1, 0.0, 0.0);

INSERT INTO events (event_id, title, heat, report_count, duplicate_count, time_start, time_end, event_time, risk_level, stage, confidence, prob_latent, prob_growth, prob_peak, prob_decline, analysis, positive, neutral, negative, sources, summary, location, cause, people, authenticity, propagation, created_at, updated_at) VALUES (26, '国际油价13日大幅上涨', 7.867, 11, 0, '2026-07-13 18:11:20', '2026-07-14 22:19:45', '2026-07-14 12:00:00', 'mid', 'growth', 0.9, 0.05, 0.9, 0.05, 0.0, '当前事件报道数量持续增加，公众关注度快速提升，处于成长期。', 0.2, 0.6, 0.2, '["微博", "新浪新闻"]', '国信证券研报指出，2026年贵金属行业短期受美伊冲突推升油价、通胀预期回升及美国就业数据超预期导致美联储政策预期转向影响， 金价阶段性承压回落至4000—4200美元/盎司区间， 但中长期逻辑依然稳固，全球央行持续增持黄金 ， 2026年一季度购金量达243.7吨，中国央行已连续20个月增持黄金。国信证券研报指出，2026年贵金属行业短期受美伊冲突推升油价、通胀预期回升及美国就业数据超预期导致美联储政策预期转向影响，金价阶段性承压回落至4000—4200美元/盎司区间， 但中长期逻辑依然稳固，全球央行持续增持黄金 ，2026年一季度购金量达243.7吨，中国央行已连续20个月增持黄金。金价单日暴跌超20元每克，金价年内跌幅已近485元每克 【#金价单日暴跌超20元每克#，#金价年内跌幅已近485元每克#】7月14日，国内黄金零售市场延续跌势，周生生足金饰品报价为1214元/克，较前一日跌24元/克。', '伦敦、上海、霍尔木兹海峡', '油价由跌转涨 四连降恐泡汤。', '["周大福", "周生生", "布伦特"]', '{"credibility_score": 0.873, "official_ratio": 0.727, "verified_ratio": 0.909, "plain_user_ratio": 0.091, "verification_dist": {"官方平台": 0.727, "认证机构": 0.182, "普通用户": 0.091}, "factors": ["well_sourced"]}', '{"key_nodes": [{"role": "首次官方媒体介入", "author": "小新正在场", "platform": "新浪新闻", "verification_type": "官方平台", "publish_time": "2026-07-13T18:11:20.000001", "influence": 0.0, "title": "油价由跌转涨 四连降恐泡汤"}, {"role": "首次大V发声", "author": "新浪新闻", "platform": "微博", "verification_type": "认证机构", "publish_time": "2026-07-14T17:21:24", "influence": 99.2, "title": "【油价大涨！#金价又绷不住了#，#买50克三金半年便宜近2万元#！】7月14日早"}, {"role": "初始爆料", "author": "姚中国", "platform": "微博", "verification_type": "普通用户", "publish_time": "2026-07-14T21:27:52", "influence": 0.0, "title": "#共同关注##买50克三金半年便宜近2万元##金价又绷不住了# 2026年上半年"}], "top_influencers": [{"author": "新浪新闻", "platform": "微博", "verification_type": "认证机构", "publish_time": "2026-07-14T17:21:24", "influence": 99.2, "repost_count": 67, "like_count": 94, "comment_count": 8, "title": "【油价大涨！#金价又绷不住了#，#买50克三金半年便宜近2万元#！】7月14日早"}], "platform_chain": {"nodes": [{"name": "新浪新闻", "count": 8, "first_seen": "2026-07-13T18:11:20.000001"}, {"name": "微博", "count": 3, "first_seen": "2026-07-14T17:21:24"}], "links": [{"source": "新浪新闻", "target": "微博", "value": 3}]}}', '2026-07-15 12:30:32', '2026-07-15 12:30:32');
INSERT INTO event_keywords (event_id, word, weight, rank) VALUES (26, '黄金', 1.0, 0);
INSERT INTO event_keywords (event_id, word, weight, rank) VALUES (26, '美元', 0.667, 1);
INSERT INTO event_keywords (event_id, word, weight, rank) VALUES (26, '跌幅', 0.545, 2);
INSERT INTO event_keywords (event_id, word, weight, rank) VALUES (26, '金价', 0.458, 3);
INSERT INTO event_keywords (event_id, word, weight, rank) VALUES (26, '每克', 0.404, 4);
INSERT INTO event_keywords (event_id, word, weight, rank) VALUES (26, '预期', 0.344, 5);
INSERT INTO event_keywords (event_id, word, weight, rank) VALUES (26, '数据', 0.344, 6);
INSERT INTO event_keywords (event_id, word, weight, rank) VALUES (26, '单日', 0.316, 7);
INSERT INTO event_platforms (event_id, platform_name, ratio, rank) VALUES (26, '新浪新闻', 0.727, 0);
INSERT INTO event_platforms (event_id, platform_name, ratio, rank) VALUES (26, '微博', 0.273, 1);
INSERT INTO event_trend_daily (event_id, date, count, is_predicted) VALUES (26, '2026-07-13', 1, 0);
INSERT INTO event_trend_daily (event_id, date, count, is_predicted) VALUES (26, '2026-07-14', 10, 0);
INSERT INTO event_trend_daily (event_id, date, count, is_predicted, predict_heat, predict_count) VALUES (26, '2026-07-15', 0, 1, 19.0, 19.0);
INSERT INTO event_trend_daily (event_id, date, count, is_predicted, predict_heat, predict_count) VALUES (26, '2026-07-16', 0, 1, 28.0, 28.0);
INSERT INTO event_trend_daily (event_id, date, count, is_predicted, predict_heat, predict_count) VALUES (26, '2026-07-17', 0, 1, 37.0, 37.0);

INSERT INTO events (event_id, title, heat, report_count, duplicate_count, time_start, time_end, event_time, risk_level, stage, confidence, prob_latent, prob_growth, prob_peak, prob_decline, analysis, positive, neutral, negative, sources, summary, location, cause, people, authenticity, propagation, created_at, updated_at) VALUES (27, '黄金生意难做 为什么大家都不买了呢？', 7.864, 65, 39, '2026-06-02 11:02:58', '2026-07-14 19:54:21', '2026-07-10 12:00:00', 'mid', 'decline', 0.9, 0.0, 0.0, 0.1, 0.9, '当前事件报道数量持续下降，公众关注度减弱，处于衰退期。', 0.328, 0.414, 0.258, '["微博", "新浪新闻", "知乎"]', '给出 伦敦铝 黄金 伦敦锡 白银的近期规划（更快更详细的规划请参阅我们的每日更新的专栏文章的内容）：1】伦敦铝：6月27号：伦敦铝继续下跌，盘面很弱势，但这个位置不宜过度追空伦敦铝，一方面技术面的乖离过大，很容易反弹，另外原油本身也是被强行压制的，这取决于帝国自己的能力，但原油反弹的压力毕竟还是存在的。买了请拿稳仓位啊，这图看一遍，稍后我们A股那篇再详细讲：给出 黄金 伦敦铜 有色金属 白银的近期规划（更快更详细的规划请参阅我们的每日更新的专栏文章的内容）：1】黄金：7月3号：黄金如期走高，且盘面相对稳定，渐渐符合我们规划的达到“周K”的“小窗口”反弹波的规模，且量能不大。2）由于是“小反弹窗口”，涨幅是动态确定的，是需要整体股市盘面 Fed美联储 帝国的管理水平等很多因素来共同促成这个短期反弹的时长的，那么之前规划并强调了黄金的小仓位参加，白银的态度则相对不重要，3天前对白银的态度更佳明确，但没参加到此刻也请不要重仓参与，轻仓快速才适合当下的行情，你不能期盼你能吃到每一个涨跌波段，快速击败股神。', '美伊、美国、伦敦', '油小跌，气小涨，黄金白银震荡，其它基本都是震荡。', '["布伦特", "耶耶", "黄金周", "孙子", "秦钰恒"]', '{"credibility_score": 0.168, "official_ratio": 0.031, "verified_ratio": 0.292, "plain_user_ratio": 0.708, "verification_dist": {"普通用户": 0.708, "认证个人": 0.215, "头部认证个人": 0.046, "官方平台": 0.031}, "factors": ["official_absent", "mostly_unverified", "high_duplicate_rate"]}', '{"key_nodes": [{"role": "初始爆料", "author": "alex01", "platform": "知乎", "verification_type": "普通用户", "publish_time": "2026-07-02T16:20:11", "influence": 42.2, "title": "先说加息，昨天的Fed美联储主席的话说明：Fed美联储距离端出大动作还早得很，因"}, {"role": "首次大V发声", "author": "金浪逐峰", "platform": "微博", "verification_type": "头部认证个人", "publish_time": "2026-07-04T22:51:56", "influence": 9.6, "title": "非农爆冷迎地缘大考，黄金周一怎么走？ 本周宏观日程罕见错位，美国6月非农提前至7"}, {"role": "传播高峰", "author": "TopView", "platform": "知乎", "verification_type": "头部认证个人", "publish_time": "2026-07-09T22:13:04", "influence": 174.2, "title": "2026年7月8日，伦敦金现收在4047美元。今年1月29号，它最高摸到过558"}, {"role": "首次官方媒体介入", "author": "星辰失控者", "platform": "新浪新闻", "verification_type": "官方平台", "publish_time": "2026-07-14T01:23:39", "influence": 0.0, "title": "黄金生意难做 为什么大家都不买了呢？"}], "top_influencers": [{"author": "TopView", "platform": "知乎", "verification_type": "头部认证个人", "publish_time": "2026-07-09T22:13:04", "influence": 174.2, "repost_count": 0, "like_count": 474, "comment_count": 64, "title": "2026年7月8日，伦敦金现收在4047美元。今年1月29号，它最高摸到过558"}, {"author": "环中星鉴", "platform": "知乎", "verification_type": "普通用户", "publish_time": "2026-07-03T13:32:08", "influence": 138.7, "repost_count": 0, "like_count": 354, "comment_count": 65, "title": "我一直在监测的几个构成黄金反弹的条件，昨天全都激活了，所以昨天的文章已经预告过，"}, {"author": "派大星皮皮", "platform": "知乎", "verification_type": "认证个人", "publish_time": "2026-07-03T17:32:15", "influence": 122.2, "repost_count": 0, "like_count": 214, "comment_count": 116, "title": "涨了看涨、跌了看跌，两头都有理由？那独立思考的意义又如何体现！关于加息以及对黄金"}, {"author": "heIp", "platform": "微博", "verification_type": "认证个人", "publish_time": "2026-07-10T17:32:31", "influence": 98.4, "repost_count": 38, "like_count": 183, "comment_count": 11, "title": "最近金价回落，网上有一个很火的说法： 黄金的涨跌，根本就不是为了让你发财的。 普"}, {"author": "秦钰恒", "platform": "微博", "verification_type": "认证个人", "publish_time": "2026-06-02T11:02:58", "influence": 76.1, "repost_count": 2, "like_count": 102, "comment_count": 87, "title": "发布了头条文章：《秦钰恒：黄金陷入“谈谈打打”困局！4460-4520震荡磨底》"}], "platform_chain": {"nodes": [{"name": "微博", "count": 11, "first_seen": "2026-06-02T11:02:58"}, {"name": "知乎", "count": 51, "first_seen": "2026-07-02T16:20:11"}, {"name": "新浪新闻", "count": 2, "first_seen": "2026-07-14T01:23:39"}], "links": [{"source": "微博", "target": "知乎", "value": 51}, {"source": "知乎", "target": "新浪新闻", "value": 2}]}}', '2026-07-15 12:30:32', '2026-07-15 12:30:32');
INSERT INTO event_keywords (event_id, word, weight, rank) VALUES (27, '白银', 1.0, 0);
INSERT INTO event_keywords (event_id, word, weight, rank) VALUES (27, '黄金', 0.958, 1);
INSERT INTO event_keywords (event_id, word, weight, rank) VALUES (27, '规划', 0.568, 2);
INSERT INTO event_keywords (event_id, word, weight, rank) VALUES (27, '帝国', 0.482, 3);
INSERT INTO event_keywords (event_id, word, weight, rank) VALUES (27, '反弹', 0.351, 4);
INSERT INTO event_keywords (event_id, word, weight, rank) VALUES (27, '加息', 0.286, 5);
INSERT INTO event_keywords (event_id, word, weight, rank) VALUES (27, 'A股', 0.233, 6);
INSERT INTO event_keywords (event_id, word, weight, rank) VALUES (27, '美元', 0.191, 7);
INSERT INTO event_platforms (event_id, platform_name, ratio, rank) VALUES (27, '知乎', 0.785, 0);
INSERT INTO event_platforms (event_id, platform_name, ratio, rank) VALUES (27, '微博', 0.185, 1);
INSERT INTO event_platforms (event_id, platform_name, ratio, rank) VALUES (27, '新浪新闻', 0.031, 2);
INSERT INTO event_trend_daily (event_id, date, count, is_predicted) VALUES (27, '2026-06-02', 1, 0);
INSERT INTO event_trend_daily (event_id, date, count, is_predicted) VALUES (27, '2026-06-03', 0, 0);
INSERT INTO event_trend_daily (event_id, date, count, is_predicted) VALUES (27, '2026-06-04', 0, 0);
INSERT INTO event_trend_daily (event_id, date, count, is_predicted) VALUES (27, '2026-06-05', 0, 0);
INSERT INTO event_trend_daily (event_id, date, count, is_predicted) VALUES (27, '2026-06-06', 0, 0);
INSERT INTO event_trend_daily (event_id, date, count, is_predicted) VALUES (27, '2026-06-07', 0, 0);
INSERT INTO event_trend_daily (event_id, date, count, is_predicted) VALUES (27, '2026-06-08', 0, 0);
INSERT INTO event_trend_daily (event_id, date, count, is_predicted) VALUES (27, '2026-06-09', 0, 0);
INSERT INTO event_trend_daily (event_id, date, count, is_predicted) VALUES (27, '2026-06-10', 0, 0);
INSERT INTO event_trend_daily (event_id, date, count, is_predicted) VALUES (27, '2026-06-11', 0, 0);
INSERT INTO event_trend_daily (event_id, date, count, is_predicted) VALUES (27, '2026-06-12', 0, 0);
INSERT INTO event_trend_daily (event_id, date, count, is_predicted) VALUES (27, '2026-06-13', 0, 0);
INSERT INTO event_trend_daily (event_id, date, count, is_predicted) VALUES (27, '2026-06-14', 0, 0);
INSERT INTO event_trend_daily (event_id, date, count, is_predicted) VALUES (27, '2026-06-15', 0, 0);
INSERT INTO event_trend_daily (event_id, date, count, is_predicted) VALUES (27, '2026-06-16', 0, 0);
INSERT INTO event_trend_daily (event_id, date, count, is_predicted) VALUES (27, '2026-06-17', 0, 0);
INSERT INTO event_trend_daily (event_id, date, count, is_predicted) VALUES (27, '2026-06-18', 0, 0);
INSERT INTO event_trend_daily (event_id, date, count, is_predicted) VALUES (27, '2026-06-19', 0, 0);
INSERT INTO event_trend_daily (event_id, date, count, is_predicted) VALUES (27, '2026-06-20', 0, 0);
INSERT INTO event_trend_daily (event_id, date, count, is_predicted) VALUES (27, '2026-06-21', 0, 0);
INSERT INTO event_trend_daily (event_id, date, count, is_predicted) VALUES (27, '2026-06-22', 0, 0);
INSERT INTO event_trend_daily (event_id, date, count, is_predicted) VALUES (27, '2026-06-23', 0, 0);
INSERT INTO event_trend_daily (event_id, date, count, is_predicted) VALUES (27, '2026-06-24', 0, 0);
INSERT INTO event_trend_daily (event_id, date, count, is_predicted) VALUES (27, '2026-06-25', 0, 0);
INSERT INTO event_trend_daily (event_id, date, count, is_predicted) VALUES (27, '2026-06-26', 0, 0);
INSERT INTO event_trend_daily (event_id, date, count, is_predicted) VALUES (27, '2026-06-27', 0, 0);
INSERT INTO event_trend_daily (event_id, date, count, is_predicted) VALUES (27, '2026-06-28', 0, 0);
INSERT INTO event_trend_daily (event_id, date, count, is_predicted) VALUES (27, '2026-06-29', 0, 0);
INSERT INTO event_trend_daily (event_id, date, count, is_predicted) VALUES (27, '2026-06-30', 0, 0);
INSERT INTO event_trend_daily (event_id, date, count, is_predicted) VALUES (27, '2026-07-01', 0, 0);
INSERT INTO event_trend_daily (event_id, date, count, is_predicted) VALUES (27, '2026-07-02', 1, 0);
INSERT INTO event_trend_daily (event_id, date, count, is_predicted) VALUES (27, '2026-07-03', 6, 0);
INSERT INTO event_trend_daily (event_id, date, count, is_predicted) VALUES (27, '2026-07-04', 2, 0);
INSERT INTO event_trend_daily (event_id, date, count, is_predicted) VALUES (27, '2026-07-05', 4, 0);
INSERT INTO event_trend_daily (event_id, date, count, is_predicted) VALUES (27, '2026-07-06', 2, 0);
INSERT INTO event_trend_daily (event_id, date, count, is_predicted) VALUES (27, '2026-07-07', 3, 0);
INSERT INTO event_trend_daily (event_id, date, count, is_predicted) VALUES (27, '2026-07-08', 7, 0);
INSERT INTO event_trend_daily (event_id, date, count, is_predicted) VALUES (27, '2026-07-09', 4, 0);
INSERT INTO event_trend_daily (event_id, date, count, is_predicted) VALUES (27, '2026-07-10', 11, 0);
INSERT INTO event_trend_daily (event_id, date, count, is_predicted) VALUES (27, '2026-07-11', 6, 0);
INSERT INTO event_trend_daily (event_id, date, count, is_predicted) VALUES (27, '2026-07-12', 5, 0);
INSERT INTO event_trend_daily (event_id, date, count, is_predicted) VALUES (27, '2026-07-13', 7, 0);
INSERT INTO event_trend_daily (event_id, date, count, is_predicted) VALUES (27, '2026-07-14', 5, 0);
INSERT INTO event_trend_daily (event_id, date, count, is_predicted, predict_heat, predict_count) VALUES (27, '2026-07-15', 0, 1, 5.0, 5.0);
INSERT INTO event_trend_daily (event_id, date, count, is_predicted, predict_heat, predict_count) VALUES (27, '2026-07-16', 0, 1, 5.0, 5.0);
INSERT INTO event_trend_daily (event_id, date, count, is_predicted, predict_heat, predict_count) VALUES (27, '2026-07-17', 0, 1, 5.0, 5.0);

INSERT INTO events (event_id, title, heat, report_count, duplicate_count, time_start, time_end, event_time, risk_level, stage, confidence, prob_latent, prob_growth, prob_peak, prob_decline, analysis, positive, neutral, negative, sources, summary, location, cause, people, authenticity, propagation, created_at, updated_at) VALUES (28, '现货黄金失守4000美元，国内金饰单日跌超20元', 6.094, 8, 0, '2026-07-14 17:32:14', '2026-07-14 21:45:12', '2026-07-14 12:00:00', 'mid', 'peak', 0.6, 0.0, 0.2, 0.6, 0.2, '当前事件报道量已接近峰值，关注度趋于稳定，处于高潮期。', 0.295, 0.462, 0.244, '["微博", "新浪新闻"]', '现货黄金失守4000美元，国内金饰单日跌超20元。本文基于以下微博话题的智搜结果生成 现货黄金7月14日再度失守4000美元/盎司，国内品牌足金饰品单日下跌20-24元，老凤祥、周生生等克价已从年初1700元以上的高位累计跌超500元。二、为什么原料金价“8字头”，金饰还在“12字头” 定价结构差异：品牌金饰价格＝原料金价＋品牌溢价＋工艺费＋渠道成本，品牌溢价通常在300-400元/克。', '美伊、上海', '#金饰价格又崩了#。', '["沃勒"]', '{"credibility_score": 0.462, "official_ratio": 0.125, "verified_ratio": 1.0, "plain_user_ratio": 0.0, "verification_dist": {"认证个人": 0.5, "头部认证个人": 0.375, "官方平台": 0.125}, "factors": []}', '{"key_nodes": [{"role": "初始爆料", "author": "毒舌数码", "platform": "微博", "verification_type": "认证个人", "publish_time": "2026-07-14T17:32:14", "influence": 145.8, "title": "#金饰价格又崩了#？？？1200多叫崩吗。这样不痛不痒的降一点刺激不了消费，我说"}, {"role": "首次大V发声", "author": "暖宝宝宝宝宝宝_", "platform": "微博", "verification_type": "头部认证个人", "publish_time": "2026-07-14T17:58:48", "influence": 8.8, "title": "#金饰价格又崩了#好几天没打开看金价了[泪奔]"}, {"role": "首次官方媒体介入", "author": "赛博AI实验室", "platform": "新浪新闻", "verification_type": "官方平台", "publish_time": "2026-07-14T18:14:07", "influence": 0.0, "title": "现货黄金失守4000美元，国内金饰单日跌超20元"}], "top_influencers": [{"author": "毒舌数码", "platform": "微博", "verification_type": "认证个人", "publish_time": "2026-07-14T17:32:14", "influence": 145.8, "repost_count": 7, "like_count": 391, "comment_count": 43, "title": "#金饰价格又崩了#？？？1200多叫崩吗。这样不痛不痒的降一点刺激不了消费，我说"}, {"author": "清纯痣", "platform": "微博", "verification_type": "认证个人", "publish_time": "2026-07-14T17:43:57.000001", "influence": 50.3, "repost_count": 6, "like_count": 111, "comment_count": 22, "title": "#金饰价格又崩了# 天塌了，1100买的39.38克现在跌价了 不买一直涨，买了"}, {"author": "若水守静", "platform": "微博", "verification_type": "认证个人", "publish_time": "2026-07-14T20:03:01", "influence": 47.1, "repost_count": 0, "like_count": 137, "comment_count": 12, "title": "#金饰价格又崩了# 金价跌成这样，到底是抄底的好时机，还是该赶紧把手里的金子变现"}, {"author": "暖宝宝宝宝宝宝_", "platform": "微博", "verification_type": "头部认证个人", "publish_time": "2026-07-14T17:58:48", "influence": 8.8, "repost_count": 0, "like_count": 21, "comment_count": 5, "title": "#金饰价格又崩了#好几天没打开看金价了[泪奔]"}, {"author": "巴菲豆豆", "platform": "微博", "verification_type": "头部认证个人", "publish_time": "2026-07-14T18:57:12", "influence": 6.0, "repost_count": 0, "like_count": 20, "comment_count": 0, "title": "加息预期推高美元，黄金是无息资产，持有成本一高就被抛售。逻辑链就是：打仗→油价涨"}], "platform_chain": {"nodes": [{"name": "微博", "count": 7, "first_seen": "2026-07-14T17:32:14"}, {"name": "新浪新闻", "count": 1, "first_seen": "2026-07-14T18:14:07"}], "links": [{"source": "微博", "target": "新浪新闻", "value": 1}]}}', '2026-07-15 12:30:32', '2026-07-15 12:30:32');
INSERT INTO event_keywords (event_id, word, weight, rank) VALUES (28, '美元', 1.0, 0);
INSERT INTO event_keywords (event_id, word, weight, rank) VALUES (28, '加息', 0.925, 1);
INSERT INTO event_keywords (event_id, word, weight, rank) VALUES (28, '金价', 0.797, 2);
INSERT INTO event_keywords (event_id, word, weight, rank) VALUES (28, '品牌', 0.789, 3);
INSERT INTO event_keywords (event_id, word, weight, rank) VALUES (28, '原料', 0.789, 4);
INSERT INTO event_keywords (event_id, word, weight, rank) VALUES (28, '金饰', 0.756, 5);
INSERT INTO event_keywords (event_id, word, weight, rank) VALUES (28, '国内', 0.631, 6);
INSERT INTO event_keywords (event_id, word, weight, rank) VALUES (28, '一直', 0.631, 7);
INSERT INTO event_platforms (event_id, platform_name, ratio, rank) VALUES (28, '微博', 0.875, 0);
INSERT INTO event_platforms (event_id, platform_name, ratio, rank) VALUES (28, '新浪新闻', 0.125, 1);
INSERT INTO event_trend_daily (event_id, date, count, is_predicted) VALUES (28, '2026-07-14', 8, 0);
INSERT INTO event_trend_daily (event_id, date, count, is_predicted, predict_heat, predict_count) VALUES (28, '2026-07-15', 0, 1, 8.0, 8.0);
INSERT INTO event_trend_daily (event_id, date, count, is_predicted, predict_heat, predict_count) VALUES (28, '2026-07-16', 0, 1, 8.0, 8.0);
INSERT INTO event_trend_daily (event_id, date, count, is_predicted, predict_heat, predict_count) VALUES (28, '2026-07-17', 0, 1, 8.0, 8.0);

INSERT INTO events (event_id, title, heat, report_count, duplicate_count, time_start, time_end, event_time, risk_level, stage, confidence, prob_latent, prob_growth, prob_peak, prob_decline, analysis, positive, neutral, negative, sources, summary, location, cause, people, authenticity, propagation, created_at, updated_at) VALUES (29, '金价下跌5克以下金手串受追捧', 5.583, 16, 4, '2026-07-10 08:03:44', '2026-07-14 22:04:10', '2026-07-10 12:00:00', 'mid', 'peak', 0.9, 0.0, 0.05, 0.9, 0.05, '当前事件报道量已接近峰值，关注度趋于稳定，处于高潮期。', 0.432, 0.318, 0.25, '["微博", "新浪新闻", "知乎"]', '现在国际基础金价大概900元每克左右，确实相对于之前降了很多，每次下跌都会有人买的，特别是买首饰黄金。现在国际基础金价大概900元每克左右，确实相对于之前降了很多，每次下跌都会有人买的，特别是买首饰黄金的，我们现在买三金的客户人，相对于之前多了很多，大家都趁着价格回调入手，考虑到黄金长期看涨的趋势，国际金价回调的时候买入也是不错的资产配置，现在就是很好的时机。【#金价跌了买黄金的人反而少了#黄金跌了愁坏了卖黄金的人】现在买50克“三金”比年初省接近两万块却愁坏了金店，记者走访深圳，广州多家品牌金店发现商场人流量不小但门店内鲜见消费者身影，深圳水贝商家感叹：今年销量同比降幅可能达到15%左右，水贝的基础价上劲所的原料价格一克还高几十块，消费者保持“买涨不买跌”心态越跌越观望，金价跌了买金的人反而少了，黄金生意从来不按常理出牌。', '深圳、青岛、广州', '大部分拿黄金赌一把的 大多玩不起、赔不起也耗不起。', '["周大福", "周生生"]', '{"credibility_score": 0.585, "official_ratio": 0.438, "verified_ratio": 0.75, "plain_user_ratio": 0.25, "verification_dist": {"官方平台": 0.438, "普通用户": 0.25, "头部认证个人": 0.188, "认证个人": 0.062, "认证机构": 0.062}, "factors": ["well_sourced"]}', '{"key_nodes": [{"role": "首次官方媒体介入", "author": "大学生小青年", "platform": "新浪新闻", "verification_type": "官方平台", "publish_time": "2026-07-10T08:03:44", "influence": 0.0, "title": "大部分拿黄金赌一把的 大多玩不起、赔不起也耗不起"}, {"role": "首次大V发声", "author": "女神小小玩基金", "platform": "微博", "verification_type": "头部认证个人", "publish_time": "2026-07-10T08:37:32", "influence": 40.2, "title": "#金价上蹿下跳# 黄金是24年开始上涨的，已经涨了两年多了，这两年多涨幅比之前十"}, {"role": "初始爆料", "author": "钻石达人Gems", "platform": "知乎", "verification_type": "普通用户", "publish_time": "2026-07-12T10:56:36", "influence": 0.0, "title": "现在国际基础金价大概900元每克左右，确实相对于之前降了很多，每次下跌都会有人买"}, {"role": "传播高峰", "author": "拉面一定要加香菜", "platform": "微博", "verification_type": "普通用户", "publish_time": "2026-07-14T17:06:33", "influence": 236.4, "title": "#金饰价格又崩了# 明明黄金价格都跌到800+了 凭什么金店还是1200+，之前"}], "top_influencers": [{"author": "拉面一定要加香菜", "platform": "微博", "verification_type": "普通用户", "publish_time": "2026-07-14T17:06:33", "influence": 236.4, "repost_count": 6, "like_count": 643, "comment_count": 75, "title": "#金饰价格又崩了# 明明黄金价格都跌到800+了 凭什么金店还是1200+，之前"}, {"author": "财联社APP", "platform": "微博", "verification_type": "认证机构", "publish_time": "2026-07-12T17:53:10", "influence": 48.6, "repost_count": 23, "like_count": 77, "comment_count": 5, "title": "#结婚买三金半年便宜近2万#【买“三金”半年便宜近两万 但“买涨不买跌”让金店更"}, {"author": "女神小小玩基金", "platform": "微博", "verification_type": "头部认证个人", "publish_time": "2026-07-10T08:37:32", "influence": 40.2, "repost_count": 0, "like_count": 84, "comment_count": 30, "title": "#金价上蹿下跳# 黄金是24年开始上涨的，已经涨了两年多了，这两年多涨幅比之前十"}, {"author": "游戏投投机", "platform": "微博", "verification_type": "认证个人", "publish_time": "2026-07-10T09:55:41", "influence": 39.3, "repost_count": 10, "like_count": 86, "comment_count": 7, "title": "#金价上蹿下跳##金价# 金价冲高回落，昨日金价下跌后晚间拉升，金价上蹿下跳波动"}, {"author": "金姐定盘", "platform": "微博", "verification_type": "头部认证个人", "publish_time": "2026-07-13T07:26:22", "influence": 12.4, "repost_count": 1, "like_count": 33, "comment_count": 3, "title": "最近市场这波动，真是让人心跳加速。金价在高位反复拉锯，科技股那边又是集体回调，感"}], "platform_chain": {"nodes": [{"name": "新浪新闻", "count": 7, "first_seen": "2026-07-10T08:03:44"}, {"name": "微博", "count": 7, "first_seen": "2026-07-10T08:37:32"}, {"name": "知乎", "count": 2, "first_seen": "2026-07-12T10:56:36"}], "links": [{"source": "新浪新闻", "target": "微博", "value": 7}, {"source": "微博", "target": "知乎", "value": 2}]}}', '2026-07-15 12:30:32', '2026-07-15 12:30:32');
INSERT INTO event_keywords (event_id, word, weight, rank) VALUES (29, '下调', 1.0, 0);
INSERT INTO event_keywords (event_id, word, weight, rank) VALUES (29, '金价', 0.948, 1);
INSERT INTO event_keywords (event_id, word, weight, rank) VALUES (29, '黄金', 0.777, 2);
INSERT INTO event_keywords (event_id, word, weight, rank) VALUES (29, '一日', 0.559, 3);
INSERT INTO event_keywords (event_id, word, weight, rank) VALUES (29, '水贝', 0.5, 4);
INSERT INTO event_keywords (event_id, word, weight, rank) VALUES (29, '品牌', 0.482, 5);
INSERT INTO event_keywords (event_id, word, weight, rank) VALUES (29, '现在', 0.448, 6);
INSERT INTO event_keywords (event_id, word, weight, rank) VALUES (29, '之前', 0.438, 7);
INSERT INTO event_platforms (event_id, platform_name, ratio, rank) VALUES (29, '新浪新闻', 0.438, 0);
INSERT INTO event_platforms (event_id, platform_name, ratio, rank) VALUES (29, '微博', 0.438, 1);
INSERT INTO event_platforms (event_id, platform_name, ratio, rank) VALUES (29, '知乎', 0.125, 2);
INSERT INTO event_trend_daily (event_id, date, count, is_predicted) VALUES (29, '2026-07-10', 5, 0);
INSERT INTO event_trend_daily (event_id, date, count, is_predicted) VALUES (29, '2026-07-11', 0, 0);
INSERT INTO event_trend_daily (event_id, date, count, is_predicted) VALUES (29, '2026-07-12', 2, 0);
INSERT INTO event_trend_daily (event_id, date, count, is_predicted) VALUES (29, '2026-07-13', 4, 0);
INSERT INTO event_trend_daily (event_id, date, count, is_predicted) VALUES (29, '2026-07-14', 5, 0);
INSERT INTO event_trend_daily (event_id, date, count, is_predicted, predict_heat, predict_count) VALUES (29, '2026-07-15', 0, 1, 6.5, 6.5);
INSERT INTO event_trend_daily (event_id, date, count, is_predicted, predict_heat, predict_count) VALUES (29, '2026-07-16', 0, 1, 8.0, 8.0);
INSERT INTO event_trend_daily (event_id, date, count, is_predicted, predict_heat, predict_count) VALUES (29, '2026-07-17', 0, 1, 9.5, 9.5);

INSERT INTO events (event_id, title, heat, report_count, duplicate_count, time_start, time_end, event_time, risk_level, stage, confidence, prob_latent, prob_growth, prob_peak, prob_decline, analysis, positive, neutral, negative, sources, summary, location, cause, people, authenticity, propagation, created_at, updated_at) VALUES (30, '这轮金价还在向下砸！何为底？你觉得呢？', 5.286, 11, 1, '2026-07-09 07:09:41', '2026-07-14 22:07:25', '2026-07-14 12:00:00', 'mid', 'peak', 0.9, 0.0, 0.05, 0.9, 0.05, '当前事件报道量已接近峰值，关注度趋于稳定，处于高潮期。', 0.651, 0.253, 0.096, '["微博", "新浪新闻", "知乎"]', '老婆非要给我买，没办法了啊[yeah][yeah] #黄金原油首席分析导师-冯生##黄金##金价#。金价又下跌了一点，买50克三金半年便宜近2万元，今日国内金价878，银价13，现货黄金又失守4000美元，金饰价格最低来到1212，大家觉得接下来是涨还是跌。# CPI数据公布后金价拉高，没有切入做多的时间与机会，不过拉高后，美元指数已到关键支撑，黄金也临近日线10日、20日均线共振压力带。', '美国、北京、纽约', '这轮金价还在向下砸。', '["冯生", "布伦特", "白银"]', '{"credibility_score": 0.439, "official_ratio": 0.182, "verified_ratio": 0.727, "plain_user_ratio": 0.273, "verification_dist": {"普通用户": 0.273, "认证个人": 0.273, "官方平台": 0.182, "头部认证个人": 0.182, "认证机构": 0.091}, "factors": []}', '{"key_nodes": [{"role": "首次官方媒体介入", "author": "星辰失控者", "platform": "新浪新闻", "verification_type": "官方平台", "publish_time": "2026-07-09T07:09:41", "influence": 0.0, "title": "这轮金价还在向下砸！何为底？你觉得呢？"}, {"role": "首次大V发声", "author": "金本聪在线", "platform": "微博", "verification_type": "头部认证个人", "publish_time": "2026-07-11T13:42:35", "influence": 8.4, "title": "#黄金[超话]#7.11下周金价怎么看？#黄金##金价##今日金价##期货##财"}, {"role": "初始爆料", "author": "momo", "platform": "知乎", "verification_type": "普通用户", "publish_time": "2026-07-12T00:08:40", "influence": 1.6, "title": "建议韭菜们不要盲目相信各种大忽悠，自行分析利弊。不利金价的因素自己找数据，画出近"}, {"role": "传播高峰", "author": "游戏投投机", "platform": "微博", "verification_type": "认证个人", "publish_time": "2026-07-14T07:13:32", "influence": 56.3, "title": "#黄金##金价﻿# 金价又又大跌了，现货黄金跌破4000，金价跌到871，金价经"}], "top_influencers": [{"author": "游戏投投机", "platform": "微博", "verification_type": "认证个人", "publish_time": "2026-07-14T07:13:32", "influence": 56.3, "repost_count": 10, "like_count": 126, "comment_count": 17, "title": "#黄金##金价﻿# 金价又又大跌了，现货黄金跌破4000，金价跌到871，金价经"}, {"author": "在圈里收瓜", "platform": "微博", "verification_type": "认证个人", "publish_time": "2026-07-14T18:02:05", "influence": 42.3, "repost_count": 0, "like_count": 126, "comment_count": 9, "title": "金价又下跌了一点，买50克三金半年便宜近2万元，今日国内金价878，银价13，现"}, {"author": "金油_孙大圣", "platform": "微博", "verification_type": "认证个人", "publish_time": "2026-07-14T21:26:43", "influence": 10.2, "repost_count": 0, "like_count": 34, "comment_count": 0, "title": "#美指一抬头，黄金就跌得明明白白[哈哈]！# CPI数据公布后金价拉高，没有切入"}, {"author": "金本聪在线", "platform": "微博", "verification_type": "头部认证个人", "publish_time": "2026-07-11T13:42:35", "influence": 8.4, "repost_count": 0, "like_count": 28, "comment_count": 0, "title": "#黄金[超话]#7.11下周金价怎么看？#黄金##金价##今日金价##期货##财"}, {"author": "新浪财经", "platform": "微博", "verification_type": "认证机构", "publish_time": "2026-07-14T08:22:50", "influence": 4.9, "repost_count": 4, "like_count": 3, "comment_count": 0, "title": "【#金价跌回4000美元之下#】#金价# 7月14日早盘，国际油价持续走高，截至"}], "platform_chain": {"nodes": [{"name": "新浪新闻", "count": 2, "first_seen": "2026-07-09T07:09:41"}, {"name": "微博", "count": 8, "first_seen": "2026-07-11T13:42:35"}, {"name": "知乎", "count": 1, "first_seen": "2026-07-12T00:08:40"}], "links": [{"source": "新浪新闻", "target": "微博", "value": 8}, {"source": "微博", "target": "知乎", "value": 1}]}}', '2026-07-15 12:30:32', '2026-07-15 12:30:32');
INSERT INTO event_keywords (event_id, word, weight, rank) VALUES (30, '金价', 1.0, 0);
INSERT INTO event_keywords (event_id, word, weight, rank) VALUES (30, '美元', 0.762, 1);
INSERT INTO event_keywords (event_id, word, weight, rank) VALUES (30, '数据', 0.358, 2);
INSERT INTO event_keywords (event_id, word, weight, rank) VALUES (30, 'ai', 0.349, 3);
INSERT INTO event_keywords (event_id, word, weight, rank) VALUES (30, '失守', 0.315, 4);
INSERT INTO event_keywords (event_id, word, weight, rank) VALUES (30, '黄金', 0.299, 5);
INSERT INTO event_keywords (event_id, word, weight, rank) VALUES (30, 'yeah', 0.279, 6);
INSERT INTO event_keywords (event_id, word, weight, rank) VALUES (30, '忽悠', 0.279, 7);
INSERT INTO event_platforms (event_id, platform_name, ratio, rank) VALUES (30, '微博', 0.727, 0);
INSERT INTO event_platforms (event_id, platform_name, ratio, rank) VALUES (30, '新浪新闻', 0.182, 1);
INSERT INTO event_platforms (event_id, platform_name, ratio, rank) VALUES (30, '知乎', 0.091, 2);
INSERT INTO event_trend_daily (event_id, date, count, is_predicted) VALUES (30, '2026-07-09', 1, 0);
INSERT INTO event_trend_daily (event_id, date, count, is_predicted) VALUES (30, '2026-07-10', 0, 0);
INSERT INTO event_trend_daily (event_id, date, count, is_predicted) VALUES (30, '2026-07-11', 1, 0);
INSERT INTO event_trend_daily (event_id, date, count, is_predicted) VALUES (30, '2026-07-12', 2, 0);
INSERT INTO event_trend_daily (event_id, date, count, is_predicted) VALUES (30, '2026-07-13', 0, 0);
INSERT INTO event_trend_daily (event_id, date, count, is_predicted) VALUES (30, '2026-07-14', 7, 0);
INSERT INTO event_trend_daily (event_id, date, count, is_predicted, predict_heat, predict_count) VALUES (30, '2026-07-15', 0, 1, 9.5, 9.5);
INSERT INTO event_trend_daily (event_id, date, count, is_predicted, predict_heat, predict_count) VALUES (30, '2026-07-16', 0, 1, 12.0, 12.0);
INSERT INTO event_trend_daily (event_id, date, count, is_predicted, predict_heat, predict_count) VALUES (30, '2026-07-17', 0, 1, 14.5, 14.5);

-- missile.json: 1/18 clusters (heat >= 5.0)
INSERT INTO events (event_id, title, heat, report_count, duplicate_count, time_start, time_end, event_time, risk_level, stage, confidence, prob_latent, prob_growth, prob_peak, prob_decline, analysis, positive, neutral, negative, sources, summary, location, cause, people, authenticity, propagation, created_at, updated_at) VALUES (31, '我国“三位一体”核力量再升级！', 11.974, 157, 116, '2026-07-06 12:23:20', '2026-07-14 21:06:38', '2026-07-07 12:00:00', 'mid', 'decline', 0.9, 0.0, 0.0, 0.1, 0.9, '当前事件报道数量持续下降，公众关注度减弱，处于衰退期。', 0.592, 0.314, 0.094, '["人民网", "微博", "新浪新闻", "澎湃新闻", "知乎"]', '外媒称日本等国对中方试射潜射战略导弹提“批评”，外交部：有关国家不要过度解读 7月6日外交部例行记者会上，有记者就中国试射潜射战略导弹提问，发言人毛宁表示，有关的发射活动始终保持安全规范和专业操作，希望有关国家不要过度解读。中国试射潜射导弹引北约日本同日反应 中方潜射导弹发射后，北约秘书长吕特公开叫嚣： 北约不能对中国抱有天真的幻想。2026年7月6日12时01分中国人民解放军海军一艘战略核潜艇向太平洋公海海域成功发射一枚携载训练模拟弹头的潜射战略洲际弹道导弹(可能是JL3亦可能是JL2) 全程预估飞行了7300-8000公里，并飞掠过日本（图中绘位置为7300公里） JL3巨浪3型潜射战略洲际弹道导弹采用三级固体火箭发动机， 其固体高能推进剂。', '中国、日本、太平洋', '不谈月饼话题。', '["陆基", "毛宁", "郭正亮", "吕特", "特朗普"]', '{"credibility_score": 0.465, "official_ratio": 0.325, "verified_ratio": 0.713, "plain_user_ratio": 0.287, "verification_dist": {"官方平台": 0.325, "普通用户": 0.287, "认证个人": 0.21, "认证机构": 0.108, "头部认证个人": 0.07}, "factors": ["high_duplicate_rate", "well_sourced"]}', '{"key_nodes": [{"role": "首次官方媒体介入", "author": "澎湃新闻", "platform": "澎湃新闻", "verification_type": "官方平台", "publish_time": "2026-07-06T13:01:00", "influence": 0.0, "title": "中国海军成功组织潜射战略导弹试射_国防聚焦_澎湃新闻-The Paper"}, {"role": "传播高峰", "author": "央视新闻", "platform": "微博", "verification_type": "官方平台", "publish_time": "2026-07-06T13:01:43", "influence": 1756.1, "title": "#潜射战略导弹试射#【#海军成功组织潜射战略导弹试射#】7月6日12时01分，中"}, {"role": "首次大V发声", "author": "北京日报", "platform": "微博", "verification_type": "认证机构", "publish_time": "2026-07-06T15:17:04", "influence": 1257.8, "title": "#中方试射导弹不针对任何特定国家# 【#中方回应潜射战略导弹试射#】#中方试射导"}, {"role": "初始爆料", "author": "达哥有点味", "platform": "知乎", "verification_type": "普通用户", "publish_time": "2026-07-06T17:37:08", "influence": 12.5, "title": "我军向太平洋成功发射一枚潜射战略导弹 - 知乎"}], "top_influencers": [{"author": "央视新闻", "platform": "微博", "verification_type": "官方平台", "publish_time": "2026-07-06T13:01:43", "influence": 1756.1, "repost_count": 674, "like_count": 3022, "comment_count": 351, "title": "#潜射战略导弹试射#【#海军成功组织潜射战略导弹试射#】7月6日12时01分，中"}, {"author": "央视新闻", "platform": "微博", "verification_type": "官方平台", "publish_time": "2026-07-06T18:09:47", "influence": 1646.1, "repost_count": 645, "like_count": 2782, "comment_count": 333, "title": "#导弹出水升空瞬间#【#潜射战略导弹试射现场画面#[威武]骄傲转发！】7月6日1"}, {"author": "央视新闻", "platform": "微博", "verification_type": "官方平台", "publish_time": "2026-07-06T18:47:43", "influence": 1555.2, "repost_count": 594, "like_count": 2684, "comment_count": 312, "title": "#导弹出水升空瞬间#【震撼现场！#潜射战略导弹试射如蛟龙出海#[威武]】7月6日"}, {"author": "北京日报", "platform": "微博", "verification_type": "认证机构", "publish_time": "2026-07-06T15:17:04", "influence": 1257.8, "repost_count": 184, "like_count": 3136, "comment_count": 266, "title": "#中方试射导弹不针对任何特定国家# 【#中方回应潜射战略导弹试射#】#中方试射导"}, {"author": "Jokielicious", "platform": "微博", "verification_type": "认证个人", "publish_time": "2026-07-06T14:38:41", "influence": 1189.9, "repost_count": 114, "like_count": 3213, "comment_count": 224, "title": "产经新闻报道了 #海外新鲜事# #中国海军成功组织潜射战略导弹试射##幽默牢日#"}], "platform_chain": {"nodes": [{"name": "微博", "count": 63, "first_seen": "2026-07-06T12:23:20"}, {"name": "澎湃新闻", "count": 9, "first_seen": "2026-07-06T13:01:00"}, {"name": "人民网", "count": 8, "first_seen": "2026-07-06T13:13:52"}, {"name": "知乎", "count": 46, "first_seen": "2026-07-06T17:37:08"}, {"name": "新浪新闻", "count": 30, "first_seen": "2026-07-07T09:04:03"}], "links": [{"source": "微博", "target": "澎湃新闻", "value": 9}, {"source": "澎湃新闻", "target": "人民网", "value": 8}, {"source": "人民网", "target": "知乎", "value": 46}, {"source": "知乎", "target": "新浪新闻", "value": 30}]}}', '2026-07-15 12:30:32', '2026-07-15 12:30:32');
INSERT INTO event_keywords (event_id, word, weight, rank) VALUES (31, '巨浪', 1.0, 0);
INSERT INTO event_keywords (event_id, word, weight, rank) VALUES (31, '中国', 0.892, 1);
INSERT INTO event_keywords (event_id, word, weight, rank) VALUES (31, '日本', 0.824, 2);
INSERT INTO event_keywords (event_id, word, weight, rank) VALUES (31, '导弹', 0.654, 3);
INSERT INTO event_keywords (event_id, word, weight, rank) VALUES (31, '发射', 0.55, 4);
INSERT INTO event_keywords (event_id, word, weight, rank) VALUES (31, '北约', 0.507, 5);
INSERT INTO event_keywords (event_id, word, weight, rank) VALUES (31, '战略', 0.473, 6);
INSERT INTO event_keywords (event_id, word, weight, rank) VALUES (31, '美国', 0.374, 7);
INSERT INTO event_platforms (event_id, platform_name, ratio, rank) VALUES (31, '微博', 0.401, 0);
INSERT INTO event_platforms (event_id, platform_name, ratio, rank) VALUES (31, '知乎', 0.299, 1);
INSERT INTO event_platforms (event_id, platform_name, ratio, rank) VALUES (31, '新浪新闻', 0.191, 2);
INSERT INTO event_platforms (event_id, platform_name, ratio, rank) VALUES (31, '澎湃新闻', 0.057, 3);
INSERT INTO event_platforms (event_id, platform_name, ratio, rank) VALUES (31, '人民网', 0.051, 4);
INSERT INTO event_trend_daily (event_id, date, count, is_predicted) VALUES (31, '2026-07-06', 31, 0);
INSERT INTO event_trend_daily (event_id, date, count, is_predicted) VALUES (31, '2026-07-07', 41, 0);
INSERT INTO event_trend_daily (event_id, date, count, is_predicted) VALUES (31, '2026-07-08', 22, 0);
INSERT INTO event_trend_daily (event_id, date, count, is_predicted) VALUES (31, '2026-07-09', 11, 0);
INSERT INTO event_trend_daily (event_id, date, count, is_predicted) VALUES (31, '2026-07-10', 16, 0);
INSERT INTO event_trend_daily (event_id, date, count, is_predicted) VALUES (31, '2026-07-11', 5, 0);
INSERT INTO event_trend_daily (event_id, date, count, is_predicted) VALUES (31, '2026-07-12', 13, 0);
INSERT INTO event_trend_daily (event_id, date, count, is_predicted) VALUES (31, '2026-07-13', 11, 0);
INSERT INTO event_trend_daily (event_id, date, count, is_predicted) VALUES (31, '2026-07-14', 6, 0);
INSERT INTO event_trend_daily (event_id, date, count, is_predicted, predict_heat, predict_count) VALUES (31, '2026-07-15', 0, 1, 2.5, 2.5);
INSERT INTO event_trend_daily (event_id, date, count, is_predicted, predict_heat, predict_count) VALUES (31, '2026-07-16', 0, 1, 0.0, 0.0);
INSERT INTO event_trend_daily (event_id, date, count, is_predicted, predict_heat, predict_count) VALUES (31, '2026-07-17', 0, 1, 0.0, 0.0);

-- cc_backdoor.json: 1/2 clusters (heat >= 5.0)
INSERT INTO events (event_id, title, heat, report_count, duplicate_count, time_start, time_end, event_time, risk_level, stage, confidence, prob_latent, prob_growth, prob_peak, prob_decline, analysis, positive, neutral, negative, sources, summary, location, cause, people, authenticity, propagation, created_at, updated_at) VALUES (32, '工信部提示Claude存安全后门隐患', 5.302, 85, 69, '2026-07-03 18:45:46', '2026-07-14 10:08:09', '2026-07-08 12:00:00', 'mid', 'decline', 0.9, 0.0, 0.0, 0.1, 0.9, '当前事件报道数量持续下降，公众关注度减弱，处于衰退期。', 0.618, 0.2, 0.182, '["微博", "新浪新闻", "澎湃新闻", "知乎"]', '三条企业级建议版本核查：立即排查 Claude Code 版本，2.1.91-2.1.196 区间必须卸载或升级至 2.1.197+网络管控：对核心业务网段内的 AI 开发工具启用外联白名单和流量审计，Agent 的出站连接不应该比你的 CI/CD 管道更自由工具准入：建立 AI 开发工具的白名单审批流程，非开源工具应进行代码审计——"闭源 Agent 访问全部代码库" 这个组合本身就是风险信号AI Agent 安全不是一个技术问题，而是一个信任基础设施重建的问题。行业发展趋势多家互联网、AI科创企业已启动内部工具安全自查，部分单位出台境外AI工具使用限制规范市场正在加速切换到本土方案，阿里通义编程、腾讯CodeBuddy、DeepSeek代码模型、讯飞代码助手等自主可控工具的需求出现上升核心研发、涉密项目、政企系统，对境外闭源AI代码工具的使用管控趋严，隔离代理和本地离线国产模型正在成为更受重视的安全规范监管趋势预判本次是工信部网络安全威胁平台首次专门针对海外AI编程工具发布专项风险提示，后续国内对境外AI工具的入网安全审查和数据出境管控可能进一步完善。六、实操安全建议【个人开发者】自查本地Claude Code版本，2.1.91–2.1.196版本立即卸载或升级至2.1.204及以上办公电脑内网环境禁用代理中转境外AI工具核心代码、涉密项目优先使用国产离线或本地AI编程工具【企业运维/安全负责人】全公司终端批量扫描Claude Code安装记录，统一清理高危版本研发网段防火墙限制境外AI工具外联通道，监控异常隐写类数据传输建立境外AI开发工具准入审查制度，涉密研发场景禁止使用闭源海外AI工具定期开展开发工具安全审计，留存外联流量日志便于溯源本次Claude Code监控事件为全行业敲响了工具安全警钟。', '美国、中国、北京', '几个月前，工信部进行风险提示，你们都不当回事，现在阿里说了你们才相信。', '["阿里", "阿里巴巴"]', '{"credibility_score": 0.364, "official_ratio": 0.212, "verified_ratio": 0.565, "plain_user_ratio": 0.435, "verification_dist": {"普通用户": 0.435, "官方平台": 0.212, "认证个人": 0.176, "认证机构": 0.094, "头部认证个人": 0.082}, "factors": ["high_duplicate_rate", "well_sourced"]}', '{"key_nodes": [{"role": "初始爆料", "author": "atoncrescent", "platform": "知乎", "verification_type": "普通用户", "publish_time": "2026-07-03T18:45:46", "influence": 1.8, "title": "几个月前，工信部进行风险提示，你们都不当回事，现在阿里说了你们才相信。"}, {"role": "首次官方媒体介入", "author": "奇闻风向标", "platform": "新浪新闻", "verification_type": "官方平台", "publish_time": "2026-07-08T11:53:59", "influence": 0.0, "title": "阿里全员卸载Claude，周鸿祎称大量中国用户被封号"}, {"role": "首次大V发声", "author": "短的发布会", "platform": "微博", "verification_type": "头部认证个人", "publish_time": "2026-07-08T12:36:30", "influence": 40.3, "title": "#阿里 全员卸载Claude# 工信部发布针对Claude Code的风险提示，"}, {"role": "传播高峰", "author": "梁赛", "platform": "微博", "verification_type": "认证个人", "publish_time": "2026-07-08T13:56:37", "influence": 249.3, "title": "工信部发布关于防范AI编程工具Claude Code安全后门隐患的风险提示"}], "top_influencers": [{"author": "梁赛", "platform": "微博", "verification_type": "认证个人", "publish_time": "2026-07-08T13:56:37", "influence": 249.3, "repost_count": 77, "like_count": 536, "comment_count": 23, "title": "工信部发布关于防范AI编程工具Claude Code安全后门隐患的风险提示"}, {"author": "央视新闻", "platform": "微博", "verification_type": "官方平台", "publish_time": "2026-07-10T08:59:00", "influence": 222.1, "repost_count": 74, "like_count": 347, "comment_count": 88, "title": "#ClaudeCode安全风险提示#【#ClaudeCode回传中国用户信息#】"}, {"author": "手握科技", "platform": "微博", "verification_type": "认证个人", "publish_time": "2026-07-08T11:05:32", "influence": 154.6, "repost_count": 30, "like_count": 357, "comment_count": 35, "title": "#阿里 全员卸载Claude#今天工信部发布了公告，提醒Claude存在后门隐患"}, {"author": "红星资本局", "platform": "微博", "verification_type": "认证机构", "publish_time": "2026-07-08T14:03:37", "influence": 144.1, "repost_count": 50, "like_count": 242, "comment_count": 43, "title": "#工信部提示ClaudeCode风险#【#工信部发布风险提示#：AI编程工具Cl"}, {"author": "环球时报", "platform": "微博", "verification_type": "认证机构", "publish_time": "2026-07-10T07:08:25", "influence": 86.2, "repost_count": 52, "like_count": 104, "comment_count": 6, "title": "#警惕潜伏在AI时代的特洛伊木马#【#环球时报社评#：警惕潜伏在AI时代的“特洛"}], "platform_chain": {"nodes": [{"name": "知乎", "count": 36, "first_seen": "2026-07-03T18:45:46"}, {"name": "微博", "count": 32, "first_seen": "2026-07-08T11:05:32"}, {"name": "新浪新闻", "count": 15, "first_seen": "2026-07-08T11:53:59"}, {"name": "澎湃新闻", "count": 2, "first_seen": "2026-07-08T14:03:00"}], "links": [{"source": "知乎", "target": "微博", "value": 32}, {"source": "微博", "target": "新浪新闻", "value": 15}, {"source": "新浪新闻", "target": "澎湃新闻", "value": 2}]}}', '2026-07-15 12:30:32', '2026-07-15 12:30:32');
INSERT INTO event_keywords (event_id, word, weight, rank) VALUES (32, 'AI', 1.0, 0);
INSERT INTO event_keywords (event_id, word, weight, rank) VALUES (32, '工具', 0.745, 1);
INSERT INTO event_keywords (event_id, word, weight, rank) VALUES (32, 'Claude', 0.637, 2);
INSERT INTO event_keywords (event_id, word, weight, rank) VALUES (32, '企业', 0.573, 3);
INSERT INTO event_keywords (event_id, word, weight, rank) VALUES (32, '代码', 0.541, 4);
INSERT INTO event_keywords (event_id, word, weight, rank) VALUES (32, '安全', 0.516, 5);
INSERT INTO event_keywords (event_id, word, weight, rank) VALUES (32, '模型', 0.507, 6);
INSERT INTO event_keywords (event_id, word, weight, rank) VALUES (32, 'Code', 0.35, 7);
INSERT INTO event_platforms (event_id, platform_name, ratio, rank) VALUES (32, '知乎', 0.424, 0);
INSERT INTO event_platforms (event_id, platform_name, ratio, rank) VALUES (32, '微博', 0.376, 1);
INSERT INTO event_platforms (event_id, platform_name, ratio, rank) VALUES (32, '新浪新闻', 0.176, 2);
INSERT INTO event_platforms (event_id, platform_name, ratio, rank) VALUES (32, '澎湃新闻', 0.024, 3);
INSERT INTO event_trend_daily (event_id, date, count, is_predicted) VALUES (32, '2026-07-03', 1, 0);
INSERT INTO event_trend_daily (event_id, date, count, is_predicted) VALUES (32, '2026-07-04', 0, 0);
INSERT INTO event_trend_daily (event_id, date, count, is_predicted) VALUES (32, '2026-07-05', 0, 0);
INSERT INTO event_trend_daily (event_id, date, count, is_predicted) VALUES (32, '2026-07-06', 0, 0);
INSERT INTO event_trend_daily (event_id, date, count, is_predicted) VALUES (32, '2026-07-07', 0, 0);
INSERT INTO event_trend_daily (event_id, date, count, is_predicted) VALUES (32, '2026-07-08', 32, 0);
INSERT INTO event_trend_daily (event_id, date, count, is_predicted) VALUES (32, '2026-07-09', 17, 0);
INSERT INTO event_trend_daily (event_id, date, count, is_predicted) VALUES (32, '2026-07-10', 18, 0);
INSERT INTO event_trend_daily (event_id, date, count, is_predicted) VALUES (32, '2026-07-11', 5, 0);
INSERT INTO event_trend_daily (event_id, date, count, is_predicted) VALUES (32, '2026-07-12', 5, 0);
INSERT INTO event_trend_daily (event_id, date, count, is_predicted) VALUES (32, '2026-07-13', 6, 0);
INSERT INTO event_trend_daily (event_id, date, count, is_predicted) VALUES (32, '2026-07-14', 1, 0);
INSERT INTO event_trend_daily (event_id, date, count, is_predicted, predict_heat, predict_count) VALUES (32, '2026-07-15', 0, 1, 0.0, 0.0);
INSERT INTO event_trend_daily (event_id, date, count, is_predicted, predict_heat, predict_count) VALUES (32, '2026-07-16', 0, 1, 0.0, 0.0);
INSERT INTO event_trend_daily (event_id, date, count, is_predicted, predict_heat, predict_count) VALUES (32, '2026-07-17', 0, 1, 0.0, 0.0);
