-- Trendsight seed data — generated by scripts/export_to_sql.py
-- Generated at: 2026-07-13T19:10:32.617487
SET NAMES utf8mb4;

-- worldcup.json: 11/25 clusters (heat >= 2.0)
INSERT INTO events (event_id, title, heat, report_count, duplicate_count, time_start, time_end, event_time, risk_level, stage, confidence, prob_latent, prob_growth, prob_peak, prob_decline, analysis, positive, neutral, negative, sources, summary, location, cause, people, authenticity, propagation, created_at, updated_at) VALUES (1, '阿根廷又下一球，阿根廷3：1瑞士', 19.083, 34, 0, '2026-07-12 09:40:56', '2026-07-12 22:36:27', '2026-07-12 12:00:00', 'mid_high', 'decline', 0.8, 0.0, 0.0, 0.2, 0.8, '当前事件报道数量持续下降，公众关注度减弱，处于衰退期。', 0.649, 0.216, 0.135, '["微博", "新浪新闻", "知乎"]', '图片来源于网络 本以为瑞士会死守，没想到开场主动压着阿根廷打，好几次反击看着都要破门。图片来源于网络 中场休息过后阿根廷打法偏保守，收缩防线减少前场逼抢，给了瑞士充足的中场控球空间。图片来源于网络 加时赛阿根廷多打一人持续压上进攻，瑞士全员收缩死守。', '瑞士、美加墨、埃及', '阿根廷踢球太脏了啊，假摔很厉害。', '["梅西", "阿尔瓦雷", "帕雷德", "卡利斯", "恩多耶"]', '{"credibility_score": 0.447, "official_ratio": 0.235, "verified_ratio": 0.765, "plain_user_ratio": 0.235, "verification_dist": {"认证个人": 0.382, "官方平台": 0.235, "普通用户": 0.235, "头部认证个人": 0.147}, "factors": ["well_sourced"]}', '{"key_nodes": [{"role": "首次大V发声", "author": "李平康_", "platform": "微博", "verification_type": "头部认证个人", "publish_time": "2026-07-12T11:32:24", "influence": 6.6, "title": "#瑞士 脏# 上一场热搜是阿根廷脏，现在又说瑞士脏，咱们这都玩闹呢？都是很正常的"}, {"role": "首次官方媒体介入", "author": "万里桐花开", "platform": "新浪新闻", "verification_type": "官方平台", "publish_time": "2026-07-12T11:44:45", "influence": 0.0, "title": "阿根廷又下一球，阿根廷3：1瑞士"}, {"role": "初始爆料", "author": "PASSION啊1", "platform": "微博", "verification_type": "普通用户", "publish_time": "2026-07-12T12:41:41", "influence": 22.7, "title": "#瑞士 脏# 这场找不出黑梅西黑阿根廷的点了，就说瑞士假摔球员是内鬼，被买通了，"}, {"role": "传播高峰", "author": "2中1", "platform": "微博", "verification_type": "头部认证个人", "publish_time": "2026-07-12T13:06:25.999999", "influence": 445.5, "title": "恩博洛吃第二张黄牌有点冤，这次身体对抗很轻微，他只是没站稳倒地，没想骗犯规。 主"}], "top_influencers": [{"author": "2中1", "platform": "微博", "verification_type": "头部认证个人", "publish_time": "2026-07-12T13:06:25.999999", "influence": 445.5, "repost_count": 8, "like_count": 1005, "comment_count": 272, "title": "恩博洛吃第二张黄牌有点冤，这次身体对抗很轻微，他只是没站稳倒地，没想骗犯规。 主"}, {"author": "DeMess1Cafe", "platform": "微博", "verification_type": "认证个人", "publish_time": "2026-07-12T16:00:40", "influence": 395.4, "repost_count": 22, "like_count": 1193, "comment_count": 31, "title": "阿根廷vs瑞士，赛后瑞士球员曼赞比拿到了梅西的球衣还答应给记者炫耀了😎 #阿根廷"}, {"author": "牛师傅Goat", "platform": "微博", "verification_type": "认证个人", "publish_time": "2026-07-12T12:32:48", "influence": 183.1, "repost_count": 4, "like_count": 417, "comment_count": 108, "title": "#世界杯[超话]# 两三句话就能解释的为啥要解释四百多条？ 是不是有人在急？ 是"}, {"author": "山人I", "platform": "微博", "verification_type": "认证个人", "publish_time": "2026-07-12T09:40:56", "influence": 151.8, "repost_count": 1, "like_count": 376, "comment_count": 76, "title": "阿根廷踢球太脏了啊，假摔很厉害。"}, {"author": "IT互联网那点事", "platform": "微博", "verification_type": "认证个人", "publish_time": "2026-07-12T11:45:24", "influence": 80.6, "repost_count": 21, "like_count": 157, "comment_count": 25, "title": "#阿根廷3比1瑞士#阿根廷晋级4强。阿根廷第二球进的太轻松惬意了，阿尔瓦雷斯方圆"}], "platform_chain": {"nodes": [{"name": "微博", "count": 25, "first_seen": "2026-07-12T09:40:56"}, {"name": "新浪新闻", "count": 8, "first_seen": "2026-07-12T11:44:45"}, {"name": "知乎", "count": 1, "first_seen": "2026-07-12T18:14:06"}], "links": [{"source": "微博", "target": "新浪新闻", "value": 8}, {"source": "新浪新闻", "target": "知乎", "value": 1}]}}', '2026-07-13 19:10:32', '2026-07-13 19:10:32');
INSERT INTO event_keywords (event_id, word, weight, rank) VALUES (1, '阿根廷', 1.0, 0);
INSERT INTO event_keywords (event_id, word, weight, rank) VALUES (1, '瑞士', 0.91, 1);
INSERT INTO event_keywords (event_id, word, weight, rank) VALUES (1, '黄牌', 0.709, 2);
INSERT INTO event_keywords (event_id, word, weight, rank) VALUES (1, '恩博洛', 0.605, 3);
INSERT INTO event_keywords (event_id, word, weight, rank) VALUES (1, '图片', 0.495, 4);
INSERT INTO event_keywords (event_id, word, weight, rank) VALUES (1, '来源于', 0.495, 5);
INSERT INTO event_keywords (event_id, word, weight, rank) VALUES (1, '网络', 0.443, 6);
INSERT INTO event_keywords (event_id, word, weight, rank) VALUES (1, '赛后', 0.406, 7);
INSERT INTO event_platforms (event_id, platform_name, ratio, rank) VALUES (1, '微博', 0.735, 0);
INSERT INTO event_platforms (event_id, platform_name, ratio, rank) VALUES (1, '新浪新闻', 0.235, 1);
INSERT INTO event_platforms (event_id, platform_name, ratio, rank) VALUES (1, '知乎', 0.029, 2);
INSERT INTO event_trend_daily (event_id, date, count, is_predicted) VALUES (1, '2026-07-12', 34, 0);
INSERT INTO event_trend_daily (event_id, date, count, is_predicted, predict_heat, predict_count) VALUES (1, '2026-07-13', 0, 1, 34.0, 34.0);
INSERT INTO event_trend_daily (event_id, date, count, is_predicted, predict_heat, predict_count) VALUES (1, '2026-07-14', 0, 1, 34.0, 34.0);
INSERT INTO event_trend_daily (event_id, date, count, is_predicted, predict_heat, predict_count) VALUES (1, '2026-07-15', 0, 1, 34.0, 34.0);

INSERT INTO events (event_id, title, heat, report_count, duplicate_count, time_start, time_end, event_time, risk_level, stage, confidence, prob_latent, prob_growth, prob_peak, prob_decline, analysis, positive, neutral, negative, sources, summary, location, cause, people, authenticity, propagation, created_at, updated_at) VALUES (2, '两球落后上演绝地大逆转！阿根廷击败埃及晋级世界杯八强_运动家_澎湃新闻-The Paper', 14.359, 65, 0, '2026-06-22 15:55:41', '2026-07-12 15:29:35', '2026-07-12 12:00:00', 'mid_high', 'growth', 0.9, 0.05, 0.9, 0.05, 0.0, '当前事件报道数量持续增加，公众关注度快速提升，处于成长期。', 0.409, 0.409, 0.182, '["人民网", "微博", "新浪新闻", "澎湃新闻", "知乎"]', '第19分钟，塔利亚菲科在禁区内被绊倒，阿根廷队获得点球机会，然而梅西主罚的点球被埃及门将舒贝尔扑出，阿根廷队错失扳平比分的良机。八分之一决赛面对另一支非洲球队埃及，阿根廷队更是一度被逼到悬崖边，在两球落后的情况下，依靠比赛最后十几分钟里的连入三球才完成大逆转晋级，梅西也忍不住在赛后激动落泪。新华社美国亚特兰大7月7日电（记者王恒志 董意行）在0:2落后的绝境中，在梅西上半场罚丢点球的情况下，卫冕冠军阿根廷队在比赛最后阶段的13分钟内连入三球，神奇逆转埃及队，晋级美加墨世界杯八强。', '埃及、瑞士、美加墨', '混合团体世界杯：国乒轻取埃及队收获两连胜--文旅·体育--人民网。', '["斯卡", "洛尼", "萨拉", "阿尔瓦雷", "迈阿密"]', '{"credibility_score": 0.595, "official_ratio": 0.508, "verified_ratio": 0.646, "plain_user_ratio": 0.354, "verification_dist": {"官方平台": 0.508, "普通用户": 0.354, "认证个人": 0.108, "认证机构": 0.015, "头部认证个人": 0.015}, "factors": ["well_sourced"]}', '{"key_nodes": [{"role": "首次官方媒体介入", "author": "人民网", "platform": "人民网", "verification_type": "官方平台", "publish_time": "2026-06-22T15:55:41", "influence": 0.0, "title": "世界杯播报丨姆巴佩将迎国家队里程碑 梅西能否创造新历史--文旅·体育--人民网"}, {"role": "首次大V发声", "author": "参考消息", "platform": "微博", "verification_type": "认证机构", "publish_time": "2026-06-28T12:49:57", "influence": 2662.9, "title": "【外媒：#伊朗队队长怒斥国际足联#】据西班牙《先锋报》网站6月27日报道，在美加"}, {"role": "传播高峰", "author": "新华社", "platform": "微博", "verification_type": "官方平台", "publish_time": "2026-07-08T02:12:57", "influence": 3165.3, "title": "#阿根廷队让二追三#【梅西传射创纪录 阿根廷绝地逆转埃及进世界杯八强】#阿根廷绝"}, {"role": "初始爆料", "author": "丁小东", "platform": "知乎", "verification_type": "普通用户", "publish_time": "2026-07-08T10:19:38", "influence": 0.6, "title": "上半场埃及队压着阿根廷打。开场第14分钟，埃及队头数破门。埃及队1：0领先阿根廷"}], "top_influencers": [{"author": "新华社", "platform": "微博", "verification_type": "官方平台", "publish_time": "2026-07-08T02:12:57", "influence": 3165.3, "repost_count": 618, "like_count": 7986, "comment_count": 303, "title": "#阿根廷队让二追三#【梅西传射创纪录 阿根廷绝地逆转埃及进世界杯八强】#阿根廷绝"}, {"author": "参考消息", "platform": "微博", "verification_type": "认证机构", "publish_time": "2026-06-28T12:49:57", "influence": 2662.9, "repost_count": 297, "like_count": 6548, "comment_count": 803, "title": "【外媒：#伊朗队队长怒斥国际足联#】据西班牙《先锋报》网站6月27日报道，在美加"}, {"author": "DeMess1Cafe", "platform": "微博", "verification_type": "认证个人", "publish_time": "2026-07-12T12:14:19", "influence": 2076.3, "repost_count": 532, "like_count": 4691, "comment_count": 274, "title": "斯卡赛后情绪有点崩 我都不忍心了，都不容易[捂嘴哭] ——记者：“在阿根廷的时候"}, {"author": "Super Mario", "platform": "知乎", "verification_type": "认证个人", "publish_time": "2026-07-10T19:23:50", "influence": 259.3, "repost_count": 0, "like_count": 586, "comment_count": 167, "title": "我做为一个梅西的球迷，看完对佛得角和埃及的比赛，已经对阿根廷夺冠不抱有任何希望。"}, {"author": "文123", "platform": "知乎", "verification_type": "普通用户", "publish_time": "2026-07-08T16:49:59", "influence": 226.3, "repost_count": 0, "like_count": 446, "comment_count": 185, "title": "埃及前面70分钟踢的挺好，最后输了大家也会夸他踢得好，就像佛得角。虽败犹荣，下届"}], "platform_chain": {"nodes": [{"name": "人民网", "count": 7, "first_seen": "2026-06-22T15:55:41"}, {"name": "微博", "count": 7, "first_seen": "2026-06-28T12:49:57"}, {"name": "澎湃新闻", "count": 10, "first_seen": "2026-07-08T02:05:00"}, {"name": "知乎", "count": 27, "first_seen": "2026-07-08T10:19:38"}, {"name": "新浪新闻", "count": 13, "first_seen": "2026-07-10T17:17:49.000001"}], "links": [{"source": "人民网", "target": "微博", "value": 7}, {"source": "微博", "target": "澎湃新闻", "value": 10}, {"source": "澎湃新闻", "target": "知乎", "value": 27}, {"source": "知乎", "target": "新浪新闻", "value": 13}]}}', '2026-07-13 19:10:32', '2026-07-13 19:10:32');
INSERT INTO event_keywords (event_id, word, weight, rank) VALUES (2, '阿根廷', 1.0, 0);
INSERT INTO event_keywords (event_id, word, weight, rank) VALUES (2, '阿根廷队', 0.819, 1);
INSERT INTO event_keywords (event_id, word, weight, rank) VALUES (2, '瑞士', 0.809, 2);
INSERT INTO event_keywords (event_id, word, weight, rank) VALUES (2, '埃及', 0.77, 3);
INSERT INTO event_keywords (event_id, word, weight, rank) VALUES (2, '比赛', 0.428, 4);
INSERT INTO event_keywords (event_id, word, weight, rank) VALUES (2, '点球', 0.424, 5);
INSERT INTO event_keywords (event_id, word, weight, rank) VALUES (2, '分钟', 0.417, 6);
INSERT INTO event_keywords (event_id, word, weight, rank) VALUES (2, '英格兰', 0.371, 7);
INSERT INTO event_platforms (event_id, platform_name, ratio, rank) VALUES (2, '知乎', 0.415, 0);
INSERT INTO event_platforms (event_id, platform_name, ratio, rank) VALUES (2, '新浪新闻', 0.2, 1);
INSERT INTO event_platforms (event_id, platform_name, ratio, rank) VALUES (2, '澎湃新闻', 0.154, 2);
INSERT INTO event_platforms (event_id, platform_name, ratio, rank) VALUES (2, '人民网', 0.123, 3);
INSERT INTO event_platforms (event_id, platform_name, ratio, rank) VALUES (2, '微博', 0.108, 4);
INSERT INTO event_trend_daily (event_id, date, count, is_predicted) VALUES (2, '2026-06-22', 1, 0);
INSERT INTO event_trend_daily (event_id, date, count, is_predicted) VALUES (2, '2026-06-23', 1, 0);
INSERT INTO event_trend_daily (event_id, date, count, is_predicted) VALUES (2, '2026-06-24', 0, 0);
INSERT INTO event_trend_daily (event_id, date, count, is_predicted) VALUES (2, '2026-06-25', 0, 0);
INSERT INTO event_trend_daily (event_id, date, count, is_predicted) VALUES (2, '2026-06-26', 0, 0);
INSERT INTO event_trend_daily (event_id, date, count, is_predicted) VALUES (2, '2026-06-27', 1, 0);
INSERT INTO event_trend_daily (event_id, date, count, is_predicted) VALUES (2, '2026-06-28', 1, 0);
INSERT INTO event_trend_daily (event_id, date, count, is_predicted) VALUES (2, '2026-06-29', 0, 0);
INSERT INTO event_trend_daily (event_id, date, count, is_predicted) VALUES (2, '2026-06-30', 0, 0);
INSERT INTO event_trend_daily (event_id, date, count, is_predicted) VALUES (2, '2026-07-01', 0, 0);
INSERT INTO event_trend_daily (event_id, date, count, is_predicted) VALUES (2, '2026-07-02', 0, 0);
INSERT INTO event_trend_daily (event_id, date, count, is_predicted) VALUES (2, '2026-07-03', 0, 0);
INSERT INTO event_trend_daily (event_id, date, count, is_predicted) VALUES (2, '2026-07-04', 1, 0);
INSERT INTO event_trend_daily (event_id, date, count, is_predicted) VALUES (2, '2026-07-05', 0, 0);
INSERT INTO event_trend_daily (event_id, date, count, is_predicted) VALUES (2, '2026-07-06', 0, 0);
INSERT INTO event_trend_daily (event_id, date, count, is_predicted) VALUES (2, '2026-07-07', 0, 0);
INSERT INTO event_trend_daily (event_id, date, count, is_predicted) VALUES (2, '2026-07-08', 16, 0);
INSERT INTO event_trend_daily (event_id, date, count, is_predicted) VALUES (2, '2026-07-09', 4, 0);
INSERT INTO event_trend_daily (event_id, date, count, is_predicted) VALUES (2, '2026-07-10', 8, 0);
INSERT INTO event_trend_daily (event_id, date, count, is_predicted) VALUES (2, '2026-07-11', 14, 0);
INSERT INTO event_trend_daily (event_id, date, count, is_predicted) VALUES (2, '2026-07-12', 17, 0);
INSERT INTO event_trend_daily (event_id, date, count, is_predicted, predict_heat, predict_count) VALUES (2, '2026-07-13', 0, 1, 21.5, 21.5);
INSERT INTO event_trend_daily (event_id, date, count, is_predicted, predict_heat, predict_count) VALUES (2, '2026-07-14', 0, 1, 26.0, 26.0);
INSERT INTO event_trend_daily (event_id, date, count, is_predicted, predict_heat, predict_count) VALUES (2, '2026-07-15', 0, 1, 30.5, 30.5);

INSERT INTO events (event_id, title, heat, report_count, duplicate_count, time_start, time_end, event_time, risk_level, stage, confidence, prob_latent, prob_growth, prob_peak, prob_decline, analysis, positive, neutral, negative, sources, summary, location, cause, people, authenticity, propagation, created_at, updated_at) VALUES (3, '阿根廷加时赛淘汰瑞士进四强！“甲亢哥”穿阿根廷球衣拖球队下水的想法没得逞', 11.651, 20, 0, '2026-07-12 09:14:35', '2026-07-12 22:39:12', '2026-07-12 12:00:00', 'mid', 'decline', 0.8, 0.0, 0.0, 0.2, 0.8, '当前事件报道数量持续下降，公众关注度减弱，处于衰退期。', 0.778, 0.111, 0.111, '["微博", "新浪新闻", "知乎"]', '梅西助攻，独享世界杯助攻王+射手王 成世界杯史上首位“两双”球员 本次比赛开始仅10分钟，梅西开出角球助攻麦卡利斯特头球破门，为阿根廷队首开纪录。“甲亢哥”穿阿根廷球衣现身 但未能将阿根廷队“拖下水” 今天这场比赛还有一个有趣的插曲——拥有上亿粉丝的美国知名主播IShowSpeed（中国网友习惯称其为“甲亢哥”）穿着阿根廷球衣现身堪萨斯城体育场的包厢。本届世界杯，中国品牌出现了扎堆赞助阿根廷队的局面，完整赞助商名单包括TCL、滴滴、库迪咖啡、伊利、盼盼食品、慕思、度小满、蚂蚁国际、国窖 1573、娃哈哈、奕境汽车、神州租车、双鹿电池、《奔奔王国》手游、聚星动力梅西个人的2026 世界杯专属代言包括阿迪达斯、百事、百威等。', '瑞士、美加墨、英格兰', '阿根廷是8强里身高最矮、体重最轻的球队 但靠着梅西的平快助攻，一切皆有可能 吸取上场埃。', '["梅罗", "阿尔瓦雷", "劳塔罗", "卡利斯", "恩多耶小"]', '{"credibility_score": 0.535, "official_ratio": 0.35, "verified_ratio": 0.7, "plain_user_ratio": 0.3, "verification_dist": {"官方平台": 0.35, "普通用户": 0.3, "头部认证个人": 0.25, "认证个人": 0.1}, "factors": ["well_sourced"]}', '{"key_nodes": [{"role": "首次大V发声", "author": "梁祥宇", "platform": "微博", "verification_type": "头部认证个人", "publish_time": "2026-07-12T09:14:35", "influence": 38.9, "title": "麦卡进头球！ 阿根廷是8强里身高最矮、体重最轻的球队 但靠着梅西的平快助攻，一切"}, {"role": "初始爆料", "author": "雷速体育", "platform": "知乎", "verification_type": "普通用户", "publish_time": "2026-07-12T10:02:06", "influence": 0.8, "title": "梅西世界杯助攻数上双，20年间10次助攻不同队友破门得分 - 知乎"}, {"role": "传播高峰", "author": "孙大诚", "platform": "微博", "verification_type": "认证个人", "publish_time": "2026-07-12T11:57:10", "influence": 108.0, "title": "#阿根廷3比1瑞士#上半场第10分钟梅西角球助攻麦卡利斯特头球破门。 下半场恩多"}, {"role": "首次官方媒体介入", "author": "成都商报", "platform": "新浪新闻", "verification_type": "官方平台", "publish_time": "2026-07-12T12:28:00", "influence": 0.0, "title": "阿根廷加时赛淘汰瑞士进四强！“甲亢哥”穿阿根廷球衣拖球队下水的想法没得逞"}], "top_influencers": [{"author": "孙大诚", "platform": "微博", "verification_type": "认证个人", "publish_time": "2026-07-12T11:57:10", "influence": 108.0, "repost_count": 6, "like_count": 290, "comment_count": 30, "title": "#阿根廷3比1瑞士#上半场第10分钟梅西角球助攻麦卡利斯特头球破门。 下半场恩多"}, {"author": "林中落夕Y", "platform": "微博", "verification_type": "头部认证个人", "publish_time": "2026-07-12T11:52:39", "influence": 86.7, "repost_count": 9, "like_count": 194, "comment_count": 39, "title": "这样的结果开赛前真没想到，以39岁球员为核心的球队居然也能进四强了，满分（后面不"}, {"author": "梁祥宇", "platform": "微博", "verification_type": "头部认证个人", "publish_time": "2026-07-12T09:14:35", "influence": 38.9, "repost_count": 2, "like_count": 113, "comment_count": 6, "title": "麦卡进头球！ 阿根廷是8强里身高最矮、体重最轻的球队 但靠着梅西的平快助攻，一切"}, {"author": "蝈蝈梦伴着花香飞翔", "platform": "微博", "verification_type": "头部认证个人", "publish_time": "2026-07-12T22:02:25", "influence": 27.8, "repost_count": 0, "like_count": 61, "comment_count": 19, "title": "阿根廷力克瑞士闯入世界杯四强，全队与球迷围圈蹦跳，齐声喊出传承数十年的助威口号。"}, {"author": "我懂个球儿", "platform": "微博", "verification_type": "头部认证个人", "publish_time": "2026-07-12T20:43:21", "influence": 3.9, "repost_count": 0, "like_count": 13, "comment_count": 0, "title": "2026足坛盛事含金量拉满：四强集结夯实实力证明，梅罗落差戳穿双骄假象 2026"}], "platform_chain": {"nodes": [{"name": "微博", "count": 9, "first_seen": "2026-07-12T09:14:35"}, {"name": "知乎", "count": 4, "first_seen": "2026-07-12T10:02:06"}, {"name": "新浪新闻", "count": 7, "first_seen": "2026-07-12T12:28:00"}], "links": [{"source": "微博", "target": "知乎", "value": 4}, {"source": "知乎", "target": "新浪新闻", "value": 7}]}}', '2026-07-13 19:10:32', '2026-07-13 19:10:32');
INSERT INTO event_keywords (event_id, word, weight, rank) VALUES (3, '世界杯', 1.0, 0);
INSERT INTO event_keywords (event_id, word, weight, rank) VALUES (3, '阿根廷', 0.533, 1);
INSERT INTO event_keywords (event_id, word, weight, rank) VALUES (3, '梅西', 0.524, 2);
INSERT INTO event_keywords (event_id, word, weight, rank) VALUES (3, '甲亢', 0.4, 3);
INSERT INTO event_keywords (event_id, word, weight, rank) VALUES (3, '助攻', 0.361, 4);
INSERT INTO event_keywords (event_id, word, weight, rank) VALUES (3, '球衣', 0.32, 5);
INSERT INTO event_keywords (event_id, word, weight, rank) VALUES (3, '阿根廷队', 0.296, 6);
INSERT INTO event_keywords (event_id, word, weight, rank) VALUES (3, '品牌', 0.267, 7);
INSERT INTO event_platforms (event_id, platform_name, ratio, rank) VALUES (3, '微博', 0.45, 0);
INSERT INTO event_platforms (event_id, platform_name, ratio, rank) VALUES (3, '新浪新闻', 0.35, 1);
INSERT INTO event_platforms (event_id, platform_name, ratio, rank) VALUES (3, '知乎', 0.2, 2);
INSERT INTO event_trend_daily (event_id, date, count, is_predicted) VALUES (3, '2026-07-12', 20, 0);
INSERT INTO event_trend_daily (event_id, date, count, is_predicted, predict_heat, predict_count) VALUES (3, '2026-07-13', 0, 1, 20.0, 20.0);
INSERT INTO event_trend_daily (event_id, date, count, is_predicted, predict_heat, predict_count) VALUES (3, '2026-07-14', 0, 1, 20.0, 20.0);
INSERT INTO event_trend_daily (event_id, date, count, is_predicted, predict_heat, predict_count) VALUES (3, '2026-07-15', 0, 1, 20.0, 20.0);

INSERT INTO events (event_id, title, heat, report_count, duplicate_count, time_start, time_end, event_time, risk_level, stage, confidence, prob_latent, prob_growth, prob_peak, prob_decline, analysis, positive, neutral, negative, sources, summary, location, cause, people, authenticity, propagation, created_at, updated_at) VALUES (4, '头条世界杯｜连场双响！贝林厄姆就是真正的大英救星_运动家_澎湃新闻-The Paper', 10.235, 20, 0, '2026-07-10 14:50:52', '2026-07-12 22:00:40', '2026-07-12 12:00:00', 'mid', 'decline', 0.9, 0.0, 0.0, 0.1, 0.9, '当前事件报道数量持续下降，公众关注度减弱，处于衰退期。', 0.812, 0.188, 0.0, '["微博", "新浪新闻", "澎湃新闻", "知乎"]', '至此，贝林厄姆在本届世界杯6场比赛打进6球，进球数追平凯恩，仅次于8球的梅西和姆巴佩，以及7球的哈兰德。7月11日在迈阿密体育场进行的一场美加墨世界杯四分之一决赛中，英格兰凭借中场核心贝林厄姆的两粒进球以2:1逆转击败挪威队，时隔8年再次晋级世界杯四强。发布时间：2026-07-12 16:21:33 来源：央视频 简介： 【#傅明详解英挪大战进球争议#】挪威VS英格兰1/4决赛，贝林厄姆扳平进球，挪威队认为皮球撞到飞猫线缆改变走向，全队强烈抗议。', '英格兰、挪威、法国', '很难，地狱难度，相比上届，这届只剩下团结和意志了。', '["贝林厄姆", "凯恩", "迈阿密", "贝格"]', '{"credibility_score": 0.575, "official_ratio": 0.45, "verified_ratio": 0.7, "plain_user_ratio": 0.3, "verification_dist": {"官方平台": 0.45, "普通用户": 0.3, "认证个人": 0.15, "头部认证个人": 0.1}, "factors": ["well_sourced"]}', '{"key_nodes": [{"role": "初始爆料", "author": "Cooper", "platform": "知乎", "verification_type": "普通用户", "publish_time": "2026-07-10T14:50:52", "influence": 1.0, "title": "很难，地狱难度，相比上届，这届只剩下团结和意志了。缺少体力，缺少边锋爆破，后防无"}, {"role": "传播高峰", "author": "王玮晨", "platform": "微博", "verification_type": "认证个人", "publish_time": "2026-07-12T08:12:18", "influence": 1291.3, "title": "这场赛后可能还有争议。 贝林厄姆打入的那粒扳平进球，挪威守门员开大脚，球先击中了"}, {"role": "首次官方媒体介入", "author": "小贤爱足球", "platform": "新浪新闻", "verification_type": "官方平台", "publish_time": "2026-07-12T08:37:45", "influence": 0.0, "title": "世界杯误判！贝林厄姆扳平球引争议 回放画面曝光 挪威投诉无果"}, {"role": "首次大V发声", "author": "如约而至D_", "platform": "微博", "verification_type": "头部认证个人", "publish_time": "2026-07-12T17:25:10", "influence": 7.2, "title": "【#哈兰德父亲接连开炮#】#哈兰德父亲怒称被抢劫了# 哈兰德父亲：裁判救了英格兰"}], "top_influencers": [{"author": "王玮晨", "platform": "微博", "verification_type": "认证个人", "publish_time": "2026-07-12T08:12:18", "influence": 1291.3, "repost_count": 61, "like_count": 3401, "comment_count": 420, "title": "这场赛后可能还有争议。 贝林厄姆打入的那粒扳平进球，挪威守门员开大脚，球先击中了"}, {"author": "Njone足球梦想", "platform": "知乎", "verification_type": "普通用户", "publish_time": "2026-07-12T14:55:32", "influence": 90.9, "repost_count": 0, "like_count": 203, "comment_count": 60, "title": "世界杯四强凑齐了——法国、西班牙、英格兰、阿根廷。国际足联排名前四，一个不差。挪"}, {"author": "A-Promised-Land1", "platform": "微博", "verification_type": "认证个人", "publish_time": "2026-07-12T14:57:38", "influence": 84.6, "repost_count": 14, "like_count": 202, "comment_count": 20, "title": "越是稀烂的国家，越输不起。埃及队输给阿根廷之后，毫无底线地攻击当值裁判，认为人家"}, {"author": "英仙说", "platform": "知乎", "verification_type": "认证个人", "publish_time": "2026-07-12T12:34:49", "influence": 51.4, "repost_count": 0, "like_count": 128, "comment_count": 26, "title": "其实英阿的历史恩怨，早就清了。头一波，是马岛战争+86世界杯。带英赢了热战，输了"}, {"author": "如约而至D_", "platform": "微博", "verification_type": "头部认证个人", "publish_time": "2026-07-12T17:25:10", "influence": 7.2, "repost_count": 0, "like_count": 24, "comment_count": 0, "title": "【#哈兰德父亲接连开炮#】#哈兰德父亲怒称被抢劫了# 哈兰德父亲：裁判救了英格兰"}], "platform_chain": {"nodes": [{"name": "知乎", "count": 6, "first_seen": "2026-07-10T14:50:52"}, {"name": "微博", "count": 5, "first_seen": "2026-07-12T08:12:18"}, {"name": "新浪新闻", "count": 8, "first_seen": "2026-07-12T08:37:45"}, {"name": "澎湃新闻", "count": 1, "first_seen": "2026-07-12T08:59:00"}], "links": [{"source": "知乎", "target": "微博", "value": 5}, {"source": "微博", "target": "新浪新闻", "value": 8}, {"source": "新浪新闻", "target": "澎湃新闻", "value": 1}]}}', '2026-07-13 19:10:32', '2026-07-13 19:10:32');
INSERT INTO event_keywords (event_id, word, weight, rank) VALUES (4, '英格兰', 1.0, 0);
INSERT INTO event_keywords (event_id, word, weight, rank) VALUES (4, '厄姆', 0.855, 1);
INSERT INTO event_keywords (event_id, word, weight, rank) VALUES (4, '挪威', 0.839, 2);
INSERT INTO event_keywords (event_id, word, weight, rank) VALUES (4, '世界杯', 0.711, 3);
INSERT INTO event_keywords (event_id, word, weight, rank) VALUES (4, '进球', 0.711, 4);
INSERT INTO event_keywords (event_id, word, weight, rank) VALUES (4, '比赛', 0.649, 5);
INSERT INTO event_keywords (event_id, word, weight, rank) VALUES (4, '哈兰德', 0.576, 6);
INSERT INTO event_keywords (event_id, word, weight, rank) VALUES (4, '视频', 0.531, 7);
INSERT INTO event_platforms (event_id, platform_name, ratio, rank) VALUES (4, '新浪新闻', 0.4, 0);
INSERT INTO event_platforms (event_id, platform_name, ratio, rank) VALUES (4, '知乎', 0.3, 1);
INSERT INTO event_platforms (event_id, platform_name, ratio, rank) VALUES (4, '微博', 0.25, 2);
INSERT INTO event_platforms (event_id, platform_name, ratio, rank) VALUES (4, '澎湃新闻', 0.05, 3);
INSERT INTO event_trend_daily (event_id, date, count, is_predicted) VALUES (4, '2026-07-10', 1, 0);
INSERT INTO event_trend_daily (event_id, date, count, is_predicted) VALUES (4, '2026-07-11', 1, 0);
INSERT INTO event_trend_daily (event_id, date, count, is_predicted) VALUES (4, '2026-07-12', 18, 0);
INSERT INTO event_trend_daily (event_id, date, count, is_predicted, predict_heat, predict_count) VALUES (4, '2026-07-13', 0, 1, 26.5, 26.5);
INSERT INTO event_trend_daily (event_id, date, count, is_predicted, predict_heat, predict_count) VALUES (4, '2026-07-14', 0, 1, 35.0, 35.0);
INSERT INTO event_trend_daily (event_id, date, count, is_predicted, predict_heat, predict_count) VALUES (4, '2026-07-15', 0, 1, 43.5, 43.5);

INSERT INTO events (event_id, title, heat, report_count, duplicate_count, time_start, time_end, event_time, risk_level, stage, confidence, prob_latent, prob_growth, prob_peak, prob_decline, analysis, positive, neutral, negative, sources, summary, location, cause, people, authenticity, propagation, created_at, updated_at) VALUES (5, '指责主裁双标，埃及足协就争议判罚向国际足联提出申诉_运动家_澎湃新闻-The Paper', 9.94, 75, 0, '2026-07-08 01:34:23', '2026-07-12 22:24:48', '2026-07-08 12:00:00', 'mid', 'decline', 0.9, 0.0, 0.0, 0.1, 0.9, '当前事件报道数量持续下降，公众关注度减弱，处于衰退期。', 0.541, 0.235, 0.224, '["微博", "新浪新闻", "澎湃新闻", "知乎"]', '而争议不只这一点，比赛第58分钟时，埃及队反击破门一度将比分扩大至2-0，但事后主裁判经VAR判定有埃及队球员此前对利马犯规在先，因此进球无效。但埃及球员疯狂抗议：在阿根廷发动这次反击之前，萨拉赫在另一端被犯规倒地，裁判没有吹停比赛，球权直接到了阿根廷脚下。以下是埃及队的犯规获利时间表：00：25埃及球员被断球后撞恩佐膝盖，裁判没有表示（危险动作）2：28麦卡利斯特无球状态下遭埃及球员冲撞2：29梅西持球遭埃及防守球员拉拽2：33梅西传球在埃及球员推搡干扰下传出界外5：47埃及防守球员发力推德保罗22：18埃及防守球员发力推梅西26：41埃及防守球员推搡恩佐34：54埃及防守球员用力推搡小蜘蛛35：51埃及防守球员用力推搡帕雷德斯36：15德保罗弧顶处无球状态下被埃及防守球员撕扯衣服倒地36：44埃及球员冲撞帕雷德斯致其倒地36：45梅西背身遭埃及防守球员冲撞推搡导致丢失球权，裁判没有任何表示41：40埃及球员无球状态下禁区内推搡阿尔瓦雷斯42：06埃及防守球员在弧顶处分别推搡恩佐和梅西49：26防守球员背身冲撞梅西46：48梅西带球推进遭埃及防守球员拉拽46：52麦卡利斯特背身做球被埃及防守球员拉倒54：30恩佐背身护球遭到埃及防守球员拉拽61：47麦卡利斯特被推倒埃及顺势打反击 裁判没有表示63：13麦卡利斯特向前带球推进被身后拉拽63：30萨拉赫对利马犯规阿根廷进攻有利被吹64：22梅西追球遭背后埃及防守球员拉拽74：25埃及队门将故意拖延时间不开球79：56梅西寻求撞墙，埃及防守球员抬臂阻挡梅西81：42埃及防守球员被梅西突破后伸手拉拽85：24埃及防守球员背后发力推恩佐88：01小蜘蛛持球后埃及防守球员上前拉拽99：37恩佐护球埃及防守球员拉拽且恶意冲撞恩佐100：20劳马护球埃及防守球员搂抱且另一名埃及队员主动挑衅。', '埃及、瑞士、法国', '#阿根廷vs埃及##裁判 偏心# 埃及是真的牛B啊，真的太牛B了，直接二比零阿根廷，阿根廷踢球是真脏。', '["萨拉", "科里纳", "哈桑", "恩佐", "孙葆洁"]', '{"credibility_score": 0.397, "official_ratio": 0.187, "verified_ratio": 0.6, "plain_user_ratio": 0.4, "verification_dist": {"普通用户": 0.4, "认证个人": 0.28, "官方平台": 0.187, "认证机构": 0.08, "头部认证个人": 0.053}, "factors": []}', '{"key_nodes": [{"role": "首次大V发声", "author": "直播吧", "platform": "微博", "verification_type": "认证机构", "publish_time": "2026-07-08T02:14:19", "influence": 3959.9, "title": "埃及全队投诉，阿根廷进球前，萨拉赫在阿根廷禁区倒地，埃及工作人员被红牌罚下。主帅"}, {"role": "初始爆料", "author": "雷速体育", "platform": "知乎", "verification_type": "普通用户", "publish_time": "2026-07-08T02:53:31", "influence": 0.3, "title": "如何评价？微博热搜前二： 裁判偏心、阿根廷脏 - 知乎"}, {"role": "首次官方媒体介入", "author": "澎湃新闻", "platform": "澎湃新闻", "verification_type": "官方平台", "publish_time": "2026-07-08T11:25:00", "influence": 0.0, "title": "指责主裁双标，埃及足协就争议判罚向国际足联提出申诉_运动家_澎湃新闻-The P"}, {"role": "传播高峰", "author": "咪咕体育", "platform": "微博", "verification_type": "认证机构", "publish_time": "2026-07-09T13:22:41", "influence": 21215.2, "title": "#FIFA认定阿根廷进球判罚正确##FIFA认定埃及进球被取消判罚正确# 对于阿"}], "top_influencers": [{"author": "咪咕体育", "platform": "微博", "verification_type": "认证机构", "publish_time": "2026-07-09T13:22:41", "influence": 21215.2, "repost_count": 1606, "like_count": 57839, "comment_count": 4515, "title": "#FIFA认定阿根廷进球判罚正确##FIFA认定埃及进球被取消判罚正确# 对于阿"}, {"author": "马克欣", "platform": "微博", "verification_type": "头部认证个人", "publish_time": "2026-07-08T03:12:36", "influence": 12922.5, "repost_count": 496, "like_count": 38750, "comment_count": 1603, "title": "#阿根廷3比2埃及##阿根廷惊天逆转# 说实话，这些标题，都不如#阿根廷 脏#带"}, {"author": "头条新闻", "platform": "微博", "verification_type": "认证机构", "publish_time": "2026-07-08T07:30:00", "influence": 11127.3, "repost_count": 443, "like_count": 31371, "comment_count": 2546, "title": "【#埃及足协向FIFA申诉#，要求全面调查勒泰西耶的严重误判】#阿根廷埃及主裁判"}, {"author": "评述员詹俊", "platform": "微博", "verification_type": "认证个人", "publish_time": "2026-07-08T02:41:41", "influence": 7730.5, "repost_count": 301, "like_count": 22100, "comment_count": 1599, "title": "#阿根廷绝杀埃及##阿根廷3比2埃及# 惊天大逆转，阿根廷队绝境逃生。埃及队的进"}, {"author": "梨视频", "platform": "微博", "verification_type": "认证机构", "publish_time": "2026-07-08T06:02:53", "influence": 5695.9, "repost_count": 182, "like_count": 15858, "comment_count": 1513, "title": "【#埃及队抗议#】阿根廷3比2埃及绝地逆转晋级。赛后，埃及主教练哈桑接受采访。“"}], "platform_chain": {"nodes": [{"name": "微博", "count": 30, "first_seen": "2026-07-08T01:34:23.999999"}, {"name": "知乎", "count": 31, "first_seen": "2026-07-08T02:53:31"}, {"name": "澎湃新闻", "count": 4, "first_seen": "2026-07-08T11:25:00"}, {"name": "新浪新闻", "count": 10, "first_seen": "2026-07-10T07:40:31"}], "links": [{"source": "微博", "target": "知乎", "value": 31}, {"source": "知乎", "target": "澎湃新闻", "value": 4}, {"source": "澎湃新闻", "target": "新浪新闻", "value": 10}]}}', '2026-07-13 19:10:32', '2026-07-13 19:10:32');
INSERT INTO event_keywords (event_id, word, weight, rank) VALUES (5, '埃及', 1.0, 0);
INSERT INTO event_keywords (event_id, word, weight, rank) VALUES (5, '裁判', 0.639, 1);
INSERT INTO event_keywords (event_id, word, weight, rank) VALUES (5, '阿根廷', 0.636, 2);
INSERT INTO event_keywords (event_id, word, weight, rank) VALUES (5, 'VAR', 0.576, 3);
INSERT INTO event_keywords (event_id, word, weight, rank) VALUES (5, '球员', 0.546, 4);
INSERT INTO event_keywords (event_id, word, weight, rank) VALUES (5, '梅西', 0.465, 5);
INSERT INTO event_keywords (event_id, word, weight, rank) VALUES (5, '犯规', 0.419, 6);
INSERT INTO event_keywords (event_id, word, weight, rank) VALUES (5, '比赛', 0.386, 7);
INSERT INTO event_platforms (event_id, platform_name, ratio, rank) VALUES (5, '知乎', 0.413, 0);
INSERT INTO event_platforms (event_id, platform_name, ratio, rank) VALUES (5, '微博', 0.4, 1);
INSERT INTO event_platforms (event_id, platform_name, ratio, rank) VALUES (5, '新浪新闻', 0.133, 2);
INSERT INTO event_platforms (event_id, platform_name, ratio, rank) VALUES (5, '澎湃新闻', 0.053, 3);
INSERT INTO event_trend_daily (event_id, date, count, is_predicted) VALUES (5, '2026-07-08', 37, 0);
INSERT INTO event_trend_daily (event_id, date, count, is_predicted) VALUES (5, '2026-07-09', 13, 0);
INSERT INTO event_trend_daily (event_id, date, count, is_predicted) VALUES (5, '2026-07-10', 8, 0);
INSERT INTO event_trend_daily (event_id, date, count, is_predicted) VALUES (5, '2026-07-11', 8, 0);
INSERT INTO event_trend_daily (event_id, date, count, is_predicted) VALUES (5, '2026-07-12', 9, 0);
INSERT INTO event_trend_daily (event_id, date, count, is_predicted, predict_heat, predict_count) VALUES (5, '2026-07-13', 0, 1, 9.5, 9.5);
INSERT INTO event_trend_daily (event_id, date, count, is_predicted, predict_heat, predict_count) VALUES (5, '2026-07-14', 0, 1, 10.0, 10.0);
INSERT INTO event_trend_daily (event_id, date, count, is_predicted, predict_heat, predict_count) VALUES (5, '2026-07-15', 0, 1, 10.5, 10.5);

INSERT INTO events (event_id, title, heat, report_count, duplicate_count, time_start, time_end, event_time, risk_level, stage, confidence, prob_latent, prob_growth, prob_peak, prob_decline, analysis, positive, neutral, negative, sources, summary, location, cause, people, authenticity, propagation, created_at, updated_at) VALUES (6, '另一个角度，再来欣赏一下阿根廷对埃及时梅西打进的凌空抽射。我喜欢他连跳两下这个庆祝动作[嘻嘻] ht', 7.254, 13, 0, '2026-07-11 07:46:15', '2026-07-12 22:16:57', '2026-07-12 12:00:00', 'mid', 'growth', 0.9, 0.05, 0.9, 0.05, 0.0, '当前事件报道数量持续增加，公众关注度快速提升，处于成长期。', 0.37, 0.261, 0.37, '["微博"]', '#阿根廷3比1瑞士##世界杯四强# http://t.cn/AXK。#阿根廷3比1瑞士##世界杯四强# http://t.cn/AXKqwtur。原则君聊 王楚钦来时路，从18年青奥会开始 确实一路走来太不容容易了 也抓住了每一次机会 巴黎的伤确。', '瑞士、埃及、英格兰', '另一个角度，再来欣赏一下阿根廷对埃及时梅西打进的凌空抽射。', '["梅西", "斯卡", "洛尼", "王楚钦", "阿坎吉"]', '{"credibility_score": 0.362, "official_ratio": 0.0, "verified_ratio": 1.0, "plain_user_ratio": 0.0, "verification_dist": {"认证个人": 0.692, "头部认证个人": 0.308}, "factors": ["official_absent"]}', '{"key_nodes": [{"role": "初始爆料", "author": "阿根廷往事", "platform": "微博", "verification_type": "头部认证个人", "publish_time": "2026-07-11T07:46:15", "influence": 516.2, "title": "另一个角度，再来欣赏一下阿根廷对埃及时梅西打进的凌空抽射。我喜欢他连跳两下这个庆"}], "top_influencers": [{"author": "阿根廷往事", "platform": "微博", "verification_type": "头部认证个人", "publish_time": "2026-07-11T07:46:15", "influence": 516.2, "repost_count": 91, "like_count": 1274, "comment_count": 86, "title": "另一个角度，再来欣赏一下阿根廷对埃及时梅西打进的凌空抽射。我喜欢他连跳两下这个庆"}, {"author": "欧洲足球记录者", "platform": "微博", "verification_type": "认证个人", "publish_time": "2026-07-12T08:29:17", "influence": 87.3, "repost_count": 4, "like_count": 211, "comment_count": 40, "title": "埃及前锋齐库：梅西排在C罗之后，在场上我都感觉不到梅西的存在#阿根廷vs瑞士# "}, {"author": "牛师傅Goat", "platform": "微博", "verification_type": "认证个人", "publish_time": "2026-07-11T12:36:23", "influence": 68.1, "repost_count": 6, "like_count": 162, "comment_count": 27, "title": "#世界杯[超话]# 埃及一家咖啡馆的老板从墙上取下了梅西的海报，然后几个人一起把"}, {"author": "常常常新宇", "platform": "微博", "verification_type": "认证个人", "publish_time": "2026-07-12T12:54:53", "influence": 45.5, "repost_count": 4, "like_count": 120, "comment_count": 11, "title": "阿根廷，掌管弹幕的悬念精彩之王！ #阿根廷3比1瑞士##世界杯四强# http:"}, {"author": "米奇兔-柳十四", "platform": "微博", "verification_type": "认证个人", "publish_time": "2026-07-12T19:50:12", "influence": 38.1, "repost_count": 2, "like_count": 72, "comment_count": 29, "title": "发布了头条文章：《阿根廷11打11玩真假球王，11打10变两肋插刀》 #世界杯["}], "platform_chain": {"nodes": [{"name": "微博", "count": 13, "first_seen": "2026-07-11T07:46:15"}], "links": []}}', '2026-07-13 19:10:32', '2026-07-13 19:10:32');
INSERT INTO event_keywords (event_id, word, weight, rank) VALUES (6, '瑞士', 1.0, 0);
INSERT INTO event_keywords (event_id, word, weight, rank) VALUES (6, '海报', 0.726, 1);
INSERT INTO event_keywords (event_id, word, weight, rank) VALUES (6, '樊振东', 0.726, 2);
INSERT INTO event_keywords (event_id, word, weight, rank) VALUES (6, '解说', 0.726, 3);
INSERT INTO event_keywords (event_id, word, weight, rank) VALUES (6, '精彩', 0.626, 4);
INSERT INTO event_keywords (event_id, word, weight, rank) VALUES (6, '四强', 0.626, 5);
INSERT INTO event_keywords (event_id, word, weight, rank) VALUES (6, '王楚', 0.544, 6);
INSERT INTO event_keywords (event_id, word, weight, rank) VALUES (6, '确实', 0.544, 7);
INSERT INTO event_platforms (event_id, platform_name, ratio, rank) VALUES (6, '微博', 1.0, 0);
INSERT INTO event_trend_daily (event_id, date, count, is_predicted) VALUES (6, '2026-07-11', 2, 0);
INSERT INTO event_trend_daily (event_id, date, count, is_predicted) VALUES (6, '2026-07-12', 11, 0);
INSERT INTO event_trend_daily (event_id, date, count, is_predicted, predict_heat, predict_count) VALUES (6, '2026-07-13', 0, 1, 20.0, 20.0);
INSERT INTO event_trend_daily (event_id, date, count, is_predicted, predict_heat, predict_count) VALUES (6, '2026-07-14', 0, 1, 29.0, 29.0);
INSERT INTO event_trend_daily (event_id, date, count, is_predicted, predict_heat, predict_count) VALUES (6, '2026-07-15', 0, 1, 38.0, 38.0);

INSERT INTO events (event_id, title, heat, report_count, duplicate_count, time_start, time_end, event_time, risk_level, stage, confidence, prob_latent, prob_growth, prob_peak, prob_decline, analysis, positive, neutral, negative, sources, summary, location, cause, people, authenticity, propagation, created_at, updated_at) VALUES (7, '世界杯首次1/16决赛，我们看什么？_运动家_澎湃新闻-The Paper', 5.166, 49, 0, '2026-06-03 08:29:10', '2026-07-12 22:16:22', '2026-07-10 12:00:00', 'mid', 'decline', 0.9, 0.0, 0.0, 0.1, 0.9, '当前事件报道数量持续下降，公众关注度减弱，处于衰退期。', 0.455, 0.273, 0.273, '["人民网", "微博", "新浪新闻", "澎湃新闻", "知乎"]', '国际足联发布声明，允许巴洛贡继续出战与比利时队的1/8决赛 按FIFA的说法，美国队前锋巴洛贡因在世界杯1/16决赛对阵波黑队时踩踏对方球员被禁赛一场。但事实上，从国际足联对美国队红牌球员史无前例的“特赦”，到法国与巴拉圭、阿根廷与埃及比赛中的判罚争议，本届世界杯开赛至今，不断出现的“场外因素”不仅已经严重影响到了球迷的观感，还侵蚀着体育精神的纯粹与本真。美加墨世界杯欧洲6席，分别为法国、英格兰、比利时、西班牙、挪威和瑞士，南美仅剩阿根廷，非洲仍由摩洛哥占据一席。', '美加墨、埃及、比利时', '世界杯大名单的争议--文旅·体育--人民网。', '["蒂诺", "梅里", "萨拉", "罗梅罗", "洛特"]', '{"credibility_score": 0.815, "official_ratio": 0.776, "verified_ratio": 0.816, "plain_user_ratio": 0.184, "verification_dist": {"官方平台": 0.776, "普通用户": 0.184, "认证机构": 0.02, "认证个人": 0.02}, "factors": ["well_sourced"]}', '{"key_nodes": [{"role": "首次官方媒体介入", "author": "新华社", "platform": "人民网", "verification_type": "官方平台", "publish_time": "2026-06-03T08:29:10", "influence": 0.0, "title": "世界杯大名单的争议--文旅·体育--人民网"}, {"role": "初始爆料", "author": "耶路撒冷饮", "platform": "知乎", "verification_type": "普通用户", "publish_time": "2026-06-30T17:25:37", "influence": 43.9, "title": "马赫雷斯赛后接受采访时，为93分钟射进的那一球的解释是：“最后时刻有人把球传进禁"}, {"role": "首次大V发声", "author": "咪咕足球", "platform": "微博", "verification_type": "认证机构", "publish_time": "2026-07-04T08:44:49", "influence": 11619.5, "title": "#阿根廷16强# 2026世界杯1/16决赛，卫冕冠军阿根廷3-2力克佛得角，晋"}], "top_influencers": [{"author": "咪咕足球", "platform": "微博", "verification_type": "认证机构", "publish_time": "2026-07-04T08:44:49", "influence": 11619.5, "repost_count": 1561, "like_count": 30275, "comment_count": 1952, "title": "#阿根廷16强# 2026世界杯1/16决赛，卫冕冠军阿根廷3-2力克佛得角，晋"}, {"author": "门东喵的蛋挞", "platform": "知乎", "verification_type": "认证个人", "publish_time": "2026-07-11T14:02:18", "influence": 82.5, "repost_count": 0, "like_count": 220, "comment_count": 33, "title": "先说结论：FIFA不是一个公平公正的组织，这次美加墨世界杯分组抽签直接就把保送C"}, {"author": "耶路撒冷饮", "platform": "知乎", "verification_type": "普通用户", "publish_time": "2026-06-30T17:25:37", "influence": 43.9, "repost_count": 0, "like_count": 118, "comment_count": 17, "title": "马赫雷斯赛后接受采访时，为93分钟射进的那一球的解释是：“最后时刻有人把球传进禁"}, {"author": "厉无咎", "platform": "知乎", "verification_type": "普通用户", "publish_time": "2026-07-10T16:27:19", "influence": 9.9, "repost_count": 0, "like_count": 33, "comment_count": 0, "title": "埃及球员怒喷裁判不公正称世界杯被内定，大量球迷吐槽阿根廷脏，这场裁判真的有问题吗"}, {"author": "汴良", "platform": "知乎", "verification_type": "普通用户", "publish_time": "2026-07-10T16:40:47", "influence": 1.8, "repost_count": 0, "like_count": 6, "comment_count": 0, "title": "2026年7月第一周，世界杯1/8决赛。埃及输给阿根廷后，埃及主帅怒喷国际足联："}], "platform_chain": {"nodes": [{"name": "人民网", "count": 3, "first_seen": "2026-06-03T08:29:10"}, {"name": "澎湃新闻", "count": 31, "first_seen": "2026-06-28T00:00:00"}, {"name": "知乎", "count": 9, "first_seen": "2026-06-30T17:25:37"}, {"name": "微博", "count": 2, "first_seen": "2026-07-04T08:44:49"}, {"name": "新浪新闻", "count": 4, "first_seen": "2026-07-09T14:07:00"}], "links": [{"source": "人民网", "target": "澎湃新闻", "value": 31}, {"source": "澎湃新闻", "target": "知乎", "value": 9}, {"source": "知乎", "target": "微博", "value": 2}, {"source": "微博", "target": "新浪新闻", "value": 4}]}}', '2026-07-13 19:10:32', '2026-07-13 19:10:32');
INSERT INTO event_keywords (event_id, word, weight, rank) VALUES (7, 'FIFA', 1.0, 0);
INSERT INTO event_keywords (event_id, word, weight, rank) VALUES (7, '世界杯', 0.95, 1);
INSERT INTO event_keywords (event_id, word, weight, rank) VALUES (7, '摩洛哥', 0.761, 2);
INSERT INTO event_keywords (event_id, word, weight, rank) VALUES (7, '比利时', 0.612, 3);
INSERT INTO event_keywords (event_id, word, weight, rank) VALUES (7, '姆巴', 0.561, 4);
INSERT INTO event_keywords (event_id, word, weight, rank) VALUES (7, '比赛', 0.513, 5);
INSERT INTO event_keywords (event_id, word, weight, rank) VALUES (7, '阿根廷', 0.479, 6);
INSERT INTO event_keywords (event_id, word, weight, rank) VALUES (7, '国际足联', 0.428, 7);
INSERT INTO event_platforms (event_id, platform_name, ratio, rank) VALUES (7, '澎湃新闻', 0.633, 0);
INSERT INTO event_platforms (event_id, platform_name, ratio, rank) VALUES (7, '知乎', 0.184, 1);
INSERT INTO event_platforms (event_id, platform_name, ratio, rank) VALUES (7, '新浪新闻', 0.082, 2);
INSERT INTO event_platforms (event_id, platform_name, ratio, rank) VALUES (7, '人民网', 0.061, 3);
INSERT INTO event_platforms (event_id, platform_name, ratio, rank) VALUES (7, '微博', 0.041, 4);
INSERT INTO event_trend_daily (event_id, date, count, is_predicted) VALUES (7, '2026-06-03', 1, 0);
INSERT INTO event_trend_daily (event_id, date, count, is_predicted) VALUES (7, '2026-06-04', 0, 0);
INSERT INTO event_trend_daily (event_id, date, count, is_predicted) VALUES (7, '2026-06-05', 0, 0);
INSERT INTO event_trend_daily (event_id, date, count, is_predicted) VALUES (7, '2026-06-06', 0, 0);
INSERT INTO event_trend_daily (event_id, date, count, is_predicted) VALUES (7, '2026-06-07', 0, 0);
INSERT INTO event_trend_daily (event_id, date, count, is_predicted) VALUES (7, '2026-06-08', 0, 0);
INSERT INTO event_trend_daily (event_id, date, count, is_predicted) VALUES (7, '2026-06-09', 0, 0);
INSERT INTO event_trend_daily (event_id, date, count, is_predicted) VALUES (7, '2026-06-10', 0, 0);
INSERT INTO event_trend_daily (event_id, date, count, is_predicted) VALUES (7, '2026-06-11', 0, 0);
INSERT INTO event_trend_daily (event_id, date, count, is_predicted) VALUES (7, '2026-06-12', 0, 0);
INSERT INTO event_trend_daily (event_id, date, count, is_predicted) VALUES (7, '2026-06-13', 0, 0);
INSERT INTO event_trend_daily (event_id, date, count, is_predicted) VALUES (7, '2026-06-14', 0, 0);
INSERT INTO event_trend_daily (event_id, date, count, is_predicted) VALUES (7, '2026-06-15', 0, 0);
INSERT INTO event_trend_daily (event_id, date, count, is_predicted) VALUES (7, '2026-06-16', 0, 0);
INSERT INTO event_trend_daily (event_id, date, count, is_predicted) VALUES (7, '2026-06-17', 0, 0);
INSERT INTO event_trend_daily (event_id, date, count, is_predicted) VALUES (7, '2026-06-18', 0, 0);
INSERT INTO event_trend_daily (event_id, date, count, is_predicted) VALUES (7, '2026-06-19', 0, 0);
INSERT INTO event_trend_daily (event_id, date, count, is_predicted) VALUES (7, '2026-06-20', 0, 0);
INSERT INTO event_trend_daily (event_id, date, count, is_predicted) VALUES (7, '2026-06-21', 0, 0);
INSERT INTO event_trend_daily (event_id, date, count, is_predicted) VALUES (7, '2026-06-22', 0, 0);
INSERT INTO event_trend_daily (event_id, date, count, is_predicted) VALUES (7, '2026-06-23', 0, 0);
INSERT INTO event_trend_daily (event_id, date, count, is_predicted) VALUES (7, '2026-06-24', 0, 0);
INSERT INTO event_trend_daily (event_id, date, count, is_predicted) VALUES (7, '2026-06-25', 0, 0);
INSERT INTO event_trend_daily (event_id, date, count, is_predicted) VALUES (7, '2026-06-26', 0, 0);
INSERT INTO event_trend_daily (event_id, date, count, is_predicted) VALUES (7, '2026-06-27', 0, 0);
INSERT INTO event_trend_daily (event_id, date, count, is_predicted) VALUES (7, '2026-06-28', 1, 0);
INSERT INTO event_trend_daily (event_id, date, count, is_predicted) VALUES (7, '2026-06-29', 0, 0);
INSERT INTO event_trend_daily (event_id, date, count, is_predicted) VALUES (7, '2026-06-30', 2, 0);
INSERT INTO event_trend_daily (event_id, date, count, is_predicted) VALUES (7, '2026-07-01', 0, 0);
INSERT INTO event_trend_daily (event_id, date, count, is_predicted) VALUES (7, '2026-07-02', 0, 0);
INSERT INTO event_trend_daily (event_id, date, count, is_predicted) VALUES (7, '2026-07-03', 2, 0);
INSERT INTO event_trend_daily (event_id, date, count, is_predicted) VALUES (7, '2026-07-04', 6, 0);
INSERT INTO event_trend_daily (event_id, date, count, is_predicted) VALUES (7, '2026-07-05', 2, 0);
INSERT INTO event_trend_daily (event_id, date, count, is_predicted) VALUES (7, '2026-07-06', 4, 0);
INSERT INTO event_trend_daily (event_id, date, count, is_predicted) VALUES (7, '2026-07-07', 5, 0);
INSERT INTO event_trend_daily (event_id, date, count, is_predicted) VALUES (7, '2026-07-08', 4, 0);
INSERT INTO event_trend_daily (event_id, date, count, is_predicted) VALUES (7, '2026-07-09', 6, 0);
INSERT INTO event_trend_daily (event_id, date, count, is_predicted) VALUES (7, '2026-07-10', 8, 0);
INSERT INTO event_trend_daily (event_id, date, count, is_predicted) VALUES (7, '2026-07-11', 4, 0);
INSERT INTO event_trend_daily (event_id, date, count, is_predicted) VALUES (7, '2026-07-12', 4, 0);
INSERT INTO event_trend_daily (event_id, date, count, is_predicted, predict_heat, predict_count) VALUES (7, '2026-07-13', 0, 1, 2.0, 2.0);
INSERT INTO event_trend_daily (event_id, date, count, is_predicted, predict_heat, predict_count) VALUES (7, '2026-07-14', 0, 1, 0.0, 0.0);
INSERT INTO event_trend_daily (event_id, date, count, is_predicted, predict_heat, predict_count) VALUES (7, '2026-07-15', 0, 1, 0.0, 0.0);

INSERT INTO events (event_id, title, heat, report_count, duplicate_count, time_start, time_end, event_time, risk_level, stage, confidence, prob_latent, prob_growth, prob_peak, prob_decline, analysis, positive, neutral, negative, sources, summary, location, cause, people, authenticity, propagation, created_at, updated_at) VALUES (8, '观察｜世界杯越精彩，越要守住理性_赢家_澎湃新闻-The Paper', 2.806, 12, 0, '2026-07-07 11:15:50', '2026-07-12 21:32:06', '2026-07-08 12:00:00', 'low', 'peak', 0.9, 0.0, 0.05, 0.9, 0.05, '当前事件报道量已接近峰值，关注度趋于稳定，处于高潮期。', 0.45, 0.2, 0.35, '["微博", "新浪新闻", "澎湃新闻", "知乎"]', '几乎每天网络上都有新的“神预测”刷屏：有人晒出AI生成的比赛推演，有人分享所谓“高命中率算法”，还有人转发各种“内部消息”“最新情报”。社交平台上，各种“AI预测世界杯““算法推演比分”“智能荐彩”内容层出不穷。C罗晒欧洲杯夺冠照引争议，世界杯失利后回望旧日荣光。', '葡萄牙、埃及、纽约', '世界杯葡萄牙队被淘汰。', '["梅西", "罗晒", "梅罗"]', '{"credibility_score": 0.508, "official_ratio": 0.417, "verified_ratio": 0.583, "plain_user_ratio": 0.417, "verification_dist": {"官方平台": 0.417, "普通用户": 0.417, "认证个人": 0.167}, "factors": ["well_sourced"]}', '{"key_nodes": [{"role": "初始爆料", "author": "楼兰娱姐", "platform": "知乎", "verification_type": "普通用户", "publish_time": "2026-07-07T11:15:50", "influence": 7.5, "title": "世界杯葡萄牙队被淘汰！苏醒赛事发言遭群嘲，明星真性情有错吗？ - 知乎"}, {"role": "首次官方媒体介入", "author": "澎湃新闻", "platform": "澎湃新闻", "verification_type": "官方平台", "publish_time": "2026-07-07T21:19:00", "influence": 0.0, "title": "观察｜世界杯越精彩，越要守住理性_赢家_澎湃新闻-The Paper"}, {"role": "传播高峰", "author": "苏醒AllenSu", "platform": "微博", "verification_type": "认证个人", "publish_time": "2026-07-08T02:15:18", "influence": 16130.0, "title": "埃及确实可以 从今晚的表现来说真的牛逼 我也自觉保持了相对理智的表达和情绪 但如"}], "top_influencers": [{"author": "苏醒AllenSu", "platform": "微博", "verification_type": "认证个人", "publish_time": "2026-07-08T02:15:18", "influence": 16130.0, "repost_count": 1373, "like_count": 37500, "comment_count": 7014, "title": "埃及确实可以 从今晚的表现来说真的牛逼 我也自觉保持了相对理智的表达和情绪 但如"}, {"author": "牛师傅Goat", "platform": "微博", "verification_type": "认证个人", "publish_time": "2026-07-11T17:49:42", "influence": 27.1, "repost_count": 4, "like_count": 67, "comment_count": 6, "title": "#C罗[超话]# 不是最近提到#阿根廷 脏# 这个话题，重看2016欧洲杯，葡萄"}, {"author": "古龙门下走狗", "platform": "知乎", "verification_type": "普通用户", "publish_time": "2026-07-12T07:09:49", "influence": 22.0, "repost_count": 0, "like_count": 55, "comment_count": 11, "title": "假设一下，如果是葡萄牙逆转埃及晋级八强，C罗天神下凡一传一射，其他争议判罚不变。"}, {"author": "爱旭的苏子", "platform": "微博", "verification_type": "普通用户", "publish_time": "2026-07-12T17:17:55.000001", "influence": 10.9, "repost_count": 2, "like_count": 18, "comment_count": 7, "title": "我不相信有中立球迷，别装了 是人都会偏心 说自己是中立球迷就是为了让人相信你的离"}, {"author": "楼兰娱姐", "platform": "知乎", "verification_type": "普通用户", "publish_time": "2026-07-07T11:15:50", "influence": 7.5, "repost_count": 0, "like_count": 5, "comment_count": 12, "title": "世界杯葡萄牙队被淘汰！苏醒赛事发言遭群嘲，明星真性情有错吗？ - 知乎"}], "platform_chain": {"nodes": [{"name": "知乎", "count": 4, "first_seen": "2026-07-07T11:15:50"}, {"name": "澎湃新闻", "count": 1, "first_seen": "2026-07-07T21:19:00"}, {"name": "微博", "count": 3, "first_seen": "2026-07-08T02:15:18"}, {"name": "新浪新闻", "count": 4, "first_seen": "2026-07-09T16:22:12"}], "links": [{"source": "知乎", "target": "澎湃新闻", "value": 1}, {"source": "澎湃新闻", "target": "微博", "value": 3}, {"source": "微博", "target": "新浪新闻", "value": 4}]}}', '2026-07-13 19:10:32', '2026-07-13 19:10:32');
INSERT INTO event_keywords (event_id, word, weight, rank) VALUES (8, '世界杯', 1.0, 0);
INSERT INTO event_keywords (event_id, word, weight, rank) VALUES (8, 'C', 0.732, 1);
INSERT INTO event_keywords (event_id, word, weight, rank) VALUES (8, '苏醒', 0.715, 2);
INSERT INTO event_keywords (event_id, word, weight, rank) VALUES (8, '欧洲杯', 0.644, 3);
INSERT INTO event_keywords (event_id, word, weight, rank) VALUES (8, '判罚', 0.61, 4);
INSERT INTO event_keywords (event_id, word, weight, rank) VALUES (8, 'AI', 0.566, 5);
INSERT INTO event_keywords (event_id, word, weight, rank) VALUES (8, '预测', 0.445, 6);
INSERT INTO event_keywords (event_id, word, weight, rank) VALUES (8, '有人', 0.424, 7);
INSERT INTO event_platforms (event_id, platform_name, ratio, rank) VALUES (8, '新浪新闻', 0.333, 0);
INSERT INTO event_platforms (event_id, platform_name, ratio, rank) VALUES (8, '知乎', 0.333, 1);
INSERT INTO event_platforms (event_id, platform_name, ratio, rank) VALUES (8, '微博', 0.25, 2);
INSERT INTO event_platforms (event_id, platform_name, ratio, rank) VALUES (8, '澎湃新闻', 0.083, 3);
INSERT INTO event_trend_daily (event_id, date, count, is_predicted) VALUES (8, '2026-07-07', 2, 0);
INSERT INTO event_trend_daily (event_id, date, count, is_predicted) VALUES (8, '2026-07-08', 3, 0);
INSERT INTO event_trend_daily (event_id, date, count, is_predicted) VALUES (8, '2026-07-09', 1, 0);
INSERT INTO event_trend_daily (event_id, date, count, is_predicted) VALUES (8, '2026-07-10', 0, 0);
INSERT INTO event_trend_daily (event_id, date, count, is_predicted) VALUES (8, '2026-07-11', 3, 0);
INSERT INTO event_trend_daily (event_id, date, count, is_predicted) VALUES (8, '2026-07-12', 3, 0);
INSERT INTO event_trend_daily (event_id, date, count, is_predicted, predict_heat, predict_count) VALUES (8, '2026-07-13', 0, 1, 4.5, 4.5);
INSERT INTO event_trend_daily (event_id, date, count, is_predicted, predict_heat, predict_count) VALUES (8, '2026-07-14', 0, 1, 6.0, 6.0);
INSERT INTO event_trend_daily (event_id, date, count, is_predicted, predict_heat, predict_count) VALUES (8, '2026-07-15', 0, 1, 7.5, 7.5);

INSERT INTO events (event_id, title, heat, report_count, duplicate_count, time_start, time_end, event_time, risk_level, stage, confidence, prob_latent, prob_growth, prob_peak, prob_decline, analysis, positive, neutral, negative, sources, summary, location, cause, people, authenticity, propagation, created_at, updated_at) VALUES (9, '埃及总统阿卜杜勒·法塔赫·塞西接见埃及国家队球员以及教练组、管理团队成员', 2.28, 6, 0, '2026-07-08 09:38:12', '2026-07-12 10:36:59', '2026-07-12 12:00:00', 'low', 'peak', 0.9, 0.0, 0.05, 0.9, 0.05, '当前事件报道量已接近峰值，关注度趋于稳定，处于高潮期。', 0.474, 0.368, 0.158, '["新浪新闻", "知乎"]', '埃及总统阿卜杜勒·法塔赫·塞西接见埃及国家队球员以及教练组、管理团队成员。埃及总统阿卜杜勒·法塔赫·塞西接见埃及国家队球员以及教练组、管理团队成员 🇪🇬埃及总统阿卜杜勒·法塔赫·塞西接见埃及国家队球员以及教练组、管理团队成员。当地时间7月11日，埃及总统塞西在阿拉曼接见刚从美加墨世界杯征战归来的埃及国家队。', '埃及、塞西、美加墨', '是这个离球五米远的两人缠斗。', '["阿卜杜勒", "法塔赫", "阿拉曼", "萨拉", "穆罕默德"]', '{"credibility_score": 0.85, "official_ratio": 0.833, "verified_ratio": 0.833, "plain_user_ratio": 0.167, "verification_dist": {"官方平台": 0.833, "普通用户": 0.167}, "factors": ["well_sourced"]}', '{"key_nodes": [{"role": "初始爆料", "author": "城北", "platform": "知乎", "verification_type": "普通用户", "publish_time": "2026-07-08T09:38:12", "influence": 0.3, "title": "是这个离球五米远的两人缠斗？埃及球员向前扑倒的方向的都错了，背离球的方向了！除非"}, {"role": "首次官方媒体介入", "author": "铅笔如有神助", "platform": "新浪新闻", "verification_type": "官方平台", "publish_time": "2026-07-11T21:34:54", "influence": 0.0, "title": "埃及总统阿卜杜勒·法塔赫·塞西接见埃及国家队球员以及教练组、管理团队成员"}], "top_influencers": [{"author": "城北", "platform": "知乎", "verification_type": "普通用户", "publish_time": "2026-07-08T09:38:12", "influence": 0.3, "repost_count": 0, "like_count": 1, "comment_count": 0, "title": "是这个离球五米远的两人缠斗？埃及球员向前扑倒的方向的都错了，背离球的方向了！除非"}], "platform_chain": {"nodes": [{"name": "知乎", "count": 1, "first_seen": "2026-07-08T09:38:12"}, {"name": "新浪新闻", "count": 5, "first_seen": "2026-07-11T21:34:54"}], "links": [{"source": "知乎", "target": "新浪新闻", "value": 5}]}}', '2026-07-13 19:10:32', '2026-07-13 19:10:32');
INSERT INTO event_keywords (event_id, word, weight, rank) VALUES (9, '埃及', 1.0, 0);
INSERT INTO event_keywords (event_id, word, weight, rank) VALUES (9, '塞西', 0.497, 1);
INSERT INTO event_keywords (event_id, word, weight, rank) VALUES (9, '接见', 0.311, 2);
INSERT INTO event_keywords (event_id, word, weight, rank) VALUES (9, '国家队', 0.295, 3);
INSERT INTO event_keywords (event_id, word, weight, rank) VALUES (9, '总统', 0.242, 4);
INSERT INTO event_keywords (event_id, word, weight, rank) VALUES (9, '认可', 0.21, 5);
INSERT INTO event_keywords (event_id, word, weight, rank) VALUES (9, '本届', 0.21, 6);
INSERT INTO event_keywords (event_id, word, weight, rank) VALUES (9, '方向', 0.21, 7);
INSERT INTO event_platforms (event_id, platform_name, ratio, rank) VALUES (9, '新浪新闻', 0.833, 0);
INSERT INTO event_platforms (event_id, platform_name, ratio, rank) VALUES (9, '知乎', 0.167, 1);
INSERT INTO event_trend_daily (event_id, date, count, is_predicted) VALUES (9, '2026-07-08', 1, 0);
INSERT INTO event_trend_daily (event_id, date, count, is_predicted) VALUES (9, '2026-07-09', 0, 0);
INSERT INTO event_trend_daily (event_id, date, count, is_predicted) VALUES (9, '2026-07-10', 0, 0);
INSERT INTO event_trend_daily (event_id, date, count, is_predicted) VALUES (9, '2026-07-11', 1, 0);
INSERT INTO event_trend_daily (event_id, date, count, is_predicted) VALUES (9, '2026-07-12', 4, 0);
INSERT INTO event_trend_daily (event_id, date, count, is_predicted, predict_heat, predict_count) VALUES (9, '2026-07-13', 0, 1, 6.0, 6.0);
INSERT INTO event_trend_daily (event_id, date, count, is_predicted, predict_heat, predict_count) VALUES (9, '2026-07-14', 0, 1, 8.0, 8.0);
INSERT INTO event_trend_daily (event_id, date, count, is_predicted, predict_heat, predict_count) VALUES (9, '2026-07-15', 0, 1, 10.0, 10.0);

INSERT INTO events (event_id, title, heat, report_count, duplicate_count, time_start, time_end, event_time, risk_level, stage, confidence, prob_latent, prob_growth, prob_peak, prob_decline, analysis, positive, neutral, negative, sources, summary, location, cause, people, authenticity, propagation, created_at, updated_at) VALUES (10, '世界杯48队扩军引争议，VAR判罚再成焦点', 2.078, 11, 0, '2026-07-08 08:08:17', '2026-07-12 15:54:35', '2026-07-10 12:00:00', 'low', 'decline', 0.9, 0.0, 0.0, 0.1, 0.9, '当前事件报道数量持续下降，公众关注度减弱，处于衰退期。', 0.475, 0.25, 0.275, '["新浪新闻", "知乎"]', '梅西为什么因为一场比赛的判罚就引起世界球迷公愤。把这个结构平移到梅西身上，隐喻就成立了："妈妈" = 以 FIFA 为核心的资源与规则体系——奖项规则、赛事判罚、媒体流量，共同构成一台造神机器。为什么偏偏是"曲婉婷"对比维度曲婉婷事件梅西造神争议红利来源母亲的职务与权力FIFA 主导的规则与判罚体系叙事策略用"音乐才华+亲情"覆盖利益关联用"足球天赋+圆梦"覆盖制度红利公众反感点嘴上讲亲情，不承认非法所得红利明摆着，粉丝一律不认账但必须说清那处关键的不对等：张明杰案是已生效判决的法律事实。', '埃及、罗哥、葡萄牙', '当年悄悄收钱，却被球迷公认金哨的陆俊说过，黑哨不会在关键上下手脚，相反手段非常隐蔽。', '["陆俊", "罗和梅", "马卡", "休斯顿"]', '{"credibility_score": 0.282, "official_ratio": 0.182, "verified_ratio": 0.273, "plain_user_ratio": 0.727, "verification_dist": {"普通用户": 0.727, "官方平台": 0.182, "认证个人": 0.091}, "factors": ["mostly_unverified"]}', '{"key_nodes": [{"role": "初始爆料", "author": "Herry", "platform": "知乎", "verification_type": "普通用户", "publish_time": "2026-07-08T08:08:17.000001", "influence": 1073.6, "title": "当年悄悄收钱，却被球迷公认金哨的陆俊说过，黑哨不会在关键上下手脚，相反手段非常隐"}, {"role": "首次官方媒体介入", "author": "种斌Marco", "platform": "新浪新闻", "verification_type": "官方平台", "publish_time": "2026-07-11T12:14:08", "influence": 0.0, "title": "世界杯48队扩军引争议，VAR判罚再成焦点"}], "top_influencers": [{"author": "Herry", "platform": "知乎", "verification_type": "普通用户", "publish_time": "2026-07-08T08:08:17.000001", "influence": 1073.6, "repost_count": 0, "like_count": 2947, "comment_count": 379, "title": "当年悄悄收钱，却被球迷公认金哨的陆俊说过，黑哨不会在关键上下手脚，相反手段非常隐"}, {"author": "毛毛虫菠萝", "platform": "知乎", "verification_type": "普通用户", "publish_time": "2026-07-08T21:52:29", "influence": 200.4, "repost_count": 0, "like_count": 278, "comment_count": 234, "title": "如果你是埃及球迷，基于情绪和取向当然可以觉得偏哨；如果你是罗哥球迷或者皇马球迷，"}, {"author": "信海云烟", "platform": "知乎", "verification_type": "普通用户", "publish_time": "2026-07-11T07:56:43", "influence": 135.5, "repost_count": 0, "like_count": 300, "comment_count": 91, "title": "他这次应该是真破防了，导致没藏住。首先，C罗被淘汰，所以阿根廷的比赛，他肯定是非"}, {"author": "高空Konstas", "platform": "知乎", "verification_type": "认证个人", "publish_time": "2026-07-10T18:37:37", "influence": 36.7, "repost_count": 0, "like_count": 84, "comment_count": 23, "title": "判罚分析早就说烂了，可以移步我这篇文章：如何看待2026年世界杯1/8阿根廷对埃"}, {"author": "写猴拳的猴", "platform": "知乎", "verification_type": "普通用户", "publish_time": "2026-07-12T15:54:35", "influence": 17.9, "repost_count": 0, "like_count": 8, "comment_count": 31, "title": "不出意外……某些人果然依旧暴露文字理解能力……“舆论场域”四个字很难理解吗？理解"}], "platform_chain": {"nodes": [{"name": "知乎", "count": 9, "first_seen": "2026-07-08T08:08:17.000001"}, {"name": "新浪新闻", "count": 2, "first_seen": "2026-07-11T12:14:08"}], "links": [{"source": "知乎", "target": "新浪新闻", "value": 2}]}}', '2026-07-13 19:10:32', '2026-07-13 19:10:32');
INSERT INTO event_keywords (event_id, word, weight, rank) VALUES (10, '梅西', 1.0, 0);
INSERT INTO event_keywords (event_id, word, weight, rank) VALUES (10, 'FIFA', 0.954, 1);
INSERT INTO event_keywords (event_id, word, weight, rank) VALUES (10, '曲婉婷', 0.78, 2);
INSERT INTO event_keywords (event_id, word, weight, rank) VALUES (10, '判罚', 0.76, 3);
INSERT INTO event_keywords (event_id, word, weight, rank) VALUES (10, '球迷', 0.72, 4);
INSERT INTO event_keywords (event_id, word, weight, rank) VALUES (10, '对立', 0.694, 5);
INSERT INTO event_keywords (event_id, word, weight, rank) VALUES (10, '新闻', 0.694, 6);
INSERT INTO event_keywords (event_id, word, weight, rank) VALUES (10, 'C', 0.669, 7);
INSERT INTO event_platforms (event_id, platform_name, ratio, rank) VALUES (10, '知乎', 0.818, 0);
INSERT INTO event_platforms (event_id, platform_name, ratio, rank) VALUES (10, '新浪新闻', 0.182, 1);
INSERT INTO event_trend_daily (event_id, date, count, is_predicted) VALUES (10, '2026-07-08', 2, 0);
INSERT INTO event_trend_daily (event_id, date, count, is_predicted) VALUES (10, '2026-07-09', 2, 0);
INSERT INTO event_trend_daily (event_id, date, count, is_predicted) VALUES (10, '2026-07-10', 3, 0);
INSERT INTO event_trend_daily (event_id, date, count, is_predicted) VALUES (10, '2026-07-11', 3, 0);
INSERT INTO event_trend_daily (event_id, date, count, is_predicted) VALUES (10, '2026-07-12', 1, 0);
INSERT INTO event_trend_daily (event_id, date, count, is_predicted, predict_heat, predict_count) VALUES (10, '2026-07-13', 0, 1, 0.0, 0.0);
INSERT INTO event_trend_daily (event_id, date, count, is_predicted, predict_heat, predict_count) VALUES (10, '2026-07-14', 0, 1, 0.0, 0.0);
INSERT INTO event_trend_daily (event_id, date, count, is_predicted, predict_heat, predict_count) VALUES (10, '2026-07-15', 0, 1, 0.0, 0.0);

INSERT INTO events (event_id, title, heat, report_count, duplicate_count, time_start, time_end, event_time, risk_level, stage, confidence, prob_latent, prob_growth, prob_peak, prob_decline, analysis, positive, neutral, negative, sources, summary, location, cause, people, authenticity, propagation, created_at, updated_at) VALUES (11, '阿根廷球星伦敦街头携家人现身，反转舆论风波', 2.064, 3, 0, '2026-07-12 22:02:49', '2026-07-12 22:09:59', '2026-07-12 12:00:00', 'low', 'peak', 0.6, 0.0, 0.2, 0.6, 0.2, '当前事件报道量已接近峰值，关注度趋于稳定，处于高潮期。', 0.222, 0.556, 0.222, '["微博", "新浪新闻"]', '阿根廷队史第1次世界杯6连胜。阿根廷队史第1次世界杯6连胜 #英格兰派出了贝林哄哈兰德#【#阿根廷队史第1次世界杯6连胜#】美加墨世界杯1/4决赛，阿根廷3比1战胜瑞士晋级半决赛。至此，阿根廷队本届世界杯取得了6连胜（小组赛3场：3:0阿尔及利亚、2:0奥地利、3:1约旦。', '伦敦、英格兰、瑞士', '阿根廷球星伦敦街头携家人现身，反转舆论风波。', '["史第"]', '{"credibility_score": 0.767, "official_ratio": 0.667, "verified_ratio": 1.0, "plain_user_ratio": 0.0, "verification_dist": {"官方平台": 0.667, "认证个人": 0.333}, "factors": ["well_sourced"]}', '{"key_nodes": [{"role": "初始爆料", "author": "崖上的毛毛", "platform": "新浪新闻", "verification_type": "官方平台", "publish_time": "2026-07-12T22:02:49", "influence": 0.0, "title": "阿根廷球星伦敦街头携家人现身，反转舆论风波"}, {"role": "传播高峰", "author": "芒果名探", "platform": "微博", "verification_type": "认证个人", "publish_time": "2026-07-12T22:07:27", "influence": 15.9, "title": "#鹿晗范志毅直播#7月12日晚鹿晗去范志毅直播间聊世界杯，这是他之前陷入舆论风波"}], "top_influencers": [{"author": "芒果名探", "platform": "微博", "verification_type": "认证个人", "publish_time": "2026-07-12T22:07:27", "influence": 15.9, "repost_count": 0, "like_count": 53, "comment_count": 0, "title": "#鹿晗范志毅直播#7月12日晚鹿晗去范志毅直播间聊世界杯，这是他之前陷入舆论风波"}], "platform_chain": {"nodes": [{"name": "新浪新闻", "count": 2, "first_seen": "2026-07-12T22:02:49"}, {"name": "微博", "count": 1, "first_seen": "2026-07-12T22:07:27"}], "links": [{"source": "新浪新闻", "target": "微博", "value": 1}]}}', '2026-07-13 19:10:32', '2026-07-13 19:10:32');
INSERT INTO event_keywords (event_id, word, weight, rank) VALUES (11, '连胜', 1.0, 0);
INSERT INTO event_keywords (event_id, word, weight, rank) VALUES (11, '世界杯', 0.761, 1);
INSERT INTO event_keywords (event_id, word, weight, rank) VALUES (11, '阿根廷队', 0.667, 2);
INSERT INTO event_keywords (event_id, word, weight, rank) VALUES (11, '鹿晗', 0.634, 3);
INSERT INTO event_keywords (event_id, word, weight, rank) VALUES (11, '范志毅', 0.634, 4);
INSERT INTO event_keywords (event_id, word, weight, rank) VALUES (11, '伦敦', 0.5, 5);
INSERT INTO event_keywords (event_id, word, weight, rank) VALUES (11, '街头', 0.5, 6);
INSERT INTO event_keywords (event_id, word, weight, rank) VALUES (11, '阿根廷', 0.38, 7);
INSERT INTO event_platforms (event_id, platform_name, ratio, rank) VALUES (11, '新浪新闻', 0.667, 0);
INSERT INTO event_platforms (event_id, platform_name, ratio, rank) VALUES (11, '微博', 0.333, 1);
INSERT INTO event_trend_daily (event_id, date, count, is_predicted) VALUES (11, '2026-07-12', 3, 0);
INSERT INTO event_trend_daily (event_id, date, count, is_predicted, predict_heat, predict_count) VALUES (11, '2026-07-13', 0, 1, 3.0, 3.0);
INSERT INTO event_trend_daily (event_id, date, count, is_predicted, predict_heat, predict_count) VALUES (11, '2026-07-14', 0, 1, 3.0, 3.0);
INSERT INTO event_trend_daily (event_id, date, count, is_predicted, predict_heat, predict_count) VALUES (11, '2026-07-15', 0, 1, 3.0, 3.0);

-- guangxi_flood.json: 15/20 clusters (heat >= 2.0)
INSERT INTO events (event_id, title, heat, report_count, duplicate_count, time_start, time_end, event_time, risk_level, stage, confidence, prob_latent, prob_growth, prob_peak, prob_decline, analysis, positive, neutral, negative, sources, summary, location, cause, people, authenticity, propagation, created_at, updated_at) VALUES (12, '第1现场｜无人机直击：六蓝水库附近村庄遭洪水侵袭_快看_澎湃新闻-The Paper', 25.717, 106, 0, '2026-06-01 08:59:41', '2026-07-12 22:09:40', '2026-07-12 12:00:00', 'mid_high', 'decline', 0.9, 0.0, 0.0, 0.1, 0.9, '当前事件报道数量持续下降，公众关注度减弱，处于衰退期。', 0.464, 0.321, 0.214, '["人民网", "微博", "新浪新闻", "澎湃新闻", "知乎"]', '时隔近半个世纪，北京陆续启动5座山区防洪水库规划建设——在永定河、拒马河、大石河、温榆河上游，规划建设永定河官厅山峡洪水控制工程、拒马河张坊洪水控制工程、二道河水库、钻子岭水库、西峰山水库。全市水库库容将达到100亿立方米 市水务局水利工程建设处处长樊斌介绍，按照“上蓄、中疏、下排、有效治洪”的原则，北京市全面推动防洪基础设施建设。从洞庭湖畔的千里堤防到闽江下游的防洪大堤，从龙山水库的土石坝到南水北调的宏伟工程，从黄土高原的淤地坝到华南丘陵的中型水库，探地雷达正以它独特的方式，为一座又一座大坝做着无声的“体检”。', '广西、横州、台风', '广西贵港抽水蓄能电站全面开工。', '["美莎克", "梁平", "邓剑洋", "陆绍相", "段朝达"]', '{"credibility_score": 0.642, "official_ratio": 0.528, "verified_ratio": 0.736, "plain_user_ratio": 0.264, "verification_dist": {"官方平台": 0.528, "普通用户": 0.264, "认证个人": 0.132, "认证机构": 0.038, "头部认证个人": 0.038}, "factors": ["well_sourced"]}', '{"key_nodes": [{"role": "首次官方媒体介入", "author": "人民网-图片频道", "platform": "人民网", "verification_type": "官方平台", "publish_time": "2026-06-01T08:59:41.000001", "influence": 0.0, "title": "湖南江华：水库风光美--图片频道--人民网"}, {"role": "首次大V发声", "author": "新浪热点", "platform": "微博", "verification_type": "认证机构", "publish_time": "2026-07-06T14:32:31", "influence": 274.5, "title": "#广西贵港辟谣两水库崩堤溃漏#【广西贵港：网传达开水库、石牛水库“崩堤溃漏”系谣"}, {"role": "初始爆料", "author": "波动科技", "platform": "知乎", "verification_type": "普通用户", "publish_time": "2026-07-07T10:54:14.999999", "influence": 0.3, "title": "广西六蓝水库溃坝之后：探地雷达如何为9.8万座大坝筑牢“看不见的防线”？ - 知"}, {"role": "传播高峰", "author": "央视新闻", "platform": "微博", "verification_type": "官方平台", "publish_time": "2026-07-09T12:37:54", "influence": 651.0, "title": "【#六蓝水库洪灾已致26死亡#】#广西洪灾已致39人遇难# 今天，#广西南宁防汛"}], "top_influencers": [{"author": "央视新闻", "platform": "微博", "verification_type": "官方平台", "publish_time": "2026-07-09T12:37:54", "influence": 651.0, "repost_count": 152, "like_count": 1275, "comment_count": 233, "title": "【#六蓝水库洪灾已致26死亡#】#广西洪灾已致39人遇难# 今天，#广西南宁防汛"}, {"author": "马上谈", "platform": "微博", "verification_type": "认证个人", "publish_time": "2026-07-09T06:15:00", "influence": 415.8, "repost_count": 126, "like_count": 821, "comment_count": 87, "title": "看到这篇文章很感慨：当年六蓝水库这类海量水利基建，账面几十年前就折旧清零，可实实"}, {"author": "秦枫", "platform": "微博", "verification_type": "认证个人", "publish_time": "2026-07-06T17:50:29", "influence": 303.6, "repost_count": 111, "like_count": 542, "comment_count": 60, "title": "广西特大暴雨，四个水库出现险情，六蓝水库决堤了[祈祷]希望村民们都能避险求生，目"}, {"author": "红歌会网", "platform": "知乎", "verification_type": "认证个人", "publish_time": "2026-07-07T18:25:10", "influence": 288.5, "repost_count": 0, "like_count": 485, "comment_count": 286, "title": "六蓝水库决堤，竟然有人怪大跃进 - 知乎"}, {"author": "新浪热点", "platform": "微博", "verification_type": "认证机构", "publish_time": "2026-07-06T14:32:31", "influence": 274.5, "repost_count": 15, "like_count": 660, "comment_count": 123, "title": "#广西贵港辟谣两水库崩堤溃漏#【广西贵港：网传达开水库、石牛水库“崩堤溃漏”系谣"}], "platform_chain": {"nodes": [{"name": "人民网", "count": 13, "first_seen": "2026-06-01T08:59:41.000001"}, {"name": "微博", "count": 23, "first_seen": "2026-07-06T14:32:31"}, {"name": "澎湃新闻", "count": 8, "first_seen": "2026-07-06T21:31:00"}, {"name": "知乎", "count": 28, "first_seen": "2026-07-07T10:33:42"}, {"name": "新浪新闻", "count": 26, "first_seen": "2026-07-09T16:02:28"}], "links": [{"source": "人民网", "target": "微博", "value": 23}, {"source": "微博", "target": "澎湃新闻", "value": 8}, {"source": "澎湃新闻", "target": "知乎", "value": 28}, {"source": "知乎", "target": "新浪新闻", "value": 26}]}}', '2026-07-13 19:10:32', '2026-07-13 19:10:32');
INSERT INTO event_keywords (event_id, word, weight, rank) VALUES (12, '水库', 1.0, 0);
INSERT INTO event_keywords (event_id, word, weight, rank) VALUES (12, '工程', 0.267, 1);
INSERT INTO event_keywords (event_id, word, weight, rank) VALUES (12, 's', 0.232, 2);
INSERT INTO event_keywords (event_id, word, weight, rank) VALUES (12, '雷达', 0.227, 3);
INSERT INTO event_keywords (event_id, word, weight, rank) VALUES (12, '建设', 0.227, 4);
INSERT INTO event_keywords (event_id, word, weight, rank) VALUES (12, '³', 0.225, 5);
INSERT INTO event_keywords (event_id, word, weight, rank) VALUES (12, '维护', 0.213, 6);
INSERT INTO event_keywords (event_id, word, weight, rank) VALUES (12, '探地', 0.211, 7);
INSERT INTO event_platforms (event_id, platform_name, ratio, rank) VALUES (12, '知乎', 0.264, 0);
INSERT INTO event_platforms (event_id, platform_name, ratio, rank) VALUES (12, '新浪新闻', 0.245, 1);
INSERT INTO event_platforms (event_id, platform_name, ratio, rank) VALUES (12, '微博', 0.217, 2);
INSERT INTO event_platforms (event_id, platform_name, ratio, rank) VALUES (12, '人民网', 0.198, 3);
INSERT INTO event_platforms (event_id, platform_name, ratio, rank) VALUES (12, '澎湃新闻', 0.075, 4);
INSERT INTO event_trend_daily (event_id, date, count, is_predicted) VALUES (12, '2026-06-01', 1, 0);
INSERT INTO event_trend_daily (event_id, date, count, is_predicted) VALUES (12, '2026-06-02', 0, 0);
INSERT INTO event_trend_daily (event_id, date, count, is_predicted) VALUES (12, '2026-06-03', 1, 0);
INSERT INTO event_trend_daily (event_id, date, count, is_predicted) VALUES (12, '2026-06-04', 1, 0);
INSERT INTO event_trend_daily (event_id, date, count, is_predicted) VALUES (12, '2026-06-05', 0, 0);
INSERT INTO event_trend_daily (event_id, date, count, is_predicted) VALUES (12, '2026-06-06', 0, 0);
INSERT INTO event_trend_daily (event_id, date, count, is_predicted) VALUES (12, '2026-06-07', 0, 0);
INSERT INTO event_trend_daily (event_id, date, count, is_predicted) VALUES (12, '2026-06-08', 0, 0);
INSERT INTO event_trend_daily (event_id, date, count, is_predicted) VALUES (12, '2026-06-09', 1, 0);
INSERT INTO event_trend_daily (event_id, date, count, is_predicted) VALUES (12, '2026-06-10', 0, 0);
INSERT INTO event_trend_daily (event_id, date, count, is_predicted) VALUES (12, '2026-06-11', 0, 0);
INSERT INTO event_trend_daily (event_id, date, count, is_predicted) VALUES (12, '2026-06-12', 1, 0);
INSERT INTO event_trend_daily (event_id, date, count, is_predicted) VALUES (12, '2026-06-13', 0, 0);
INSERT INTO event_trend_daily (event_id, date, count, is_predicted) VALUES (12, '2026-06-14', 0, 0);
INSERT INTO event_trend_daily (event_id, date, count, is_predicted) VALUES (12, '2026-06-15', 0, 0);
INSERT INTO event_trend_daily (event_id, date, count, is_predicted) VALUES (12, '2026-06-16', 0, 0);
INSERT INTO event_trend_daily (event_id, date, count, is_predicted) VALUES (12, '2026-06-17', 0, 0);
INSERT INTO event_trend_daily (event_id, date, count, is_predicted) VALUES (12, '2026-06-18', 0, 0);
INSERT INTO event_trend_daily (event_id, date, count, is_predicted) VALUES (12, '2026-06-19', 1, 0);
INSERT INTO event_trend_daily (event_id, date, count, is_predicted) VALUES (12, '2026-06-20', 0, 0);
INSERT INTO event_trend_daily (event_id, date, count, is_predicted) VALUES (12, '2026-06-21', 0, 0);
INSERT INTO event_trend_daily (event_id, date, count, is_predicted) VALUES (12, '2026-06-22', 1, 0);
INSERT INTO event_trend_daily (event_id, date, count, is_predicted) VALUES (12, '2026-06-23', 0, 0);
INSERT INTO event_trend_daily (event_id, date, count, is_predicted) VALUES (12, '2026-06-24', 0, 0);
INSERT INTO event_trend_daily (event_id, date, count, is_predicted) VALUES (12, '2026-06-25', 0, 0);
INSERT INTO event_trend_daily (event_id, date, count, is_predicted) VALUES (12, '2026-06-26', 0, 0);
INSERT INTO event_trend_daily (event_id, date, count, is_predicted) VALUES (12, '2026-06-27', 0, 0);
INSERT INTO event_trend_daily (event_id, date, count, is_predicted) VALUES (12, '2026-06-28', 0, 0);
INSERT INTO event_trend_daily (event_id, date, count, is_predicted) VALUES (12, '2026-06-29', 0, 0);
INSERT INTO event_trend_daily (event_id, date, count, is_predicted) VALUES (12, '2026-06-30', 0, 0);
INSERT INTO event_trend_daily (event_id, date, count, is_predicted) VALUES (12, '2026-07-01', 0, 0);
INSERT INTO event_trend_daily (event_id, date, count, is_predicted) VALUES (12, '2026-07-02', 0, 0);
INSERT INTO event_trend_daily (event_id, date, count, is_predicted) VALUES (12, '2026-07-03', 0, 0);
INSERT INTO event_trend_daily (event_id, date, count, is_predicted) VALUES (12, '2026-07-04', 0, 0);
INSERT INTO event_trend_daily (event_id, date, count, is_predicted) VALUES (12, '2026-07-05', 0, 0);
INSERT INTO event_trend_daily (event_id, date, count, is_predicted) VALUES (12, '2026-07-06', 4, 0);
INSERT INTO event_trend_daily (event_id, date, count, is_predicted) VALUES (12, '2026-07-07', 10, 0);
INSERT INTO event_trend_daily (event_id, date, count, is_predicted) VALUES (12, '2026-07-08', 5, 0);
INSERT INTO event_trend_daily (event_id, date, count, is_predicted) VALUES (12, '2026-07-09', 15, 0);
INSERT INTO event_trend_daily (event_id, date, count, is_predicted) VALUES (12, '2026-07-10', 14, 0);
INSERT INTO event_trend_daily (event_id, date, count, is_predicted) VALUES (12, '2026-07-11', 7, 0);
INSERT INTO event_trend_daily (event_id, date, count, is_predicted) VALUES (12, '2026-07-12', 36, 0);
INSERT INTO event_trend_daily (event_id, date, count, is_predicted, predict_heat, predict_count) VALUES (12, '2026-07-13', 0, 1, 47.0, 47.0);
INSERT INTO event_trend_daily (event_id, date, count, is_predicted, predict_heat, predict_count) VALUES (12, '2026-07-14', 0, 1, 58.0, 58.0);
INSERT INTO event_trend_daily (event_id, date, count, is_predicted, predict_heat, predict_count) VALUES (12, '2026-07-15', 0, 1, 69.0, 69.0);

INSERT INTO events (event_id, title, heat, report_count, duplicate_count, time_start, time_end, event_time, risk_level, stage, confidence, prob_latent, prob_growth, prob_peak, prob_decline, analysis, positive, neutral, negative, sources, summary, location, cause, people, authenticity, propagation, created_at, updated_at) VALUES (13, '广西横州无人机协会披露无人机吊人救援细节：吊起2人神图系AI合成_直击现场_澎湃新闻-The Paper', 10.964, 30, 0, '2026-07-07 23:30:38', '2026-07-12 21:00:00', '2026-07-12 12:00:00', 'mid', 'decline', 0.9, 0.0, 0.0, 0.1, 0.9, '当前事件报道数量持续下降，公众关注度减弱，处于衰退期。', 0.6, 0.333, 0.067, '["微博", "新浪新闻", "澎湃新闻", "知乎"]', '谈到网上那张救援人员和群众被无人机同时吊起的“神图”，梁为磊说，图片是AI生成的，但无人机一次吊起两个人并非不可能，只是因为风险较高，在横州地区尚未尝试过。浑浊洪水漫过一楼、淹没道路、冲断桥梁，村庄成孤岛，车辆困洪流，冲锋舟受湍急水流、电线阻拦无法靠近被困群众，一条震撼全网的救援视频，道尽最朴素的道理：规则是底线，生命是上限，原则上无人机严禁吊人，但危急关头，人民永远大于冰冷条文。如果死守 “无人机绝对不能吊人” 这条死板原则，眼睁睁看着被困群众困在洪水孤岛、等不到舟艇救援，错失黄金逃生时间，那规则就失去了存在的意义。', '广西、贵港、横州', '洪水过境贵港故土：见过无常，才懂平安是此生最大的福报 - 知乎。', '["美莎克", "陆军"]', '{"credibility_score": 0.53, "official_ratio": 0.4, "verified_ratio": 0.6, "plain_user_ratio": 0.4, "verification_dist": {"官方平台": 0.4, "普通用户": 0.4, "认证个人": 0.133, "认证机构": 0.067}, "factors": ["well_sourced"]}', '{"key_nodes": [{"role": "初始爆料", "author": "渡川见心", "platform": "知乎", "verification_type": "普通用户", "publish_time": "2026-07-07T23:30:38.000001", "influence": 0.0, "title": "洪水过境贵港故土：见过无常，才懂平安是此生最大的福报 - 知乎"}, {"role": "首次官方媒体介入", "author": "爆闻速递小哥", "platform": "新浪新闻", "verification_type": "官方平台", "publish_time": "2026-07-10T07:36:46", "influence": 0.0, "title": "广西暴雨超8000人抗洪救援"}, {"role": "传播高峰", "author": "大又元", "platform": "知乎", "verification_type": "普通用户", "publish_time": "2026-07-11T09:12:10", "influence": 385.0, "title": "命运反复出题，而你给出的答案一次比一次震撼！这个构图绝了，原则上无人机不能载人，"}, {"role": "首次大V发声", "author": "南宁融媒", "platform": "微博", "verification_type": "认证机构", "publish_time": "2026-07-12T18:02:00", "influence": 0.0, "title": "受台风“美莎克”影响，7月4日以来，南宁市出现了历史罕见的大范围持续性强降雨。7"}], "top_influencers": [{"author": "大又元", "platform": "知乎", "verification_type": "普通用户", "publish_time": "2026-07-11T09:12:10", "influence": 385.0, "repost_count": 0, "like_count": 1070, "comment_count": 128, "title": "命运反复出题，而你给出的答案一次比一次震撼！这个构图绝了，原则上无人机不能载人，"}, {"author": "金错刀", "platform": "知乎", "verification_type": "普通用户", "publish_time": "2026-07-12T09:27:49", "influence": 71.8, "repost_count": 0, "like_count": 196, "comment_count": 26, "title": "“主动塌房”的无人机，在广西洪灾中一夜封神 - 知乎"}, {"author": "躺赢板", "platform": "微博", "verification_type": "认证个人", "publish_time": "2026-07-11T12:03:28", "influence": 45.0, "repost_count": 3, "like_count": 110, "comment_count": 18, "title": "很心疼，知道价格之后更心疼了 ，那些在广西洪水里吊人救命的无人机，最便宜的五万多"}, {"author": "旅行厨男", "platform": "微博", "verification_type": "认证个人", "publish_time": "2026-07-12T14:19:36", "influence": 32.1, "repost_count": 6, "like_count": 77, "comment_count": 6, "title": "广西贵港，一位抗洪军人在救援途中偶遇自己的妻儿被救！[作揖][心][good]["}, {"author": "枫冷慕诗", "platform": "知乎", "verification_type": "普通用户", "publish_time": "2026-07-11T12:21:56", "influence": 31.1, "repost_count": 0, "like_count": 92, "comment_count": 7, "title": "因为用无人设备了，这次广西的洪水里，科技为人类开出了一条条逃生之路，当救援的冲锋"}], "platform_chain": {"nodes": [{"name": "知乎", "count": 12, "first_seen": "2026-07-07T23:30:38.000001"}, {"name": "新浪新闻", "count": 11, "first_seen": "2026-07-10T07:36:46"}, {"name": "澎湃新闻", "count": 1, "first_seen": "2026-07-11T10:56:00"}, {"name": "微博", "count": 6, "first_seen": "2026-07-11T12:03:28"}], "links": [{"source": "知乎", "target": "新浪新闻", "value": 11}, {"source": "新浪新闻", "target": "澎湃新闻", "value": 1}, {"source": "澎湃新闻", "target": "微博", "value": 6}]}}', '2026-07-13 19:10:32', '2026-07-13 19:10:32');
INSERT INTO event_keywords (event_id, word, weight, rank) VALUES (13, '无人机', 1.0, 0);
INSERT INTO event_keywords (event_id, word, weight, rank) VALUES (13, '救援', 0.297, 1);
INSERT INTO event_keywords (event_id, word, weight, rank) VALUES (13, '洪水', 0.274, 2);
INSERT INTO event_keywords (event_id, word, weight, rank) VALUES (13, '无人', 0.249, 3);
INSERT INTO event_keywords (event_id, word, weight, rank) VALUES (13, '深圳', 0.18, 4);
INSERT INTO event_keywords (event_id, word, weight, rank) VALUES (13, '安置', 0.176, 5);
INSERT INTO event_keywords (event_id, word, weight, rank) VALUES (13, '群众', 0.171, 6);
INSERT INTO event_keywords (event_id, word, weight, rank) VALUES (13, 'AI', 0.158, 7);
INSERT INTO event_platforms (event_id, platform_name, ratio, rank) VALUES (13, '知乎', 0.4, 0);
INSERT INTO event_platforms (event_id, platform_name, ratio, rank) VALUES (13, '新浪新闻', 0.367, 1);
INSERT INTO event_platforms (event_id, platform_name, ratio, rank) VALUES (13, '微博', 0.2, 2);
INSERT INTO event_platforms (event_id, platform_name, ratio, rank) VALUES (13, '澎湃新闻', 0.033, 3);
INSERT INTO event_trend_daily (event_id, date, count, is_predicted) VALUES (13, '2026-07-07', 1, 0);
INSERT INTO event_trend_daily (event_id, date, count, is_predicted) VALUES (13, '2026-07-08', 0, 0);
INSERT INTO event_trend_daily (event_id, date, count, is_predicted) VALUES (13, '2026-07-09', 0, 0);
INSERT INTO event_trend_daily (event_id, date, count, is_predicted) VALUES (13, '2026-07-10', 7, 0);
INSERT INTO event_trend_daily (event_id, date, count, is_predicted) VALUES (13, '2026-07-11', 7, 0);
INSERT INTO event_trend_daily (event_id, date, count, is_predicted) VALUES (13, '2026-07-12', 15, 0);
INSERT INTO event_trend_daily (event_id, date, count, is_predicted, predict_heat, predict_count) VALUES (13, '2026-07-13', 0, 1, 19.0, 19.0);
INSERT INTO event_trend_daily (event_id, date, count, is_predicted, predict_heat, predict_count) VALUES (13, '2026-07-14', 0, 1, 23.0, 23.0);
INSERT INTO event_trend_daily (event_id, date, count, is_predicted, predict_heat, predict_count) VALUES (13, '2026-07-15', 0, 1, 27.0, 27.0);

INSERT INTO events (event_id, title, heat, report_count, duplicate_count, time_start, time_end, event_time, risk_level, stage, confidence, prob_latent, prob_growth, prob_peak, prob_decline, analysis, positive, neutral, negative, sources, summary, location, cause, people, authenticity, propagation, created_at, updated_at) VALUES (14, '肖战和小飞侠都是棒棒哒！执行力强，统筹能力强！小飞侠们太棒了！！！！', 6.934, 11, 0, '2026-07-12 11:19:07', '2026-07-12 22:09:04', '2026-07-12 12:00:00', 'mid', 'growth', 0.7, 0.15, 0.7, 0.15, 0.0, '当前事件报道数量持续增加，公众关注度快速提升，处于成长期。', 0.781, 0.219, 0.0, '["微博"]', '广西贵港港北区受洪涝侵袭， 肖战粉丝小飞侠迅速集结筹备大批防汛应急物资，消杀用品、食品、无人机、对讲机、救生艇等十余类急需物资整装发车，专车奔赴灾区一线，用实打实的物资帮扶解决群众难题。#于适yosh[超话]##携手明天驰援水灾#由@于适Yosh 捐赠的救灾物资已运抵广西贵港，发放至贵。#于适yosh[超话]##携手明天驰援水灾#由@于适Yosh 捐赠的救灾物资已运抵广西贵港，发放至贵港市覃塘区三里镇水仙村。', '广西、贵港、防城港', '肖战和小飞侠都是棒棒哒。', '["覃塘区", "王一博"]', '{"credibility_score": 0.427, "official_ratio": 0.0, "verified_ratio": 0.818, "plain_user_ratio": 0.182, "verification_dist": {"认证个人": 0.455, "认证机构": 0.364, "普通用户": 0.182}, "factors": ["official_absent"]}', '{"key_nodes": [{"role": "首次大V发声", "author": "黄晓明明天爱心基金", "platform": "微博", "verification_type": "认证机构", "publish_time": "2026-07-12T19:16:02", "influence": 20.4, "title": "#携手明天驰援水灾##广西抗洪# 携手明天联合51位明星筹集的第8、9、11、1"}, {"role": "传播高峰", "author": "扬帆计划", "platform": "微博", "verification_type": "认证机构", "publish_time": "2026-07-12T19:35:29", "influence": 2039.8, "title": "【硬核驰援！@博肖爱心联盟 防汛清淤物资连夜奔赴防城港】 #直击广西洪涝救援# "}, {"role": "初始爆料", "author": "蓝色牵牛花1234", "platform": "微博", "verification_type": "普通用户", "publish_time": "2026-07-12T21:58:37", "influence": 3.4, "title": "#肖战粉丝驰援广西洪水救援物资# 点点微光，汇聚爱意，#肖战公益一路有你##肖战"}], "top_influencers": [{"author": "扬帆计划", "platform": "微博", "verification_type": "认证机构", "publish_time": "2026-07-12T19:35:29", "influence": 2039.8, "repost_count": 1513, "like_count": 1421, "comment_count": 201, "title": "【硬核驰援！@博肖爱心联盟 防汛清淤物资连夜奔赴防城港】 #直击广西洪涝救援# "}, {"author": "华晨宇全球歌迷会官博", "platform": "微博", "verification_type": "认证机构", "publish_time": "2026-07-12T21:58:36", "influence": 918.1, "repost_count": 564, "like_count": 777, "comment_count": 242, "title": "#华晨宇粉丝捐款广西洪涝灾区# 【紧急驰援广西水灾项目进展同步】 📍物资整体落地"}, {"author": "鹿晗吧_LuhanBar", "platform": "微博", "verification_type": "认证机构", "publish_time": "2026-07-12T19:47:28.999999", "influence": 680.7, "repost_count": 259, "like_count": 1139, "comment_count": 160, "title": "#与鹿晗益起来# 【鹿晗粉丝驰援广西暴雨洪水灾区|第二批爱心生活物资已送达】 7"}, {"author": "小星仔May", "platform": "微博", "verification_type": "认证个人", "publish_time": "2026-07-12T11:19:07", "influence": 215.4, "repost_count": 32, "like_count": 578, "comment_count": 20, "title": "肖战和小飞侠都是棒棒哒！执行力强，统筹能力强！小飞侠们太棒了！！！！"}, {"author": "低调转身的少年", "platform": "微博", "verification_type": "认证个人", "publish_time": "2026-07-12T12:22:01", "influence": 212.1, "repost_count": 34, "like_count": 557, "comment_count": 22, "title": "#六蓝水库下游村庄现状#肖战小飞侠捐赠的清淤抢修物资和大疆无人机设备都投入到使用"}], "platform_chain": {"nodes": [{"name": "微博", "count": 11, "first_seen": "2026-07-12T11:19:07"}], "links": []}}', '2026-07-13 19:10:32', '2026-07-13 19:10:32');
INSERT INTO event_keywords (event_id, word, weight, rank) VALUES (14, '小飞侠', 1.0, 0);
INSERT INTO event_keywords (event_id, word, weight, rank) VALUES (14, '贵港', 0.619, 1);
INSERT INTO event_keywords (event_id, word, weight, rank) VALUES (14, '于适', 0.612, 2);
INSERT INTO event_keywords (event_id, word, weight, rank) VALUES (14, '物资', 0.563, 3);
INSERT INTO event_keywords (event_id, word, weight, rank) VALUES (14, '爱心', 0.538, 4);
INSERT INTO event_keywords (event_id, word, weight, rank) VALUES (14, '明天', 0.525, 5);
INSERT INTO event_keywords (event_id, word, weight, rank) VALUES (14, '硬核', 0.525, 6);
INSERT INTO event_keywords (event_id, word, weight, rank) VALUES (14, '肖战', 0.451, 7);
INSERT INTO event_platforms (event_id, platform_name, ratio, rank) VALUES (14, '微博', 1.0, 0);
INSERT INTO event_trend_daily (event_id, date, count, is_predicted) VALUES (14, '2026-07-12', 11, 0);
INSERT INTO event_trend_daily (event_id, date, count, is_predicted, predict_heat, predict_count) VALUES (14, '2026-07-13', 0, 1, 11.0, 11.0);
INSERT INTO event_trend_daily (event_id, date, count, is_predicted, predict_heat, predict_count) VALUES (14, '2026-07-14', 0, 1, 11.0, 11.0);
INSERT INTO event_trend_daily (event_id, date, count, is_predicted, predict_heat, predict_count) VALUES (14, '2026-07-15', 0, 1, 11.0, 11.0);

INSERT INTO events (event_id, title, heat, report_count, duplicate_count, time_start, time_end, event_time, risk_level, stage, confidence, prob_latent, prob_growth, prob_peak, prob_decline, analysis, positive, neutral, negative, sources, summary, location, cause, people, authenticity, propagation, created_at, updated_at) VALUES (15, '多地出现民办高校三、四轮征集志愿后仍未招满现象，专家：需改变办学思路_直击现场_澎湃新闻-The Paper', 6.305, 27, 0, '2026-07-07 10:59:04', '2026-07-12 21:57:46', '2026-07-10 12:00:00', 'mid', 'peak', 0.9, 0.0, 0.05, 0.9, 0.05, '当前事件报道量已接近峰值，关注度趋于稳定，处于高潮期。', 0.722, 0.278, 0.0, '["人民网", "微博", "新浪新闻", "澎湃新闻", "知乎"]', '在最后征集志愿时，这些高校的录取分数线普遍比最初降低了30分或40分，所涉及的学校多数为民办本科院校。经第三次征集志愿，广东仍有多所民办本科院校出现“未招满”现象。广东一所民办本科院校招生办工作人员向澎湃新闻表示，该校进行了三次志愿征集，学生仍未招满。', '广西、贵港、台风', '多地出现民办高校三、四轮征集志愿后仍未招满现象，专家：需改变办学思路_直击现场_澎湃新闻-The Paper。', '["美莎克", "高中生", "覃塘", "石卡", "何宁"]', '{"credibility_score": 0.846, "official_ratio": 0.778, "verified_ratio": 0.926, "plain_user_ratio": 0.074, "verification_dist": {"官方平台": 0.778, "认证个人": 0.111, "普通用户": 0.074, "认证机构": 0.037}, "factors": ["well_sourced"]}', '{"key_nodes": [{"role": "首次官方媒体介入", "author": "人民网－广西频道", "platform": "人民网", "verification_type": "官方平台", "publish_time": "2026-07-07T10:59:04", "influence": 0.0, "title": "贵港市老年大学开展主题活动礼赞城市发展"}, {"role": "初始爆料", "author": "LECOME乐康优品", "platform": "知乎", "verification_type": "普通用户", "publish_time": "2026-07-10T10:06:16", "influence": 0.3, "title": "贵港1.2万师生被困“孤岛”，解放军冲锋舟劈开洪水：灾难面前的“中国速度”是怎么"}, {"role": "传播高峰", "author": "绿茶发言大赏", "platform": "微博", "verification_type": "认证个人", "publish_time": "2026-07-10T20:03:27", "influence": 6381.2, "title": "感觉这张照片可以上《感动中国》了[苦涩] 广西贵港洪灾区蓝天救援队在转移贵港高中"}, {"role": "首次大V发声", "author": "先锋新闻", "platform": "微博", "verification_type": "认证机构", "publish_time": "2026-07-11T15:22:53", "influence": 1656.7, "title": "【#校长提前6小时预判跑赢洪水#】#校长预判险情安全转移3000名学生# 近日，"}], "top_influencers": [{"author": "绿茶发言大赏", "platform": "微博", "verification_type": "认证个人", "publish_time": "2026-07-10T20:03:27", "influence": 6381.2, "repost_count": 581, "like_count": 18819, "comment_count": 309, "title": "感觉这张照片可以上《感动中国》了[苦涩] 广西贵港洪灾区蓝天救援队在转移贵港高中"}, {"author": "秦祎墨", "platform": "微博", "verification_type": "认证个人", "publish_time": "2026-07-11T13:40:39", "influence": 5182.4, "repost_count": 1694, "like_count": 11523, "comment_count": 63, "title": "最近有两个新闻： 第一个新闻：广西洪水，有很多学生被困学校，转以后其实接走的都不"}, {"author": "央视新闻", "platform": "微博", "verification_type": "官方平台", "publish_time": "2026-07-11T20:19:25", "influence": 3806.9, "repost_count": 764, "like_count": 9323, "comment_count": 492, "title": "#广西学生实拍从被困到撤离#【#广西高中生拍的视频泪目了#[抱抱]】从被洪水围困"}, {"author": "先锋新闻", "platform": "微博", "verification_type": "认证机构", "publish_time": "2026-07-11T15:22:53", "influence": 1656.7, "repost_count": 174, "like_count": 4714, "comment_count": 137, "title": "【#校长提前6小时预判跑赢洪水#】#校长预判险情安全转移3000名学生# 近日，"}, {"author": "少女老潇", "platform": "知乎", "verification_type": "认证个人", "publish_time": "2026-07-10T16:33:50", "influence": 1.2, "repost_count": 0, "like_count": 4, "comment_count": 0, "title": "从广西洪灾认识中国安能 - 知乎"}], "platform_chain": {"nodes": [{"name": "人民网", "count": 7, "first_seen": "2026-07-07T10:59:04"}, {"name": "澎湃新闻", "count": 5, "first_seen": "2026-07-07T22:38:00"}, {"name": "知乎", "count": 3, "first_seen": "2026-07-10T10:06:16"}, {"name": "新浪新闻", "count": 6, "first_seen": "2026-07-10T14:24:41.000001"}, {"name": "微博", "count": 4, "first_seen": "2026-07-10T20:03:27"}], "links": [{"source": "人民网", "target": "澎湃新闻", "value": 5}, {"source": "澎湃新闻", "target": "知乎", "value": 3}, {"source": "知乎", "target": "新浪新闻", "value": 6}, {"source": "新浪新闻", "target": "微博", "value": 4}]}}', '2026-07-13 19:10:32', '2026-07-13 19:10:32');
INSERT INTO event_keywords (event_id, word, weight, rank) VALUES (15, '本科', 1.0, 0);
INSERT INTO event_keywords (event_id, word, weight, rank) VALUES (15, '招生', 0.917, 1);
INSERT INTO event_keywords (event_id, word, weight, rank) VALUES (15, '民办', 0.896, 2);
INSERT INTO event_keywords (event_id, word, weight, rank) VALUES (15, '院校', 0.537, 3);
INSERT INTO event_keywords (event_id, word, weight, rank) VALUES (15, '征集', 0.479, 4);
INSERT INTO event_keywords (event_id, word, weight, rank) VALUES (15, '志愿', 0.444, 5);
INSERT INTO event_keywords (event_id, word, weight, rank) VALUES (15, '学生', 0.442, 6);
INSERT INTO event_keywords (event_id, word, weight, rank) VALUES (15, '救援', 0.397, 7);
INSERT INTO event_platforms (event_id, platform_name, ratio, rank) VALUES (15, '人民网', 0.296, 0);
INSERT INTO event_platforms (event_id, platform_name, ratio, rank) VALUES (15, '澎湃新闻', 0.222, 1);
INSERT INTO event_platforms (event_id, platform_name, ratio, rank) VALUES (15, '新浪新闻', 0.222, 2);
INSERT INTO event_platforms (event_id, platform_name, ratio, rank) VALUES (15, '微博', 0.148, 3);
INSERT INTO event_platforms (event_id, platform_name, ratio, rank) VALUES (15, '知乎', 0.111, 4);
INSERT INTO event_trend_daily (event_id, date, count, is_predicted) VALUES (15, '2026-07-07', 2, 0);
INSERT INTO event_trend_daily (event_id, date, count, is_predicted) VALUES (15, '2026-07-08', 0, 0);
INSERT INTO event_trend_daily (event_id, date, count, is_predicted) VALUES (15, '2026-07-09', 4, 0);
INSERT INTO event_trend_daily (event_id, date, count, is_predicted) VALUES (15, '2026-07-10', 7, 0);
INSERT INTO event_trend_daily (event_id, date, count, is_predicted) VALUES (15, '2026-07-11', 6, 0);
INSERT INTO event_trend_daily (event_id, date, count, is_predicted) VALUES (15, '2026-07-12', 6, 0);
INSERT INTO event_trend_daily (event_id, date, count, is_predicted, predict_heat, predict_count) VALUES (15, '2026-07-13', 0, 1, 5.5, 5.5);
INSERT INTO event_trend_daily (event_id, date, count, is_predicted, predict_heat, predict_count) VALUES (15, '2026-07-14', 0, 1, 5.0, 5.0);
INSERT INTO event_trend_daily (event_id, date, count, is_predicted, predict_heat, predict_count) VALUES (15, '2026-07-15', 0, 1, 4.5, 4.5);

INSERT INTO events (event_id, title, heat, report_count, duplicate_count, time_start, time_end, event_time, risk_level, stage, confidence, prob_latent, prob_growth, prob_peak, prob_decline, analysis, positive, neutral, negative, sources, summary, location, cause, people, authenticity, propagation, created_at, updated_at) VALUES (16, '广西洪水后的第一现场', 6.218, 16, 0, '2026-07-10 07:02:00', '2026-07-12 19:54:19', '2026-07-12 12:00:00', 'mid', 'decline', 0.9, 0.0, 0.0, 0.1, 0.9, '当前事件报道数量持续下降，公众关注度减弱，处于衰退期。', 0.75, 0.125, 0.125, '["微博", "新浪新闻"]', '广西花洪水退后抢洗茉莉花叶 #洪水渐退广西花农下田清洗茉莉花#洪水退了，花农第一件事不是修机器，是洗叶子——因为淤泥少盖一秒，茉莉就多活一分。洪水渐退广西花农抢洗茉莉保生计 洪水逐步褪去，广西横州这片“世界茉莉花都”迎来灾后自救，眼下正值伏花盛采期，洪水浸泡让整片花田沾满黄泥，花苞与枝叶都裹着泥沙。#微博视频创作计划##微博热点优质创作计划##微博二创视频创作季##一分钟精选视频扶持计划##跨界破圈热点共创##洪水渐退广西花农下田清洗茉莉花#。', '广西、横州、贵港', '人民的军队正在接受人民的检阅。', '["陆军", "廖先生"]', '{"credibility_score": 0.925, "official_ratio": 0.875, "verified_ratio": 1.0, "plain_user_ratio": 0.0, "verification_dist": {"官方平台": 0.875, "认证个人": 0.062, "头部认证个人": 0.062}, "factors": ["well_sourced"]}', '{"key_nodes": [{"role": "初始爆料", "author": "牧星观海天", "platform": "微博", "verification_type": "认证个人", "publish_time": "2026-07-10T07:02:00", "influence": 855.0, "title": "人民的军队正在接受人民的检阅。#热点现场##贵港街头解放军军车一眼望不到头#"}, {"role": "首次官方媒体介入", "author": "轻斟浅醉Violet", "platform": "新浪新闻", "verification_type": "官方平台", "publish_time": "2026-07-11T10:33:25", "influence": 0.0, "title": "广西洪水后的第一现场"}, {"role": "传播高峰", "author": "人民日报", "platform": "微博", "verification_type": "官方平台", "publish_time": "2026-07-11T21:46:18", "influence": 3684.1, "title": "#这就是人民子弟兵给的安全感#【#清淤现场村民朝子弟兵竖起大拇指#】连日来，广西"}, {"role": "首次大V发声", "author": "顺得招财猫", "platform": "微博", "verification_type": "头部认证个人", "publish_time": "2026-07-12T07:49:05", "influence": 19.1, "title": "洪水退去后的村庄，满目都是三米高的水痕和厚厚的淤泥。村民们顾不上叹气，开始清淤自"}], "top_influencers": [{"author": "人民日报", "platform": "微博", "verification_type": "官方平台", "publish_time": "2026-07-11T21:46:18", "influence": 3684.1, "repost_count": 319, "like_count": 10212, "comment_count": 603, "title": "#这就是人民子弟兵给的安全感#【#清淤现场村民朝子弟兵竖起大拇指#】连日来，广西"}, {"author": "新华社", "platform": "微博", "verification_type": "官方平台", "publish_time": "2026-07-12T10:05:19", "influence": 1966.4, "repost_count": 333, "like_count": 4818, "comment_count": 376, "title": "【#洪水退去后这一幕让人泪目#】近日，广西南宁，洪水退去后这一幕看哭了，战士们大"}, {"author": "牧星观海天", "platform": "微博", "verification_type": "认证个人", "publish_time": "2026-07-10T07:02:00", "influence": 855.0, "repost_count": 144, "like_count": 2240, "comment_count": 78, "title": "人民的军队正在接受人民的检阅。#热点现场##贵港街头解放军军车一眼望不到头#"}, {"author": "人民网", "platform": "微博", "verification_type": "官方平台", "publish_time": "2026-07-12T10:50:01", "influence": 289.8, "repost_count": 52, "like_count": 691, "comment_count": 61, "title": "【#子弟兵清淤时遇到战友妈妈#】广西南宁市宾阳县甘棠镇，洪水退去后街巷淤泥堆积，"}, {"author": "顺得招财猫", "platform": "微博", "verification_type": "头部认证个人", "publish_time": "2026-07-12T07:49:05", "influence": 19.1, "repost_count": 0, "like_count": 62, "comment_count": 1, "title": "洪水退去后的村庄，满目都是三米高的水痕和厚厚的淤泥。村民们顾不上叹气，开始清淤自"}], "platform_chain": {"nodes": [{"name": "微博", "count": 5, "first_seen": "2026-07-10T07:02:00"}, {"name": "新浪新闻", "count": 11, "first_seen": "2026-07-11T10:33:25"}], "links": [{"source": "微博", "target": "新浪新闻", "value": 11}]}}', '2026-07-13 19:10:32', '2026-07-13 19:10:32');
INSERT INTO event_keywords (event_id, word, weight, rank) VALUES (16, '花农', 1.0, 0);
INSERT INTO event_keywords (event_id, word, weight, rank) VALUES (16, '茉莉花', 0.688, 1);
INSERT INTO event_keywords (event_id, word, weight, rank) VALUES (16, '道路', 0.538, 2);
INSERT INTO event_keywords (event_id, word, weight, rank) VALUES (16, '洪水', 0.506, 3);
INSERT INTO event_keywords (event_id, word, weight, rank) VALUES (16, '退去', 0.493, 4);
INSERT INTO event_keywords (event_id, word, weight, rank) VALUES (16, '连夜', 0.461, 5);
INSERT INTO event_keywords (event_id, word, weight, rank) VALUES (16, '一幕', 0.413, 6);
INSERT INTO event_keywords (event_id, word, weight, rank) VALUES (16, '子弟兵', 0.413, 7);
INSERT INTO event_platforms (event_id, platform_name, ratio, rank) VALUES (16, '新浪新闻', 0.688, 0);
INSERT INTO event_platforms (event_id, platform_name, ratio, rank) VALUES (16, '微博', 0.312, 1);
INSERT INTO event_trend_daily (event_id, date, count, is_predicted) VALUES (16, '2026-07-10', 1, 0);
INSERT INTO event_trend_daily (event_id, date, count, is_predicted) VALUES (16, '2026-07-11', 7, 0);
INSERT INTO event_trend_daily (event_id, date, count, is_predicted) VALUES (16, '2026-07-12', 8, 0);
INSERT INTO event_trend_daily (event_id, date, count, is_predicted, predict_heat, predict_count) VALUES (16, '2026-07-13', 0, 1, 11.5, 11.5);
INSERT INTO event_trend_daily (event_id, date, count, is_predicted, predict_heat, predict_count) VALUES (16, '2026-07-14', 0, 1, 15.0, 15.0);
INSERT INTO event_trend_daily (event_id, date, count, is_predicted, predict_heat, predict_count) VALUES (16, '2026-07-15', 0, 1, 18.5, 18.5);

INSERT INTO events (event_id, title, heat, report_count, duplicate_count, time_start, time_end, event_time, risk_level, stage, confidence, prob_latent, prob_growth, prob_peak, prob_decline, analysis, positive, neutral, negative, sources, summary, location, cause, people, authenticity, propagation, created_at, updated_at) VALUES (17, '三部门调拨中央救灾物资支持湖南、广西做好救灾救助工作_中国政库_澎湃新闻-The Paper', 5.752, 28, 0, '2026-06-04 11:21:26', '2026-07-12 21:38:00', '2026-07-09 12:00:00', 'mid', 'peak', 0.9, 0.0, 0.05, 0.9, 0.05, '当前事件报道量已接近峰值，关注度趋于稳定，处于高潮期。', 0.429, 0.429, 0.143, '["人民网", "新浪新闻", "澎湃新闻", "知乎"]', '面对严峻汛情，中国人寿财险广西分公司高度重视，第一时间启动大灾应急预案，成立应急领导小组和现场理赔救援工作组，全面投入抢险救灾，筑牢防汛救灾坚实屏障。4月27日，中国人寿财险广西分公司理赔服务部联合中国人寿财险钦州中支召开应急部署工作会议，启动一级大灾工作预案，全面加强物资储备、资源保障、人员调配与服务举措，最大限度减少暴雨可能造成的灾害影响。贵港特大暴雨发生后，中国人寿财险广西分公司立即启动大灾应急处置预案，中国人寿财险贵港中支全面进入应急作战状态，班子成员靠前指挥，全体理赔人员迅速到岗到位。', '广西、贵港、中国', '中国人寿财险广西分公司高效应对钦州特大暴雨。', '["美莎克", "许勤", "张国清", "汤圆"]', '{"credibility_score": 0.886, "official_ratio": 0.857, "verified_ratio": 0.929, "plain_user_ratio": 0.071, "verification_dist": {"官方平台": 0.857, "认证个人": 0.071, "普通用户": 0.071}, "factors": ["well_sourced"]}', '{"key_nodes": [{"role": "首次官方媒体介入", "author": "人民网－广西频道", "platform": "人民网", "verification_type": "官方平台", "publish_time": "2026-06-04T11:21:26", "influence": 0.0, "title": "中国人寿贵港分公司举办青年员工座谈会"}, {"role": "传播高峰", "author": "中国电信", "platform": "知乎", "verification_type": "认证个人", "publish_time": "2026-07-10T17:00:03", "influence": 2.2, "title": "云网筑盾 风雨同心 中国电信贵港分公司全力护航“美莎克”防汛救灾 - 知乎"}, {"role": "初始爆料", "author": "山巅晨阳", "platform": "知乎", "verification_type": "普通用户", "publish_time": "2026-07-11T08:53:37", "influence": 0.0, "title": "广西汛情趋缓，但子弟兵仍在泥泞中抢通最后一公里 - 知乎"}], "top_influencers": [{"author": "中国电信", "platform": "知乎", "verification_type": "认证个人", "publish_time": "2026-07-10T17:00:03", "influence": 2.2, "repost_count": 0, "like_count": 4, "comment_count": 2, "title": "云网筑盾 风雨同心 中国电信贵港分公司全力护航“美莎克”防汛救灾 - 知乎"}], "platform_chain": {"nodes": [{"name": "人民网", "count": 13, "first_seen": "2026-06-04T11:21:26"}, {"name": "澎湃新闻", "count": 6, "first_seen": "2026-07-08T07:33:00"}, {"name": "知乎", "count": 4, "first_seen": "2026-07-09T10:00:03"}, {"name": "新浪新闻", "count": 2, "first_seen": "2026-07-12T15:00:01"}], "links": [{"source": "人民网", "target": "澎湃新闻", "value": 6}, {"source": "澎湃新闻", "target": "知乎", "value": 4}, {"source": "知乎", "target": "新浪新闻", "value": 2}]}}', '2026-07-13 19:10:32', '2026-07-13 19:10:32');
INSERT INTO event_keywords (event_id, word, weight, rank) VALUES (17, '理赔', 1.0, 0);
INSERT INTO event_keywords (event_id, word, weight, rank) VALUES (17, '电信', 0.721, 1);
INSERT INTO event_keywords (event_id, word, weight, rank) VALUES (17, '应急', 0.66, 2);
INSERT INTO event_keywords (event_id, word, weight, rank) VALUES (17, '财险', 0.638, 3);
INSERT INTO event_keywords (event_id, word, weight, rank) VALUES (17, '贵港', 0.622, 4);
INSERT INTO event_keywords (event_id, word, weight, rank) VALUES (17, '客户', 0.605, 5);
INSERT INTO event_keywords (event_id, word, weight, rank) VALUES (17, '人寿', 0.581, 6);
INSERT INTO event_keywords (event_id, word, weight, rank) VALUES (17, '分公司', 0.559, 7);
INSERT INTO event_platforms (event_id, platform_name, ratio, rank) VALUES (17, '人民网', 0.536, 0);
INSERT INTO event_platforms (event_id, platform_name, ratio, rank) VALUES (17, '澎湃新闻', 0.25, 1);
INSERT INTO event_platforms (event_id, platform_name, ratio, rank) VALUES (17, '知乎', 0.143, 2);
INSERT INTO event_platforms (event_id, platform_name, ratio, rank) VALUES (17, '新浪新闻', 0.071, 3);
INSERT INTO event_trend_daily (event_id, date, count, is_predicted) VALUES (17, '2026-06-04', 1, 0);
INSERT INTO event_trend_daily (event_id, date, count, is_predicted) VALUES (17, '2026-06-05', 1, 0);
INSERT INTO event_trend_daily (event_id, date, count, is_predicted) VALUES (17, '2026-06-06', 0, 0);
INSERT INTO event_trend_daily (event_id, date, count, is_predicted) VALUES (17, '2026-06-07', 0, 0);
INSERT INTO event_trend_daily (event_id, date, count, is_predicted) VALUES (17, '2026-06-08', 0, 0);
INSERT INTO event_trend_daily (event_id, date, count, is_predicted) VALUES (17, '2026-06-09', 0, 0);
INSERT INTO event_trend_daily (event_id, date, count, is_predicted) VALUES (17, '2026-06-10', 0, 0);
INSERT INTO event_trend_daily (event_id, date, count, is_predicted) VALUES (17, '2026-06-11', 0, 0);
INSERT INTO event_trend_daily (event_id, date, count, is_predicted) VALUES (17, '2026-06-12', 0, 0);
INSERT INTO event_trend_daily (event_id, date, count, is_predicted) VALUES (17, '2026-06-13', 0, 0);
INSERT INTO event_trend_daily (event_id, date, count, is_predicted) VALUES (17, '2026-06-14', 0, 0);
INSERT INTO event_trend_daily (event_id, date, count, is_predicted) VALUES (17, '2026-06-15', 0, 0);
INSERT INTO event_trend_daily (event_id, date, count, is_predicted) VALUES (17, '2026-06-16', 0, 0);
INSERT INTO event_trend_daily (event_id, date, count, is_predicted) VALUES (17, '2026-06-17', 0, 0);
INSERT INTO event_trend_daily (event_id, date, count, is_predicted) VALUES (17, '2026-06-18', 0, 0);
INSERT INTO event_trend_daily (event_id, date, count, is_predicted) VALUES (17, '2026-06-19', 0, 0);
INSERT INTO event_trend_daily (event_id, date, count, is_predicted) VALUES (17, '2026-06-20', 0, 0);
INSERT INTO event_trend_daily (event_id, date, count, is_predicted) VALUES (17, '2026-06-21', 0, 0);
INSERT INTO event_trend_daily (event_id, date, count, is_predicted) VALUES (17, '2026-06-22', 1, 0);
INSERT INTO event_trend_daily (event_id, date, count, is_predicted) VALUES (17, '2026-06-23', 0, 0);
INSERT INTO event_trend_daily (event_id, date, count, is_predicted) VALUES (17, '2026-06-24', 0, 0);
INSERT INTO event_trend_daily (event_id, date, count, is_predicted) VALUES (17, '2026-06-25', 0, 0);
INSERT INTO event_trend_daily (event_id, date, count, is_predicted) VALUES (17, '2026-06-26', 0, 0);
INSERT INTO event_trend_daily (event_id, date, count, is_predicted) VALUES (17, '2026-06-27', 0, 0);
INSERT INTO event_trend_daily (event_id, date, count, is_predicted) VALUES (17, '2026-06-28', 0, 0);
INSERT INTO event_trend_daily (event_id, date, count, is_predicted) VALUES (17, '2026-06-29', 0, 0);
INSERT INTO event_trend_daily (event_id, date, count, is_predicted) VALUES (17, '2026-06-30', 0, 0);
INSERT INTO event_trend_daily (event_id, date, count, is_predicted) VALUES (17, '2026-07-01', 0, 0);
INSERT INTO event_trend_daily (event_id, date, count, is_predicted) VALUES (17, '2026-07-02', 0, 0);
INSERT INTO event_trend_daily (event_id, date, count, is_predicted) VALUES (17, '2026-07-03', 0, 0);
INSERT INTO event_trend_daily (event_id, date, count, is_predicted) VALUES (17, '2026-07-04', 0, 0);
INSERT INTO event_trend_daily (event_id, date, count, is_predicted) VALUES (17, '2026-07-05', 0, 0);
INSERT INTO event_trend_daily (event_id, date, count, is_predicted) VALUES (17, '2026-07-06', 0, 0);
INSERT INTO event_trend_daily (event_id, date, count, is_predicted) VALUES (17, '2026-07-07', 0, 0);
INSERT INTO event_trend_daily (event_id, date, count, is_predicted) VALUES (17, '2026-07-08', 3, 0);
INSERT INTO event_trend_daily (event_id, date, count, is_predicted) VALUES (17, '2026-07-09', 6, 0);
INSERT INTO event_trend_daily (event_id, date, count, is_predicted) VALUES (17, '2026-07-10', 3, 0);
INSERT INTO event_trend_daily (event_id, date, count, is_predicted) VALUES (17, '2026-07-11', 4, 0);
INSERT INTO event_trend_daily (event_id, date, count, is_predicted) VALUES (17, '2026-07-12', 6, 0);
INSERT INTO event_trend_daily (event_id, date, count, is_predicted, predict_heat, predict_count) VALUES (17, '2026-07-13', 0, 1, 7.5, 7.5);
INSERT INTO event_trend_daily (event_id, date, count, is_predicted, predict_heat, predict_count) VALUES (17, '2026-07-14', 0, 1, 9.0, 9.0);
INSERT INTO event_trend_daily (event_id, date, count, is_predicted, predict_heat, predict_count) VALUES (17, '2026-07-15', 0, 1, 10.5, 10.5);

INSERT INTO events (event_id, title, heat, report_count, duplicate_count, time_start, time_end, event_time, risk_level, stage, confidence, prob_latent, prob_growth, prob_peak, prob_decline, analysis, positive, neutral, negative, sources, summary, location, cause, people, authenticity, propagation, created_at, updated_at) VALUES (18, '湛江辟谣“全市停水”：台风“麦德姆”致个别小区用水受影响_直击现场_澎湃新闻-The Paper', 5.101, 56, 0, '2026-06-04 16:50:38', '2026-07-12 21:47:38', '2026-07-12 12:00:00', 'mid', 'growth', 0.9, 0.05, 0.9, 0.05, 0.0, '当前事件报道数量持续增加，公众关注度快速提升，处于成长期。', 0.427, 0.379, 0.194, '["人民网", "微博", "澎湃新闻", "知乎"]', '自治区水文中心预测，未来12小时，都柳江三江侗族自治县洋溪乡河段将复涨，并再次出现超警戒水位3.5米左右洪水，柳江柳州市城区河段将出现83.2米左右的洪峰水位。受今年第10号台风“美莎克”影响，7月5日8时至6日8时，广西中部南部降暴雨到大暴雨、局部特大暴雨，广西郁江及支流镇龙江东班江、西江支流马来河、桂南沿海防城河等53条河流发生超警以上洪水，其中镇龙江、东班江、马来河、防城河等4条中小河流发生有实测资料以来最大洪水，个别水库出现重大险情。据预报，未来2天广西东南部和北部仍将有大暴雨，西江干流及支流柳江桂江可能发生超警洪水，支流郁江维持超警，防汛形势异常严峻。', '广西、贵港、台风', '广西升级发布洪水黄色预警。', '["美莎克", "黄淮", "麦德姆", "武思江", "覃塘区"]', '{"credibility_score": 0.914, "official_ratio": 0.893, "verified_ratio": 0.929, "plain_user_ratio": 0.071, "verification_dist": {"官方平台": 0.893, "普通用户": 0.071, "头部认证个人": 0.018, "认证个人": 0.018}, "factors": ["well_sourced"]}', '{"key_nodes": [{"role": "首次官方媒体介入", "author": "人民网－广西频道", "platform": "人民网", "verification_type": "官方平台", "publish_time": "2026-06-04T16:50:38", "influence": 0.0, "title": "贵港供电局全力筑牢高考保电安全防线"}, {"role": "初始爆料", "author": "胡飞飞", "platform": "知乎", "verification_type": "普通用户", "publish_time": "2026-07-06T15:43:34", "influence": 0.3, "title": "广西郁江发生2026年第1号洪水，贵港水文站水位超警戒1.80米 - 知乎"}, {"role": "传播高峰", "author": "祥昊", "platform": "知乎", "verification_type": "普通用户", "publish_time": "2026-07-10T11:04:24", "influence": 53.4, "title": "先说坏消息。沙糖桔作为宽皮柑橘，确实非常怕涝。由于它的根系以好气性须根为主，呼吸"}, {"role": "首次大V发声", "author": "是幸运的千问哇", "platform": "微博", "verification_type": "头部认证个人", "publish_time": "2026-07-12T20:52:55.000001", "influence": 3.3, "title": "#台风美莎克#警惕！受台风“美莎克”残余环流影响，广西多地正遭遇历史罕见的持续性"}], "top_influencers": [{"author": "祥昊", "platform": "知乎", "verification_type": "普通用户", "publish_time": "2026-07-10T11:04:24", "influence": 53.4, "repost_count": 0, "like_count": 168, "comment_count": 6, "title": "先说坏消息。沙糖桔作为宽皮柑橘，确实非常怕涝。由于它的根系以好气性须根为主，呼吸"}, {"author": "是幸运的千问哇", "platform": "微博", "verification_type": "头部认证个人", "publish_time": "2026-07-12T20:52:55.000001", "influence": 3.3, "repost_count": 0, "like_count": 11, "comment_count": 0, "title": "#台风美莎克#警惕！受台风“美莎克”残余环流影响，广西多地正遭遇历史罕见的持续性"}, {"author": "loic422", "platform": "知乎", "verification_type": "普通用户", "publish_time": "2026-07-10T08:21:40", "influence": 1.4, "repost_count": 0, "like_count": 3, "comment_count": 1, "title": "水灾集中在南宁的南部和东部，横州贵港钦州防城等等，距离南宁中心城区80公里以上，"}, {"author": "胡飞飞", "platform": "知乎", "verification_type": "普通用户", "publish_time": "2026-07-06T15:43:34", "influence": 0.3, "repost_count": 0, "like_count": 1, "comment_count": 0, "title": "广西郁江发生2026年第1号洪水，贵港水文站水位超警戒1.80米 - 知乎"}], "platform_chain": {"nodes": [{"name": "人民网", "count": 25, "first_seen": "2026-06-04T16:50:38"}, {"name": "澎湃新闻", "count": 7, "first_seen": "2026-07-05T00:00:00"}, {"name": "知乎", "count": 4, "first_seen": "2026-07-06T15:43:34"}, {"name": "微博", "count": 2, "first_seen": "2026-07-12T20:52:55.000001"}], "links": [{"source": "人民网", "target": "澎湃新闻", "value": 7}, {"source": "澎湃新闻", "target": "知乎", "value": 4}, {"source": "知乎", "target": "微博", "value": 2}]}}', '2026-07-13 19:10:32', '2026-07-13 19:10:32');
INSERT INTO event_keywords (event_id, word, weight, rank) VALUES (18, '洪水', 1.0, 0);
INSERT INTO event_keywords (event_id, word, weight, rank) VALUES (18, '供电', 0.513, 1);
INSERT INTO event_keywords (event_id, word, weight, rank) VALUES (18, '水库', 0.46, 2);
INSERT INTO event_keywords (event_id, word, weight, rank) VALUES (18, '河段', 0.453, 3);
INSERT INTO event_keywords (event_id, word, weight, rank) VALUES (18, '超警', 0.426, 4);
INSERT INTO event_keywords (event_id, word, weight, rank) VALUES (18, '北部', 0.399, 5);
INSERT INTO event_keywords (event_id, word, weight, rank) VALUES (18, '东部', 0.397, 6);
INSERT INTO event_keywords (event_id, word, weight, rank) VALUES (18, '南部', 0.394, 7);
INSERT INTO event_platforms (event_id, platform_name, ratio, rank) VALUES (18, '人民网', 0.732, 0);
INSERT INTO event_platforms (event_id, platform_name, ratio, rank) VALUES (18, '澎湃新闻', 0.161, 1);
INSERT INTO event_platforms (event_id, platform_name, ratio, rank) VALUES (18, '知乎', 0.071, 2);
INSERT INTO event_platforms (event_id, platform_name, ratio, rank) VALUES (18, '微博', 0.036, 3);
INSERT INTO event_trend_daily (event_id, date, count, is_predicted) VALUES (18, '2026-06-04', 1, 0);
INSERT INTO event_trend_daily (event_id, date, count, is_predicted) VALUES (18, '2026-06-05', 0, 0);
INSERT INTO event_trend_daily (event_id, date, count, is_predicted) VALUES (18, '2026-06-06', 0, 0);
INSERT INTO event_trend_daily (event_id, date, count, is_predicted) VALUES (18, '2026-06-07', 0, 0);
INSERT INTO event_trend_daily (event_id, date, count, is_predicted) VALUES (18, '2026-06-08', 1, 0);
INSERT INTO event_trend_daily (event_id, date, count, is_predicted) VALUES (18, '2026-06-09', 1, 0);
INSERT INTO event_trend_daily (event_id, date, count, is_predicted) VALUES (18, '2026-06-10', 0, 0);
INSERT INTO event_trend_daily (event_id, date, count, is_predicted) VALUES (18, '2026-06-11', 0, 0);
INSERT INTO event_trend_daily (event_id, date, count, is_predicted) VALUES (18, '2026-06-12', 0, 0);
INSERT INTO event_trend_daily (event_id, date, count, is_predicted) VALUES (18, '2026-06-13', 0, 0);
INSERT INTO event_trend_daily (event_id, date, count, is_predicted) VALUES (18, '2026-06-14', 0, 0);
INSERT INTO event_trend_daily (event_id, date, count, is_predicted) VALUES (18, '2026-06-15', 1, 0);
INSERT INTO event_trend_daily (event_id, date, count, is_predicted) VALUES (18, '2026-06-16', 1, 0);
INSERT INTO event_trend_daily (event_id, date, count, is_predicted) VALUES (18, '2026-06-17', 1, 0);
INSERT INTO event_trend_daily (event_id, date, count, is_predicted) VALUES (18, '2026-06-18', 0, 0);
INSERT INTO event_trend_daily (event_id, date, count, is_predicted) VALUES (18, '2026-06-19', 0, 0);
INSERT INTO event_trend_daily (event_id, date, count, is_predicted) VALUES (18, '2026-06-20', 2, 0);
INSERT INTO event_trend_daily (event_id, date, count, is_predicted) VALUES (18, '2026-06-21', 2, 0);
INSERT INTO event_trend_daily (event_id, date, count, is_predicted) VALUES (18, '2026-06-22', 1, 0);
INSERT INTO event_trend_daily (event_id, date, count, is_predicted) VALUES (18, '2026-06-23', 0, 0);
INSERT INTO event_trend_daily (event_id, date, count, is_predicted) VALUES (18, '2026-06-24', 0, 0);
INSERT INTO event_trend_daily (event_id, date, count, is_predicted) VALUES (18, '2026-06-25', 0, 0);
INSERT INTO event_trend_daily (event_id, date, count, is_predicted) VALUES (18, '2026-06-26', 0, 0);
INSERT INTO event_trend_daily (event_id, date, count, is_predicted) VALUES (18, '2026-06-27', 0, 0);
INSERT INTO event_trend_daily (event_id, date, count, is_predicted) VALUES (18, '2026-06-28', 0, 0);
INSERT INTO event_trend_daily (event_id, date, count, is_predicted) VALUES (18, '2026-06-29', 0, 0);
INSERT INTO event_trend_daily (event_id, date, count, is_predicted) VALUES (18, '2026-06-30', 0, 0);
INSERT INTO event_trend_daily (event_id, date, count, is_predicted) VALUES (18, '2026-07-01', 0, 0);
INSERT INTO event_trend_daily (event_id, date, count, is_predicted) VALUES (18, '2026-07-02', 0, 0);
INSERT INTO event_trend_daily (event_id, date, count, is_predicted) VALUES (18, '2026-07-03', 0, 0);
INSERT INTO event_trend_daily (event_id, date, count, is_predicted) VALUES (18, '2026-07-04', 1, 0);
INSERT INTO event_trend_daily (event_id, date, count, is_predicted) VALUES (18, '2026-07-05', 2, 0);
INSERT INTO event_trend_daily (event_id, date, count, is_predicted) VALUES (18, '2026-07-06', 5, 0);
INSERT INTO event_trend_daily (event_id, date, count, is_predicted) VALUES (18, '2026-07-07', 4, 0);
INSERT INTO event_trend_daily (event_id, date, count, is_predicted) VALUES (18, '2026-07-08', 2, 0);
INSERT INTO event_trend_daily (event_id, date, count, is_predicted) VALUES (18, '2026-07-09', 1, 0);
INSERT INTO event_trend_daily (event_id, date, count, is_predicted) VALUES (18, '2026-07-10', 4, 0);
INSERT INTO event_trend_daily (event_id, date, count, is_predicted) VALUES (18, '2026-07-11', 2, 0);
INSERT INTO event_trend_daily (event_id, date, count, is_predicted) VALUES (18, '2026-07-12', 6, 0);
INSERT INTO event_trend_daily (event_id, date, count, is_predicted, predict_heat, predict_count) VALUES (18, '2026-07-13', 0, 1, 7.0, 7.0);
INSERT INTO event_trend_daily (event_id, date, count, is_predicted, predict_heat, predict_count) VALUES (18, '2026-07-14', 0, 1, 8.0, 8.0);
INSERT INTO event_trend_daily (event_id, date, count, is_predicted, predict_heat, predict_count) VALUES (18, '2026-07-15', 0, 1, 9.0, 9.0);

INSERT INTO events (event_id, title, heat, report_count, duplicate_count, time_start, time_end, event_time, risk_level, stage, confidence, prob_latent, prob_growth, prob_peak, prob_decline, analysis, positive, neutral, negative, sources, summary, location, cause, people, authenticity, propagation, created_at, updated_at) VALUES (19, '山东多地救援队跨越千里驰援广西', 4.411, 9, 0, '2026-07-10 17:42:39', '2026-07-12 22:00:09', '2026-07-12 12:00:00', 'low', 'decline', 0.9, 0.0, 0.0, 0.1, 0.9, '当前事件报道数量持续下降，公众关注度减弱，处于衰退期。', 0.333, 0.524, 0.143, '["微博", "新浪新闻"]', '山东多地救援队跨越千里驰援广西。山东多地救援队跨越千里驰援广西 【#山东多地救援队跨越千里驰援广西#】 #救援队一句我是山东的太暖了#鲁桂同心。海口救援队驰援广西抗洪平安凯旋。', '广西、山东、贵港', '#肖战[超话]# 【全球十国联动·跨越山海的守护】 太平洋彼岸、地中海沿岸，北美、欧洲、东南亚跨越。', '["毛宁"]', '{"credibility_score": 0.844, "official_ratio": 0.667, "verified_ratio": 0.889, "plain_user_ratio": 0.111, "verification_dist": {"官方平台": 0.667, "认证机构": 0.222, "普通用户": 0.111}, "factors": ["well_sourced"]}', '{"key_nodes": [{"role": "初始爆料", "author": "深圳搞钱虾", "platform": "微博", "verification_type": "普通用户", "publish_time": "2026-07-10T17:42:39", "influence": 16878.8, "title": "#肖战[超话]# 【全球十国联动·跨越山海的守护】 太平洋彼岸、地中海沿岸，北美"}, {"role": "首次官方媒体介入", "author": "闪电新闻", "platform": "新浪新闻", "verification_type": "官方平台", "publish_time": "2026-07-12T08:55:07", "influence": 0.0, "title": "山东多地救援队跨越千里驰援广西"}, {"role": "首次大V发声", "author": "大众新闻-半岛都市报", "platform": "微博", "verification_type": "认证机构", "publish_time": "2026-07-12T10:45:02", "influence": 1.0, "title": "【#蓝天救援队辟谣救援费8000元##警惕恶意消耗公益善意#】 近日，网传广西宾"}], "top_influencers": [{"author": "深圳搞钱虾", "platform": "微博", "verification_type": "普通用户", "publish_time": "2026-07-10T17:42:39", "influence": 16878.8, "repost_count": 9519, "like_count": 17066, "comment_count": 4480, "title": "#肖战[超话]# 【全球十国联动·跨越山海的守护】 太平洋彼岸、地中海沿岸，北美"}, {"author": "大众新闻-半岛都市报", "platform": "微博", "verification_type": "认证机构", "publish_time": "2026-07-12T10:45:02", "influence": 1.0, "repost_count": 1, "like_count": 0, "comment_count": 0, "title": "【#蓝天救援队辟谣救援费8000元##警惕恶意消耗公益善意#】 近日，网传广西宾"}], "platform_chain": {"nodes": [{"name": "微博", "count": 3, "first_seen": "2026-07-10T17:42:39"}, {"name": "新浪新闻", "count": 6, "first_seen": "2026-07-12T08:55:07"}], "links": [{"source": "微博", "target": "新浪新闻", "value": 6}]}}', '2026-07-13 19:10:32', '2026-07-13 19:10:32');
INSERT INTO event_keywords (event_id, word, weight, rank) VALUES (19, '救援队', 1.0, 0);
INSERT INTO event_keywords (event_id, word, weight, rank) VALUES (19, '广西', 0.815, 1);
INSERT INTO event_keywords (event_id, word, weight, rank) VALUES (19, '教室', 0.673, 2);
INSERT INTO event_keywords (event_id, word, weight, rank) VALUES (19, '山东', 0.565, 3);
INSERT INTO event_keywords (event_id, word, weight, rank) VALUES (19, '救援', 0.557, 4);
INSERT INTO event_keywords (event_id, word, weight, rank) VALUES (19, '跨越', 0.494, 5);
INSERT INTO event_keywords (event_id, word, weight, rank) VALUES (19, '海口', 0.481, 6);
INSERT INTO event_keywords (event_id, word, weight, rank) VALUES (19, '平安', 0.481, 7);
INSERT INTO event_platforms (event_id, platform_name, ratio, rank) VALUES (19, '新浪新闻', 0.667, 0);
INSERT INTO event_platforms (event_id, platform_name, ratio, rank) VALUES (19, '微博', 0.333, 1);
INSERT INTO event_trend_daily (event_id, date, count, is_predicted) VALUES (19, '2026-07-10', 1, 0);
INSERT INTO event_trend_daily (event_id, date, count, is_predicted) VALUES (19, '2026-07-11', 0, 0);
INSERT INTO event_trend_daily (event_id, date, count, is_predicted) VALUES (19, '2026-07-12', 8, 0);
INSERT INTO event_trend_daily (event_id, date, count, is_predicted, predict_heat, predict_count) VALUES (19, '2026-07-13', 0, 1, 11.5, 11.5);
INSERT INTO event_trend_daily (event_id, date, count, is_predicted, predict_heat, predict_count) VALUES (19, '2026-07-14', 0, 1, 15.0, 15.0);
INSERT INTO event_trend_daily (event_id, date, count, is_predicted, predict_heat, predict_count) VALUES (19, '2026-07-15', 0, 1, 18.5, 18.5);

INSERT INTO events (event_id, title, heat, report_count, duplicate_count, time_start, time_end, event_time, risk_level, stage, confidence, prob_latent, prob_growth, prob_peak, prob_decline, analysis, positive, neutral, negative, sources, summary, location, cause, people, authenticity, propagation, created_at, updated_at) VALUES (20, '广西贵港动物园暴雨后3只狮子死亡，幸存猛兽眼神呆滞', 3.615, 8, 0, '2026-07-08 15:56:56', '2026-07-12 21:32:02', '2026-07-12 12:00:00', 'low', 'peak', 0.9, 0.0, 0.05, 0.9, 0.05, '当前事件报道量已接近峰值，关注度趋于稳定，处于高潮期。', 0.333, 0.333, 0.333, '["微博", "新浪新闻", "知乎"]', '广西贵港动物园暴雨后3只狮子死亡，幸存猛兽眼神呆滞 近日，广西贵港，动物园因暴雨遭遇洪水，园方冒险将猛兽锁进笼舍，防止外逃伤人。【#动物园灾前将猛兽锁死致多只溺亡# 】#园方回应将猛兽锁死致多只溺亡#受台风强降雨侵袭，广西贵港动。【#动物园灾前将猛兽锁死致多只溺亡# 】#园方回应将猛兽锁死致多只溺亡#受台风强降雨侵袭，广西贵港动物园水位一度暴涨至三米多深。', '贵港、广西、台风', '【#动物园灾前将猛兽锁死致多只溺亡# 】#园方回应将猛兽锁死致多只溺亡#受台风强降雨侵袭，广西贵港动。', '["王女士"]', '{"credibility_score": 0.712, "official_ratio": 0.5, "verified_ratio": 0.75, "plain_user_ratio": 0.25, "verification_dist": {"官方平台": 0.5, "认证机构": 0.25, "普通用户": 0.25}, "factors": ["well_sourced"]}', '{"key_nodes": [{"role": "首次大V发声", "author": "大河报", "platform": "微博", "verification_type": "认证机构", "publish_time": "2026-07-08T15:56:56", "influence": 11694.4, "title": "【#动物园灾前将猛兽锁死致多只溺亡# 】#园方回应将猛兽锁死致多只溺亡#受台风强"}, {"role": "初始爆料", "author": "锐角君", "platform": "知乎", "verification_type": "普通用户", "publish_time": "2026-07-11T15:06:09", "influence": 1.1, "title": "如何评价2026年7月广西特大洪涝灾害？ - 知乎"}, {"role": "首次官方媒体介入", "author": "小莉帮忙", "platform": "新浪新闻", "verification_type": "官方平台", "publish_time": "2026-07-12T12:03:43", "influence": 0.0, "title": "广西贵港动物园暴雨后3只狮子死亡，幸存猛兽眼神呆滞"}], "top_influencers": [{"author": "大河报", "platform": "微博", "verification_type": "认证机构", "publish_time": "2026-07-08T15:56:56", "influence": 11694.4, "repost_count": 360, "like_count": 35558, "comment_count": 1334, "title": "【#动物园灾前将猛兽锁死致多只溺亡# 】#园方回应将猛兽锁死致多只溺亡#受台风强"}, {"author": "中国新闻网", "platform": "微博", "verification_type": "认证机构", "publish_time": "2026-07-12T15:14:17", "influence": 197.2, "repost_count": 35, "like_count": 464, "comment_count": 46, "title": "【#贵港动物园负责人回应冒死锁笼#】#贵港动物园急需志愿者协助清淤# 一场突如其"}, {"author": "锐角君", "platform": "知乎", "verification_type": "普通用户", "publish_time": "2026-07-11T15:06:09", "influence": 1.1, "repost_count": 0, "like_count": 2, "comment_count": 1, "title": "如何评价2026年7月广西特大洪涝灾害？ - 知乎"}], "platform_chain": {"nodes": [{"name": "微博", "count": 2, "first_seen": "2026-07-08T15:56:56"}, {"name": "知乎", "count": 2, "first_seen": "2026-07-11T15:06:09"}, {"name": "新浪新闻", "count": 4, "first_seen": "2026-07-12T12:03:43"}], "links": [{"source": "微博", "target": "知乎", "value": 2}, {"source": "知乎", "target": "新浪新闻", "value": 4}]}}', '2026-07-13 19:10:32', '2026-07-13 19:10:32');
INSERT INTO event_keywords (event_id, word, weight, rank) VALUES (20, '动物园', 1.0, 0);
INSERT INTO event_keywords (event_id, word, weight, rank) VALUES (20, '猛兽', 0.559, 1);
INSERT INTO event_keywords (event_id, word, weight, rank) VALUES (20, '贵港', 0.556, 2);
INSERT INTO event_keywords (event_id, word, weight, rank) VALUES (20, '多只', 0.522, 3);
INSERT INTO event_keywords (event_id, word, weight, rank) VALUES (20, '纵身', 0.498, 4);
INSERT INTO event_keywords (event_id, word, weight, rank) VALUES (20, '跃入', 0.498, 5);
INSERT INTO event_keywords (event_id, word, weight, rank) VALUES (20, '锁死', 0.498, 6);
INSERT INTO event_keywords (event_id, word, weight, rank) VALUES (20, '园方', 0.417, 7);
INSERT INTO event_platforms (event_id, platform_name, ratio, rank) VALUES (20, '新浪新闻', 0.5, 0);
INSERT INTO event_platforms (event_id, platform_name, ratio, rank) VALUES (20, '微博', 0.25, 1);
INSERT INTO event_platforms (event_id, platform_name, ratio, rank) VALUES (20, '知乎', 0.25, 2);
INSERT INTO event_trend_daily (event_id, date, count, is_predicted) VALUES (20, '2026-07-08', 1, 0);
INSERT INTO event_trend_daily (event_id, date, count, is_predicted) VALUES (20, '2026-07-09', 0, 0);
INSERT INTO event_trend_daily (event_id, date, count, is_predicted) VALUES (20, '2026-07-10', 0, 0);
INSERT INTO event_trend_daily (event_id, date, count, is_predicted) VALUES (20, '2026-07-11', 2, 0);
INSERT INTO event_trend_daily (event_id, date, count, is_predicted) VALUES (20, '2026-07-12', 5, 0);
INSERT INTO event_trend_daily (event_id, date, count, is_predicted, predict_heat, predict_count) VALUES (20, '2026-07-13', 0, 1, 7.5, 7.5);
INSERT INTO event_trend_daily (event_id, date, count, is_predicted, predict_heat, predict_count) VALUES (20, '2026-07-14', 0, 1, 10.0, 10.0);
INSERT INTO event_trend_daily (event_id, date, count, is_predicted, predict_heat, predict_count) VALUES (20, '2026-07-15', 0, 1, 12.5, 12.5);

INSERT INTO events (event_id, title, heat, report_count, duplicate_count, time_start, time_end, event_time, risk_level, stage, confidence, prob_latent, prob_growth, prob_peak, prob_decline, analysis, positive, neutral, negative, sources, summary, location, cause, people, authenticity, propagation, created_at, updated_at) VALUES (21, '广西救援队员暴雨中淡定就餐', 3.567, 13, 0, '2026-06-03 20:56:49', '2026-07-12 17:47:05', '2026-07-11 12:00:00', 'low', 'decline', 0.9, 0.0, 0.0, 0.1, 0.9, '当前事件报道数量持续下降，公众关注度减弱，处于衰退期。', 0.6, 0.2, 0.2, '["微博", "新浪新闻"]', '#广西文旅辟谣王祖蓝就餐清场# 广西文旅官方发布就“吃粉遇王祖蓝被清场”事件的情况通报，称节目拍摄需。#广西文旅辟谣王祖蓝就餐清场# 广西文旅官方发布就“吃粉遇王祖蓝被清场”事件的情况通报，称节目拍摄需要划分了就餐区和拍摄区，未作清场，一工作人员因沟通不当引起网友误会。早前，网友爆料因演员@王祖藍 在广西玉林粉店吃粉拍摄节目，遭遇清场，现已被广西文旅辟谣。', '广西、台风、贵港', '#广西文旅辟谣王祖蓝就餐清场# 广西文旅官方发布就“吃粉遇王祖蓝被清场”事件的情况通报，称节目拍摄需。', '["美莎克", "王祖蓝", "张雪"]', '{"credibility_score": 0.858, "official_ratio": 0.769, "verified_ratio": 0.923, "plain_user_ratio": 0.077, "verification_dist": {"官方平台": 0.769, "认证机构": 0.077, "认证个人": 0.077, "普通用户": 0.077}, "factors": ["well_sourced"]}', '{"key_nodes": [{"role": "首次大V发声", "author": "娱乐有饭", "platform": "微博", "verification_type": "认证机构", "publish_time": "2026-06-03T20:56:49.000001", "influence": 501.8, "title": "#广西文旅辟谣王祖蓝就餐清场# 广西文旅官方发布就“吃粉遇王祖蓝被清场”事件的情"}, {"role": "首次官方媒体介入", "author": "社会与法频道阎肃", "platform": "新浪新闻", "verification_type": "官方平台", "publish_time": "2026-07-10T08:50:21", "influence": 0.0, "title": "广西救援队员暴雨中淡定就餐"}, {"role": "初始爆料", "author": "橙师辛苦了", "platform": "微博", "verification_type": "普通用户", "publish_time": "2026-07-12T10:01:48", "influence": 0.3, "title": "#广西洪水#内容由 AI 生成受台风“美莎克”影响，广西遭遇历史罕见持续性强降雨"}], "top_influencers": [{"author": "娱乐有饭", "platform": "微博", "verification_type": "认证机构", "publish_time": "2026-06-03T20:56:49.000001", "influence": 501.8, "repost_count": 39, "like_count": 1106, "comment_count": 262, "title": "#广西文旅辟谣王祖蓝就餐清场# 广西文旅官方发布就“吃粉遇王祖蓝被清场”事件的情"}, {"author": "橙师辛苦了", "platform": "微博", "verification_type": "普通用户", "publish_time": "2026-07-12T10:01:48", "influence": 0.3, "repost_count": 0, "like_count": 1, "comment_count": 0, "title": "#广西洪水#内容由 AI 生成受台风“美莎克”影响，广西遭遇历史罕见持续性强降雨"}], "platform_chain": {"nodes": [{"name": "微博", "count": 3, "first_seen": "2026-06-03T20:56:49.000001"}, {"name": "新浪新闻", "count": 10, "first_seen": "2026-07-10T08:50:21"}], "links": [{"source": "微博", "target": "新浪新闻", "value": 10}]}}', '2026-07-13 19:10:32', '2026-07-13 19:10:32');
INSERT INTO event_keywords (event_id, word, weight, rank) VALUES (21, '广西', 1.0, 0);
INSERT INTO event_keywords (event_id, word, weight, rank) VALUES (21, '洪水', 0.829, 1);
INSERT INTO event_keywords (event_id, word, weight, rank) VALUES (21, '暴雨', 0.626, 2);
INSERT INTO event_keywords (event_id, word, weight, rank) VALUES (21, '队员', 0.556, 3);
INSERT INTO event_keywords (event_id, word, weight, rank) VALUES (21, '清场', 0.552, 4);
INSERT INTO event_keywords (event_id, word, weight, rank) VALUES (21, '高中生', 0.476, 5);
INSERT INTO event_keywords (event_id, word, weight, rank) VALUES (21, '文旅', 0.46, 6);
INSERT INTO event_keywords (event_id, word, weight, rank) VALUES (21, '王祖', 0.46, 7);
INSERT INTO event_platforms (event_id, platform_name, ratio, rank) VALUES (21, '新浪新闻', 0.769, 0);
INSERT INTO event_platforms (event_id, platform_name, ratio, rank) VALUES (21, '微博', 0.231, 1);
INSERT INTO event_trend_daily (event_id, date, count, is_predicted) VALUES (21, '2026-06-03', 1, 0);
INSERT INTO event_trend_daily (event_id, date, count, is_predicted) VALUES (21, '2026-06-04', 0, 0);
INSERT INTO event_trend_daily (event_id, date, count, is_predicted) VALUES (21, '2026-06-05', 0, 0);
INSERT INTO event_trend_daily (event_id, date, count, is_predicted) VALUES (21, '2026-06-06', 0, 0);
INSERT INTO event_trend_daily (event_id, date, count, is_predicted) VALUES (21, '2026-06-07', 0, 0);
INSERT INTO event_trend_daily (event_id, date, count, is_predicted) VALUES (21, '2026-06-08', 0, 0);
INSERT INTO event_trend_daily (event_id, date, count, is_predicted) VALUES (21, '2026-06-09', 0, 0);
INSERT INTO event_trend_daily (event_id, date, count, is_predicted) VALUES (21, '2026-06-10', 0, 0);
INSERT INTO event_trend_daily (event_id, date, count, is_predicted) VALUES (21, '2026-06-11', 0, 0);
INSERT INTO event_trend_daily (event_id, date, count, is_predicted) VALUES (21, '2026-06-12', 0, 0);
INSERT INTO event_trend_daily (event_id, date, count, is_predicted) VALUES (21, '2026-06-13', 0, 0);
INSERT INTO event_trend_daily (event_id, date, count, is_predicted) VALUES (21, '2026-06-14', 0, 0);
INSERT INTO event_trend_daily (event_id, date, count, is_predicted) VALUES (21, '2026-06-15', 0, 0);
INSERT INTO event_trend_daily (event_id, date, count, is_predicted) VALUES (21, '2026-06-16', 0, 0);
INSERT INTO event_trend_daily (event_id, date, count, is_predicted) VALUES (21, '2026-06-17', 0, 0);
INSERT INTO event_trend_daily (event_id, date, count, is_predicted) VALUES (21, '2026-06-18', 0, 0);
INSERT INTO event_trend_daily (event_id, date, count, is_predicted) VALUES (21, '2026-06-19', 0, 0);
INSERT INTO event_trend_daily (event_id, date, count, is_predicted) VALUES (21, '2026-06-20', 0, 0);
INSERT INTO event_trend_daily (event_id, date, count, is_predicted) VALUES (21, '2026-06-21', 0, 0);
INSERT INTO event_trend_daily (event_id, date, count, is_predicted) VALUES (21, '2026-06-22', 0, 0);
INSERT INTO event_trend_daily (event_id, date, count, is_predicted) VALUES (21, '2026-06-23', 0, 0);
INSERT INTO event_trend_daily (event_id, date, count, is_predicted) VALUES (21, '2026-06-24', 0, 0);
INSERT INTO event_trend_daily (event_id, date, count, is_predicted) VALUES (21, '2026-06-25', 0, 0);
INSERT INTO event_trend_daily (event_id, date, count, is_predicted) VALUES (21, '2026-06-26', 0, 0);
INSERT INTO event_trend_daily (event_id, date, count, is_predicted) VALUES (21, '2026-06-27', 0, 0);
INSERT INTO event_trend_daily (event_id, date, count, is_predicted) VALUES (21, '2026-06-28', 0, 0);
INSERT INTO event_trend_daily (event_id, date, count, is_predicted) VALUES (21, '2026-06-29', 0, 0);
INSERT INTO event_trend_daily (event_id, date, count, is_predicted) VALUES (21, '2026-06-30', 0, 0);
INSERT INTO event_trend_daily (event_id, date, count, is_predicted) VALUES (21, '2026-07-01', 0, 0);
INSERT INTO event_trend_daily (event_id, date, count, is_predicted) VALUES (21, '2026-07-02', 0, 0);
INSERT INTO event_trend_daily (event_id, date, count, is_predicted) VALUES (21, '2026-07-03', 0, 0);
INSERT INTO event_trend_daily (event_id, date, count, is_predicted) VALUES (21, '2026-07-04', 0, 0);
INSERT INTO event_trend_daily (event_id, date, count, is_predicted) VALUES (21, '2026-07-05', 0, 0);
INSERT INTO event_trend_daily (event_id, date, count, is_predicted) VALUES (21, '2026-07-06', 0, 0);
INSERT INTO event_trend_daily (event_id, date, count, is_predicted) VALUES (21, '2026-07-07', 0, 0);
INSERT INTO event_trend_daily (event_id, date, count, is_predicted) VALUES (21, '2026-07-08', 0, 0);
INSERT INTO event_trend_daily (event_id, date, count, is_predicted) VALUES (21, '2026-07-09', 0, 0);
INSERT INTO event_trend_daily (event_id, date, count, is_predicted) VALUES (21, '2026-07-10', 3, 0);
INSERT INTO event_trend_daily (event_id, date, count, is_predicted) VALUES (21, '2026-07-11', 6, 0);
INSERT INTO event_trend_daily (event_id, date, count, is_predicted) VALUES (21, '2026-07-12', 3, 0);
INSERT INTO event_trend_daily (event_id, date, count, is_predicted, predict_heat, predict_count) VALUES (21, '2026-07-13', 0, 1, 3.0, 3.0);
INSERT INTO event_trend_daily (event_id, date, count, is_predicted, predict_heat, predict_count) VALUES (21, '2026-07-14', 0, 1, 3.0, 3.0);
INSERT INTO event_trend_daily (event_id, date, count, is_predicted, predict_heat, predict_count) VALUES (21, '2026-07-15', 0, 1, 3.0, 3.0);

INSERT INTO events (event_id, title, heat, report_count, duplicate_count, time_start, time_end, event_time, risk_level, stage, confidence, prob_latent, prob_growth, prob_peak, prob_decline, analysis, positive, neutral, negative, sources, summary, location, cause, people, authenticity, propagation, created_at, updated_at) VALUES (22, '直击南宁洪灾丨横州市武寨村有群众被困24小时，救援队出动冲锋艇紧急转移村民_锋线视频_澎湃新闻-The Paper', 3.34, 29, 0, '2026-07-01 00:04:37', '2026-07-12 17:31:00', '2026-07-07 12:00:00', 'low', 'decline', 0.9, 0.0, 0.0, 0.1, 0.9, '当前事件报道数量持续下降，公众关注度减弱，处于衰退期。', 0.286, 0.714, 0.0, '["人民网", "微博", "澎湃新闻", "知乎"]', '7月6日，南宁横州市云表镇振兴村，救援人员正在转移群众。2026年7月6日，南宁横州市云表镇振兴村，救援人员正在转移群众。7月6日，广西横州市云表镇振兴村，救援人员合力转移群众。', '广西、贵港、台风', '贵港复读生收费。', '["美莎克", "武寨村", "朱砂", "唐燕丽", "金田路"]', '{"credibility_score": 0.778, "official_ratio": 0.69, "verified_ratio": 0.828, "plain_user_ratio": 0.172, "verification_dist": {"官方平台": 0.69, "普通用户": 0.172, "头部认证个人": 0.069, "认证个人": 0.034, "认证机构": 0.034}, "factors": ["well_sourced"]}', '{"key_nodes": [{"role": "初始爆料", "author": "月尹", "platform": "知乎", "verification_type": "普通用户", "publish_time": "2026-07-01T00:04:37", "influence": 0.0, "title": "贵港复读生收费！ZX - 知乎"}, {"role": "首次官方媒体介入", "author": "人民日报", "platform": "微博", "verification_type": "官方平台", "publish_time": "2026-07-06T19:08:37", "influence": 15106.8, "title": "【#广西贵港城区内涝空中视角#】7月6日，广西贵港遭遇强降雨，城区发生严重内涝，"}, {"role": "传播高峰", "author": "梅雨季节不下雨下梅子", "platform": "微博", "verification_type": "普通用户", "publish_time": "2026-07-07T10:32:52", "influence": 21751.0, "title": "#广西内涝求助[超话]# 广西贵港朱砂严重被淹，洪水泛滥，江水倒灌，我妹妹一家及"}, {"role": "首次大V发声", "author": "碎叫", "platform": "微博", "verification_type": "头部认证个人", "publish_time": "2026-07-09T07:08:31", "influence": 2238.7, "title": "辟谣，广西灾区不管是什么救援队救人收费直接报警抓人。 蓝天救援队救援不收费，更不"}], "top_influencers": [{"author": "梅雨季节不下雨下梅子", "platform": "微博", "verification_type": "普通用户", "publish_time": "2026-07-07T10:32:52", "influence": 21751.0, "repost_count": 3985, "like_count": 54435, "comment_count": 2871, "title": "#广西内涝求助[超话]# 广西贵港朱砂严重被淹，洪水泛滥，江水倒灌，我妹妹一家及"}, {"author": "炙热永不散", "platform": "微博", "verification_type": "普通用户", "publish_time": "2026-07-07T18:19:00", "influence": 19404.5, "repost_count": 5191, "like_count": 43285, "comment_count": 2456, "title": "#广西内涝求助[超话]# 请求扩散！！！贵港市区需要气挺！皮划艇！！很多地方水很"}, {"author": "人民日报", "platform": "微博", "verification_type": "官方平台", "publish_time": "2026-07-06T19:08:37", "influence": 15106.8, "repost_count": 3956, "like_count": 33276, "comment_count": 2336, "title": "【#广西贵港城区内涝空中视角#】7月6日，广西贵港遭遇强降雨，城区发生严重内涝，"}, {"author": "葡萄提子咖啡", "platform": "微博", "verification_type": "普通用户", "publish_time": "2026-07-07T05:06:20", "influence": 13733.4, "repost_count": 2450, "like_count": 34608, "comment_count": 1802, "title": "#广西内涝求助[超话]##广西内涝求助# 【地点】广西贵港市港北区金田路吉祥花苑"}, {"author": "博肖爱心联盟", "platform": "微博", "verification_type": "普通用户", "publish_time": "2026-07-07T11:01:05", "influence": 9653.4, "repost_count": 3392, "like_count": 13488, "comment_count": 4430, "title": "#与博肖同行,为公益助力# [心]#广西加油# 受今年第10号台风“美莎克”影响"}], "platform_chain": {"nodes": [{"name": "知乎", "count": 1, "first_seen": "2026-07-01T00:04:37"}, {"name": "微博", "count": 9, "first_seen": "2026-07-06T19:08:37"}, {"name": "澎湃新闻", "count": 18, "first_seen": "2026-07-07T14:02:00"}, {"name": "人民网", "count": 1, "first_seen": "2026-07-10T17:07:09.000001"}], "links": [{"source": "知乎", "target": "微博", "value": 9}, {"source": "微博", "target": "澎湃新闻", "value": 18}, {"source": "澎湃新闻", "target": "人民网", "value": 1}]}}', '2026-07-13 19:10:32', '2026-07-13 19:10:32');
INSERT INTO event_keywords (event_id, word, weight, rank) VALUES (22, '州市', 1.0, 0);
INSERT INTO event_keywords (event_id, word, weight, rank) VALUES (22, '洪水', 0.735, 1);
INSERT INTO event_keywords (event_id, word, weight, rank) VALUES (22, '人员', 0.619, 2);
INSERT INTO event_keywords (event_id, word, weight, rank) VALUES (22, '转移', 0.608, 3);
INSERT INTO event_keywords (event_id, word, weight, rank) VALUES (22, '云表', 0.605, 4);
INSERT INTO event_keywords (event_id, word, weight, rank) VALUES (22, '救援', 0.578, 5);
INSERT INTO event_keywords (event_id, word, weight, rank) VALUES (22, '眼镜蛇', 0.567, 6);
INSERT INTO event_keywords (event_id, word, weight, rank) VALUES (22, '群众', 0.553, 7);
INSERT INTO event_platforms (event_id, platform_name, ratio, rank) VALUES (22, '澎湃新闻', 0.621, 0);
INSERT INTO event_platforms (event_id, platform_name, ratio, rank) VALUES (22, '微博', 0.31, 1);
INSERT INTO event_platforms (event_id, platform_name, ratio, rank) VALUES (22, '人民网', 0.034, 2);
INSERT INTO event_platforms (event_id, platform_name, ratio, rank) VALUES (22, '知乎', 0.034, 3);
INSERT INTO event_trend_daily (event_id, date, count, is_predicted) VALUES (22, '2026-07-01', 1, 0);
INSERT INTO event_trend_daily (event_id, date, count, is_predicted) VALUES (22, '2026-07-02', 0, 0);
INSERT INTO event_trend_daily (event_id, date, count, is_predicted) VALUES (22, '2026-07-03', 0, 0);
INSERT INTO event_trend_daily (event_id, date, count, is_predicted) VALUES (22, '2026-07-04', 0, 0);
INSERT INTO event_trend_daily (event_id, date, count, is_predicted) VALUES (22, '2026-07-05', 0, 0);
INSERT INTO event_trend_daily (event_id, date, count, is_predicted) VALUES (22, '2026-07-06', 1, 0);
INSERT INTO event_trend_daily (event_id, date, count, is_predicted) VALUES (22, '2026-07-07', 8, 0);
INSERT INTO event_trend_daily (event_id, date, count, is_predicted) VALUES (22, '2026-07-08', 3, 0);
INSERT INTO event_trend_daily (event_id, date, count, is_predicted) VALUES (22, '2026-07-09', 6, 0);
INSERT INTO event_trend_daily (event_id, date, count, is_predicted) VALUES (22, '2026-07-10', 4, 0);
INSERT INTO event_trend_daily (event_id, date, count, is_predicted) VALUES (22, '2026-07-11', 5, 0);
INSERT INTO event_trend_daily (event_id, date, count, is_predicted) VALUES (22, '2026-07-12', 1, 0);
INSERT INTO event_trend_daily (event_id, date, count, is_predicted, predict_heat, predict_count) VALUES (22, '2026-07-13', 0, 1, 0.0, 0.0);
INSERT INTO event_trend_daily (event_id, date, count, is_predicted, predict_heat, predict_count) VALUES (22, '2026-07-14', 0, 1, 0.0, 0.0);
INSERT INTO event_trend_daily (event_id, date, count, is_predicted, predict_heat, predict_count) VALUES (22, '2026-07-15', 0, 1, 0.0, 0.0);

INSERT INTO events (event_id, title, heat, report_count, duplicate_count, time_start, time_end, event_time, risk_level, stage, confidence, prob_latent, prob_growth, prob_peak, prob_decline, analysis, positive, neutral, negative, sources, summary, location, cause, people, authenticity, propagation, created_at, updated_at) VALUES (23, '#广西抗洪#@法经网 拿7月6日六蓝水库第4号通告说事：“隔着屏幕都感觉到窒息。通告有巨大问题，显然', 3.063, 5, 0, '2026-07-11 19:38:33', '2026-07-12 22:08:29', '2026-07-12 12:00:00', 'low', 'growth', 0.9, 0.05, 0.9, 0.05, 0.0, '当前事件报道数量持续增加，公众关注度快速提升，处于成长期。', 0.556, 0.111, 0.333, '["微博"]', '#国产动力舟桥抗洪有多硬核# 怎么感觉很不错啊 硬核指标：单次转运500人，承载力达60余吨。#国产动力舟桥抗洪有多硬核# 怎么感觉很不错啊 硬核指标：单次转运500人，承载力达60余吨 运载能力碾压传统装备：动力舟桥展开后长达60米、宽约8米，单次可转运500人，相当于50艘橡皮艇的运力总和。【#国产动力舟桥抗洪有多硬核##国产动力舟桥单次运500人#】一艘被网友称为“救援航母”的应急动力舟桥，近日在广西贵港西江教育园区洪水救援中立下大功。', '舟桥、广西、贵港', '#广西抗洪#@法经网 拿7月6日六蓝水库第4号通告说事：“隔着屏幕都感觉到窒息。', NULL, '{"credibility_score": 0.6, "official_ratio": 0.0, "verified_ratio": 1.0, "plain_user_ratio": 0.0, "verification_dist": {"头部认证个人": 0.6, "认证机构": 0.4}, "factors": ["official_absent"]}', '{"key_nodes": [{"role": "初始爆料", "author": "止谣君", "platform": "微博", "verification_type": "头部认证个人", "publish_time": "2026-07-11T19:38:33", "influence": 99.2, "title": "#广西抗洪#@法经网 拿7月6日六蓝水库第4号通告说事：“隔着屏幕都感觉到窒息。"}], "top_influencers": [{"author": "止谣君", "platform": "微博", "verification_type": "头部认证个人", "publish_time": "2026-07-11T19:38:33", "influence": 99.2, "repost_count": 45, "like_count": 154, "comment_count": 16, "title": "#广西抗洪#@法经网 拿7月6日六蓝水库第4号通告说事：“隔着屏幕都感觉到窒息。"}, {"author": "77不88ing", "platform": "微博", "verification_type": "头部认证个人", "publish_time": "2026-07-12T21:50:06.999999", "influence": 6.1, "repost_count": 0, "like_count": 12, "comment_count": 5, "title": "#国产动力舟桥抗洪有多硬核# 怎么感觉很不错啊 硬核指标：单次转运500人，承载"}], "platform_chain": {"nodes": [{"name": "微博", "count": 5, "first_seen": "2026-07-11T19:38:33"}], "links": []}}', '2026-07-13 19:10:32', '2026-07-13 19:10:32');
INSERT INTO event_keywords (event_id, word, weight, rank) VALUES (23, '通告', 1.0, 0);
INSERT INTO event_keywords (event_id, word, weight, rank) VALUES (23, '救援', 0.667, 1);
INSERT INTO event_keywords (event_id, word, weight, rank) VALUES (23, '动力', 0.657, 2);
INSERT INTO event_keywords (event_id, word, weight, rank) VALUES (23, '舟桥', 0.563, 3);
INSERT INTO event_keywords (event_id, word, weight, rank) VALUES (23, '国产', 0.538, 4);
INSERT INTO event_keywords (event_id, word, weight, rank) VALUES (23, '洪水', 0.538, 5);
INSERT INTO event_keywords (event_id, word, weight, rank) VALUES (23, '水库', 0.5, 6);
INSERT INTO event_keywords (event_id, word, weight, rank) VALUES (23, '承载力', 0.5, 7);
INSERT INTO event_platforms (event_id, platform_name, ratio, rank) VALUES (23, '微博', 1.0, 0);
INSERT INTO event_trend_daily (event_id, date, count, is_predicted) VALUES (23, '2026-07-11', 1, 0);
INSERT INTO event_trend_daily (event_id, date, count, is_predicted) VALUES (23, '2026-07-12', 4, 0);
INSERT INTO event_trend_daily (event_id, date, count, is_predicted, predict_heat, predict_count) VALUES (23, '2026-07-13', 0, 1, 7.0, 7.0);
INSERT INTO event_trend_daily (event_id, date, count, is_predicted, predict_heat, predict_count) VALUES (23, '2026-07-14', 0, 1, 10.0, 10.0);
INSERT INTO event_trend_daily (event_id, date, count, is_predicted, predict_heat, predict_count) VALUES (23, '2026-07-15', 0, 1, 13.0, 13.0);

INSERT INTO events (event_id, title, heat, report_count, duplicate_count, time_start, time_end, event_time, risk_level, stage, confidence, prob_latent, prob_growth, prob_peak, prob_decline, analysis, positive, neutral, negative, sources, summary, location, cause, people, authenticity, propagation, created_at, updated_at) VALUES (24, '洪灾无情人有情，广西加油"广西 "', 3.038, 7, 0, '2026-07-10 20:42:32', '2026-07-12 15:56:12', '2026-07-12 12:00:00', 'low', 'peak', 0.9, 0.0, 0.05, 0.9, 0.05, '当前事件报道量已接近峰值，关注度趋于稳定，处于高潮期。', 0.727, 0.227, 0.045, '["新浪新闻", "知乎"]', '黎平叮叮糖音乐会奏响大爱，自发筹款全数驰援广西灾区 风雨同心。多地摩友自发驰援广西将物资送入村。多地摩友自发驰援广西将物资送入村 【#多地摩友自发驰援广西将物资送入村# 】 近日，广西，受洪涝灾害影响，村庄道路被毁，汽车无法进入村庄送物资，多地摩友自发前往广西，一路上摩友们翻山越岭，秉持“人休车不休”的原则，将一箱箱救命物资送进了村庄。', '广西、东莞、太原', '樊振东球迷捐献的物资已到广西灾区，洪水无情人有情。', '["黎平"]', '{"credibility_score": 0.871, "official_ratio": 0.857, "verified_ratio": 0.857, "plain_user_ratio": 0.143, "verification_dist": {"官方平台": 0.857, "普通用户": 0.143}, "factors": ["well_sourced"]}', '{"key_nodes": [{"role": "初始爆料", "author": "沈学文", "platform": "知乎", "verification_type": "普通用户", "publish_time": "2026-07-10T20:42:32", "influence": 54.2, "title": "樊振东球迷捐献的物资已到广西灾区，洪水无情人有情！ - 知乎"}, {"role": "首次官方媒体介入", "author": "趣闻角落", "platform": "新浪新闻", "verification_type": "官方平台", "publish_time": "2026-07-11T09:09:35", "influence": 0.0, "title": "洪灾无情人有情，广西加油\\"广西 \\""}], "top_influencers": [{"author": "沈学文", "platform": "知乎", "verification_type": "普通用户", "publish_time": "2026-07-10T20:42:32", "influence": 54.2, "repost_count": 0, "like_count": 159, "comment_count": 13, "title": "樊振东球迷捐献的物资已到广西灾区，洪水无情人有情！ - 知乎"}], "platform_chain": {"nodes": [{"name": "知乎", "count": 1, "first_seen": "2026-07-10T20:42:32"}, {"name": "新浪新闻", "count": 6, "first_seen": "2026-07-11T09:09:35"}], "links": [{"source": "知乎", "target": "新浪新闻", "value": 6}]}}', '2026-07-13 19:10:32', '2026-07-13 19:10:32');
INSERT INTO event_keywords (event_id, word, weight, rank) VALUES (24, '广西', 1.0, 0);
INSERT INTO event_keywords (event_id, word, weight, rank) VALUES (24, '物资', 0.851, 1);
INSERT INTO event_keywords (event_id, word, weight, rank) VALUES (24, '樊振东', 0.754, 2);
INSERT INTO event_keywords (event_id, word, weight, rank) VALUES (24, '东莞', 0.502, 3);
INSERT INTO event_keywords (event_id, word, weight, rank) VALUES (24, '赛场', 0.502, 4);
INSERT INTO event_keywords (event_id, word, weight, rank) VALUES (24, '地摩友', 0.502, 5);
INSERT INTO event_keywords (event_id, word, weight, rank) VALUES (24, '自发', 0.417, 6);
INSERT INTO event_keywords (event_id, word, weight, rank) VALUES (24, '风雨', 0.377, 7);
INSERT INTO event_platforms (event_id, platform_name, ratio, rank) VALUES (24, '新浪新闻', 0.857, 0);
INSERT INTO event_platforms (event_id, platform_name, ratio, rank) VALUES (24, '知乎', 0.143, 1);
INSERT INTO event_trend_daily (event_id, date, count, is_predicted) VALUES (24, '2026-07-10', 1, 0);
INSERT INTO event_trend_daily (event_id, date, count, is_predicted) VALUES (24, '2026-07-11', 1, 0);
INSERT INTO event_trend_daily (event_id, date, count, is_predicted) VALUES (24, '2026-07-12', 5, 0);
INSERT INTO event_trend_daily (event_id, date, count, is_predicted, predict_heat, predict_count) VALUES (24, '2026-07-13', 0, 1, 7.0, 7.0);
INSERT INTO event_trend_daily (event_id, date, count, is_predicted, predict_heat, predict_count) VALUES (24, '2026-07-14', 0, 1, 9.0, 9.0);
INSERT INTO event_trend_daily (event_id, date, count, is_predicted, predict_heat, predict_count) VALUES (24, '2026-07-15', 0, 1, 11.0, 11.0);

INSERT INTO events (event_id, title, heat, report_count, duplicate_count, time_start, time_end, event_time, risk_level, stage, confidence, prob_latent, prob_growth, prob_peak, prob_decline, analysis, positive, neutral, negative, sources, summary, location, cause, people, authenticity, propagation, created_at, updated_at) VALUES (25, '广西暴雨转高温，警惕午后热雷雨', 2.26, 5, 0, '2026-07-10 15:32:00', '2026-07-12 22:00:41', '2026-07-12 12:00:00', 'low', 'decline', 0.9, 0.0, 0.0, 0.1, 0.9, '当前事件报道数量持续下降，公众关注度减弱，处于衰退期。', 0.231, 0.385, 0.385, '["微博", "新浪新闻"]', '广西暴雨转高温，警惕午后热雷雨。广西暴雨转高温，警惕午后热雷雨 #气象科普# #广西加油共渡难关# 暴雨退去，高温来袭。高温之下，午后地面受热强烈，空气对流旺盛，加之湿度较大，极易触发局地对流云团，形成“热雷雨”。', '巴威、广西、台风', '广西暴雨转高温，警惕午后热雷雨。', '["科普"]', '{"credibility_score": 0.82, "official_ratio": 0.8, "verified_ratio": 0.8, "plain_user_ratio": 0.2, "verification_dist": {"官方平台": 0.8, "普通用户": 0.2}, "factors": ["well_sourced"]}', '{"key_nodes": [{"role": "首次官方媒体介入", "author": "知识引力场", "platform": "新浪新闻", "verification_type": "官方平台", "publish_time": "2026-07-10T15:32:00", "influence": 0.0, "title": "广西暴雨转高温，警惕午后热雷雨"}, {"role": "初始爆料", "author": "用户7874430497", "platform": "微博", "verification_type": "普通用户", "publish_time": "2026-07-12T22:00:41", "influence": 0.0, "title": "广西暴雨加洪水太惨了，还有台风别来东北，我害怕我也不会游泳，但是怀念居家办公的日"}], "top_influencers": [], "platform_chain": {"nodes": [{"name": "新浪新闻", "count": 4, "first_seen": "2026-07-10T15:32:00"}, {"name": "微博", "count": 1, "first_seen": "2026-07-12T22:00:41"}], "links": [{"source": "新浪新闻", "target": "微博", "value": 1}]}}', '2026-07-13 19:10:32', '2026-07-13 19:10:32');
INSERT INTO event_keywords (event_id, word, weight, rank) VALUES (25, '暴雨', 1.0, 0);
INSERT INTO event_keywords (event_id, word, weight, rank) VALUES (25, '大暴雨', 0.819, 1);
INSERT INTO event_keywords (event_id, word, weight, rank) VALUES (25, '牢记', 0.661, 2);
INSERT INTO event_keywords (event_id, word, weight, rank) VALUES (25, '高温', 0.546, 3);
INSERT INTO event_keywords (event_id, word, weight, rank) VALUES (25, '雷雨', 0.546, 4);
INSERT INTO event_keywords (event_id, word, weight, rank) VALUES (25, '汛期', 0.546, 5);
INSERT INTO event_keywords (event_id, word, weight, rank) VALUES (25, '午后', 0.41, 6);
INSERT INTO event_keywords (event_id, word, weight, rank) VALUES (25, '多地', 0.41, 7);
INSERT INTO event_platforms (event_id, platform_name, ratio, rank) VALUES (25, '新浪新闻', 0.8, 0);
INSERT INTO event_platforms (event_id, platform_name, ratio, rank) VALUES (25, '微博', 0.2, 1);
INSERT INTO event_trend_daily (event_id, date, count, is_predicted) VALUES (25, '2026-07-10', 1, 0);
INSERT INTO event_trend_daily (event_id, date, count, is_predicted) VALUES (25, '2026-07-11', 0, 0);
INSERT INTO event_trend_daily (event_id, date, count, is_predicted) VALUES (25, '2026-07-12', 4, 0);
INSERT INTO event_trend_daily (event_id, date, count, is_predicted, predict_heat, predict_count) VALUES (25, '2026-07-13', 0, 1, 5.5, 5.5);
INSERT INTO event_trend_daily (event_id, date, count, is_predicted, predict_heat, predict_count) VALUES (25, '2026-07-14', 0, 1, 7.0, 7.0);
INSERT INTO event_trend_daily (event_id, date, count, is_predicted, predict_heat, predict_count) VALUES (25, '2026-07-15', 0, 1, 8.5, 8.5);

INSERT INTO events (event_id, title, heat, report_count, duplicate_count, time_start, time_end, event_time, risk_level, stage, confidence, prob_latent, prob_growth, prob_peak, prob_decline, analysis, positive, neutral, negative, sources, summary, location, cause, people, authenticity, propagation, created_at, updated_at) VALUES (26, '洪水暴雨中他们用肩膀扛起希望', 2.003, 4, 0, '2026-07-11 06:07:22', '2026-07-12 21:58:45', '2026-07-12 12:00:00', 'low', 'decline', 0.9, 0.0, 0.0, 0.1, 0.9, '当前事件报道数量持续下降，公众关注度减弱，处于衰退期。', 0.762, 0.238, 0.0, '["微博", "新浪新闻", "知乎"]', '发布时间：2026-07-12 13:47:56 来源：中国长安网 简介： #致敬乘风破浪的人#【#洪水暴雨中他们用肩膀扛起希望#】南宁、贵港、钦州、防城港、柳州、北海……广西多地遭遇洪涝，民警蹚着齐腰浑水挨家挨户搜救。【#广西救援水陆空接力送希望#[心]】 #一天往返60多趟的生命摆渡# 一天往返六七十趟，是广西横州。【#广西救援水陆空接力送希望#[心]】 #一天往返60多趟的生命摆渡# 一天往返六七十趟，是广西横州一支救援队这几天的工作节奏。', '广西、横州、波哥', '希望社会吸取教训，增加洪水高效疏解措施和防风建筑。', NULL, '{"credibility_score": 0.537, "official_ratio": 0.25, "verified_ratio": 0.75, "plain_user_ratio": 0.25, "verification_dist": {"官方平台": 0.25, "认证机构": 0.25, "认证个人": 0.25, "普通用户": 0.25}, "factors": ["well_sourced"]}', '{"key_nodes": [{"role": "初始爆料", "author": "济局小乐火车运转", "platform": "知乎", "verification_type": "普通用户", "publish_time": "2026-07-11T06:07:22", "influence": 0.6, "title": "希望社会吸取教训，增加洪水高效疏解措施和防风建筑"}, {"role": "首次官方媒体介入", "author": "中国长安网", "platform": "新浪新闻", "verification_type": "官方平台", "publish_time": "2026-07-12T13:47:55.999999", "influence": 0.0, "title": "洪水暴雨中他们用肩膀扛起希望"}, {"role": "首次大V发声", "author": "央视频", "platform": "微博", "verification_type": "认证机构", "publish_time": "2026-07-12T15:03:48", "influence": 11.4, "title": "【#广西救援水陆空接力送希望#[心]】 #一天往返60多趟的生命摆渡# 一天往返"}], "top_influencers": [{"author": "央视频", "platform": "微博", "verification_type": "认证机构", "publish_time": "2026-07-12T15:03:48", "influence": 11.4, "repost_count": 2, "like_count": 28, "comment_count": 2, "title": "【#广西救援水陆空接力送希望#[心]】 #一天往返60多趟的生命摆渡# 一天往返"}, {"author": "济局小乐火车运转", "platform": "知乎", "verification_type": "普通用户", "publish_time": "2026-07-11T06:07:22", "influence": 0.6, "repost_count": 0, "like_count": 2, "comment_count": 0, "title": "希望社会吸取教训，增加洪水高效疏解措施和防风建筑"}], "platform_chain": {"nodes": [{"name": "知乎", "count": 1, "first_seen": "2026-07-11T06:07:22"}, {"name": "新浪新闻", "count": 1, "first_seen": "2026-07-12T13:47:55.999999"}, {"name": "微博", "count": 2, "first_seen": "2026-07-12T15:03:48"}], "links": [{"source": "知乎", "target": "新浪新闻", "value": 1}, {"source": "新浪新闻", "target": "微博", "value": 2}]}}', '2026-07-13 19:10:32', '2026-07-13 19:10:32');
INSERT INTO event_keywords (event_id, word, weight, rank) VALUES (26, '一天', 1.0, 0);
INSERT INTO event_keywords (event_id, word, weight, rank) VALUES (26, '战神', 0.8, 1);
INSERT INTO event_keywords (event_id, word, weight, rank) VALUES (26, '波哥', 0.8, 2);
INSERT INTO event_keywords (event_id, word, weight, rank) VALUES (26, '往返', 0.788, 3);
INSERT INTO event_keywords (event_id, word, weight, rank) VALUES (26, '肩膀', 0.6, 4);
INSERT INTO event_keywords (event_id, word, weight, rank) VALUES (26, '六七十', 0.6, 5);
INSERT INTO event_keywords (event_id, word, weight, rank) VALUES (26, '广西', 0.511, 6);
INSERT INTO event_keywords (event_id, word, weight, rank) VALUES (26, '暴雨', 0.4, 7);
INSERT INTO event_platforms (event_id, platform_name, ratio, rank) VALUES (26, '微博', 0.5, 0);
INSERT INTO event_platforms (event_id, platform_name, ratio, rank) VALUES (26, '新浪新闻', 0.25, 1);
INSERT INTO event_platforms (event_id, platform_name, ratio, rank) VALUES (26, '知乎', 0.25, 2);
INSERT INTO event_trend_daily (event_id, date, count, is_predicted) VALUES (26, '2026-07-11', 1, 0);
INSERT INTO event_trend_daily (event_id, date, count, is_predicted) VALUES (26, '2026-07-12', 3, 0);
INSERT INTO event_trend_daily (event_id, date, count, is_predicted, predict_heat, predict_count) VALUES (26, '2026-07-13', 0, 1, 5.0, 5.0);
INSERT INTO event_trend_daily (event_id, date, count, is_predicted, predict_heat, predict_count) VALUES (26, '2026-07-14', 0, 1, 7.0, 7.0);
INSERT INTO event_trend_daily (event_id, date, count, is_predicted, predict_heat, predict_count) VALUES (26, '2026-07-15', 0, 1, 9.0, 9.0);

-- gold_price.json: 4/8 clusters (heat >= 2.0)
INSERT INTO events (event_id, title, heat, report_count, duplicate_count, time_start, time_end, event_time, risk_level, stage, confidence, prob_latent, prob_growth, prob_peak, prob_decline, analysis, positive, neutral, negative, sources, summary, location, cause, people, authenticity, propagation, created_at, updated_at) VALUES (27, '最精明的资产选择？金价创历史新高后何去何从_牛市点线面_澎湃新闻-The Paper', 7.343, 134, 1, '2026-06-01 09:05:01', '2026-07-12 23:22:50', '2026-07-02 12:00:00', 'mid', 'decline', 0.9, 0.0, 0.0, 0.1, 0.9, '当前事件报道数量持续下降，公众关注度减弱，处于衰退期。', 0.444, 0.366, 0.19, '["人民网", "微博", "新浪新闻", "澎湃新闻", "知乎"]', '同时，近期公布的美国宏观经济数据整体表现积极，叠加新任美联储主席‘通过缩表重塑市场对美元信心及长期通胀可控预期’的政策主张，美元走强亦对黄金价格形成部分压力。值得一提的是，随着加息预期升温，高盛经济学家将美联储降息预期推迟至明年，同时将2026年年底黄金目标价下调至每盎司4900美元，并警告称，若美联储年内真的启动加息，金价年底甚至可能跌至每盎司4400美元附近。金价路径：触发条件,金价目标,95%置信区间 鸽派信号明确,"$4,500-4,800","[$4,200, $5,000]"五、摩根大通长期预测的路径积分验证5.1 长期看涨的结构性支撑尽管短期风险显著下行，摩根大通维持长期看涨立场：年份,季度,金价预测,核心驱动 2027年,Q1,$4,600,"央行购金恢复+实物需求回归" 2027年,Q2,$4,700,ETF资金回流 2027年,Q3,$4,800,美联储鸽派转向确认 2027年,Q4,$5,000,"降息周期开启+去美元化"5.2 白银、铂金、钯金的路径积分品种,2026年下半年,2027年预测,核心驱动 白银,"$62-65（区间震荡）","$64-70","太阳能需求下降→供需再平衡，金银比向70-75靠拢" 铂金,"$1,600-1,800","$1,950","南非供应端激励价格→随黄金企稳回升" 钯金,"$1,350","$1,300",电动车侵蚀需求→持续承压六、关键节点与95%置信区间汇总6.1 2026年7-12月金价路径时间节点,基准预测,95%置信区间,核心驱动 7月（当前反弹）,"$4,100-4,300","[$3,800, $4,500]","非农疲软→加息预期钝化" 8月,"$3,900-4,200","[$3,600, $4,400]","通胀数据确认+ETF持续流出" 9月（关键拐点）,"$3,800-4,100","[$3,500, $4,300]",美联储政策信号 10月,"$4,000-4,300","[$3,700, $4,600]",中期选举前政策博弈 11月,"$4,100-4,400","[$3,800, $4,700]",选举落地 12月,"$4,200-4,500","[$3,900, $4,800]",降息预期升温6.2 极端情景的置信区间情景,金价目标,95%置信区间,概率 美联储提前加息,"$3,500-$3,600","[$3,300, $3,800]",30% 美联储保持耐心,"$4,100-4,300","[$3,800, $4,600]",45% 美联储鸽派转向,"$4,500-4,800","[$4,200, $5,000]",25%七、结论7.1 核心判断黄金已重新看美联储的脸色。', '美国、东京、纽约', '最精明的资产选择。', '["特朗普", "刘亚南", "鲍威尔", "金改", "刘春燕"]', '{"credibility_score": 0.672, "official_ratio": 0.604, "verified_ratio": 0.701, "plain_user_ratio": 0.299, "verification_dist": {"官方平台": 0.604, "普通用户": 0.299, "认证个人": 0.067, "认证机构": 0.015, "头部认证个人": 0.015}, "factors": ["well_sourced"]}', '{"key_nodes": [{"role": "首次官方媒体介入", "author": "证券日报", "platform": "人民网", "verification_type": "官方平台", "publish_time": "2026-06-01T09:05:01", "influence": 0.0, "title": "金价5月份“过山车”后去向何方？--经济·科技--人民网"}, {"role": "初始爆料", "author": "三相三悟", "platform": "知乎", "verification_type": "普通用户", "publish_time": "2026-06-20T11:26:13", "influence": 0.3, "title": "美联储加息周期对黄金价格、实物金饰的完整传导逻辑 - 知乎"}, {"role": "传播高峰", "author": "环中星鉴", "platform": "知乎", "verification_type": "普通用户", "publish_time": "2026-07-03T13:32:08", "influence": 138.7, "title": "我一直在监测的几个构成黄金反弹的条件，昨天全都激活了，所以昨天的文章已经预告过，"}, {"role": "首次大V发声", "author": "红星新闻", "platform": "微博", "verification_type": "认证机构", "publish_time": "2026-07-08T08:06:20", "influence": 60.4, "title": "【#一觉醒来黄金又跌了#】#黄金又跌破4100美元了# 北京时间7月8日，国际油"}], "top_influencers": [{"author": "环中星鉴", "platform": "知乎", "verification_type": "普通用户", "publish_time": "2026-07-03T13:32:08", "influence": 138.7, "repost_count": 0, "like_count": 354, "comment_count": 65, "title": "我一直在监测的几个构成黄金反弹的条件，昨天全都激活了，所以昨天的文章已经预告过，"}, {"author": "币世界忠本聪", "platform": "微博", "verification_type": "普通用户", "publish_time": "2026-07-07T01:32:30.999999", "influence": 136.4, "repost_count": 2, "like_count": 248, "comment_count": 120, "title": "周一美股指，纳斯达克指数盘中涨幅1.2%，标普500指数涨幅0.6%，黄金跌幅0"}, {"author": "随便什么名字", "platform": "知乎", "verification_type": "普通用户", "publish_time": "2026-07-05T02:48:10", "influence": 76.1, "repost_count": 0, "like_count": 127, "comment_count": 76, "title": "连美联储的美元潮汐周期都不知道，就敢过来玩黄金？还好意思说什么中长线，价值投资？"}, {"author": "红星新闻", "platform": "微博", "verification_type": "认证机构", "publish_time": "2026-07-08T08:06:20", "influence": 60.4, "repost_count": 16, "like_count": 103, "comment_count": 27, "title": "【#一觉醒来黄金又跌了#】#黄金又跌破4100美元了# 北京时间7月8日，国际油"}, {"author": "火神八号", "platform": "知乎", "verification_type": "普通用户", "publish_time": "2026-07-02T21:33:31", "influence": 44.1, "repost_count": 0, "like_count": 112, "comment_count": 21, "title": "我发现许多人对黄金的逻辑，与现实情况是正好相反的。美联储不仅不是想要压制黄金的最"}], "platform_chain": {"nodes": [{"name": "人民网", "count": 8, "first_seen": "2026-06-01T09:05:01"}, {"name": "澎湃新闻", "count": 25, "first_seen": "2026-06-17T00:00:00"}, {"name": "知乎", "count": 47, "first_seen": "2026-06-20T11:26:13"}, {"name": "微博", "count": 5, "first_seen": "2026-07-07T01:32:30.999999"}, {"name": "新浪新闻", "count": 13, "first_seen": "2026-07-09T07:47:51"}], "links": [{"source": "人民网", "target": "澎湃新闻", "value": 25}, {"source": "澎湃新闻", "target": "知乎", "value": 47}, {"source": "知乎", "target": "微博", "value": 5}, {"source": "微博", "target": "新浪新闻", "value": 13}]}}', '2026-07-13 19:10:32', '2026-07-13 19:10:32');
INSERT INTO event_keywords (event_id, word, weight, rank) VALUES (27, '黄金', 1.0, 0);
INSERT INTO event_keywords (event_id, word, weight, rank) VALUES (27, '美元', 0.542, 1);
INSERT INTO event_keywords (event_id, word, weight, rank) VALUES (27, '金价', 0.502, 2);
INSERT INTO event_keywords (event_id, word, weight, rank) VALUES (27, '美联储', 0.304, 3);
INSERT INTO event_keywords (event_id, word, weight, rank) VALUES (27, '经济', 0.182, 4);
INSERT INTO event_keywords (event_id, word, weight, rank) VALUES (27, '降息', 0.18, 5);
INSERT INTO event_keywords (event_id, word, weight, rank) VALUES (27, '白银', 0.168, 6);
INSERT INTO event_keywords (event_id, word, weight, rank) VALUES (27, '疫情', 0.13, 7);
INSERT INTO event_platforms (event_id, platform_name, ratio, rank) VALUES (27, '知乎', 0.351, 0);
INSERT INTO event_platforms (event_id, platform_name, ratio, rank) VALUES (27, '澎湃新闻', 0.328, 1);
INSERT INTO event_platforms (event_id, platform_name, ratio, rank) VALUES (27, '人民网', 0.179, 2);
INSERT INTO event_platforms (event_id, platform_name, ratio, rank) VALUES (27, '新浪新闻', 0.097, 3);
INSERT INTO event_platforms (event_id, platform_name, ratio, rank) VALUES (27, '微博', 0.045, 4);
INSERT INTO event_trend_daily (event_id, date, count, is_predicted) VALUES (27, '2026-06-01', 1, 0);
INSERT INTO event_trend_daily (event_id, date, count, is_predicted) VALUES (27, '2026-06-02', 0, 0);
INSERT INTO event_trend_daily (event_id, date, count, is_predicted) VALUES (27, '2026-06-03', 0, 0);
INSERT INTO event_trend_daily (event_id, date, count, is_predicted) VALUES (27, '2026-06-04', 0, 0);
INSERT INTO event_trend_daily (event_id, date, count, is_predicted) VALUES (27, '2026-06-05', 0, 0);
INSERT INTO event_trend_daily (event_id, date, count, is_predicted) VALUES (27, '2026-06-06', 0, 0);
INSERT INTO event_trend_daily (event_id, date, count, is_predicted) VALUES (27, '2026-06-07', 0, 0);
INSERT INTO event_trend_daily (event_id, date, count, is_predicted) VALUES (27, '2026-06-08', 0, 0);
INSERT INTO event_trend_daily (event_id, date, count, is_predicted) VALUES (27, '2026-06-09', 0, 0);
INSERT INTO event_trend_daily (event_id, date, count, is_predicted) VALUES (27, '2026-06-10', 1, 0);
INSERT INTO event_trend_daily (event_id, date, count, is_predicted) VALUES (27, '2026-06-11', 2, 0);
INSERT INTO event_trend_daily (event_id, date, count, is_predicted) VALUES (27, '2026-06-12', 0, 0);
INSERT INTO event_trend_daily (event_id, date, count, is_predicted) VALUES (27, '2026-06-13', 0, 0);
INSERT INTO event_trend_daily (event_id, date, count, is_predicted) VALUES (27, '2026-06-14', 0, 0);
INSERT INTO event_trend_daily (event_id, date, count, is_predicted) VALUES (27, '2026-06-15', 1, 0);
INSERT INTO event_trend_daily (event_id, date, count, is_predicted) VALUES (27, '2026-06-16', 0, 0);
INSERT INTO event_trend_daily (event_id, date, count, is_predicted) VALUES (27, '2026-06-17', 1, 0);
INSERT INTO event_trend_daily (event_id, date, count, is_predicted) VALUES (27, '2026-06-18', 0, 0);
INSERT INTO event_trend_daily (event_id, date, count, is_predicted) VALUES (27, '2026-06-19', 2, 0);
INSERT INTO event_trend_daily (event_id, date, count, is_predicted) VALUES (27, '2026-06-20', 2, 0);
INSERT INTO event_trend_daily (event_id, date, count, is_predicted) VALUES (27, '2026-06-21', 0, 0);
INSERT INTO event_trend_daily (event_id, date, count, is_predicted) VALUES (27, '2026-06-22', 1, 0);
INSERT INTO event_trend_daily (event_id, date, count, is_predicted) VALUES (27, '2026-06-23', 2, 0);
INSERT INTO event_trend_daily (event_id, date, count, is_predicted) VALUES (27, '2026-06-24', 5, 0);
INSERT INTO event_trend_daily (event_id, date, count, is_predicted) VALUES (27, '2026-06-25', 1, 0);
INSERT INTO event_trend_daily (event_id, date, count, is_predicted) VALUES (27, '2026-06-26', 1, 0);
INSERT INTO event_trend_daily (event_id, date, count, is_predicted) VALUES (27, '2026-06-27', 0, 0);
INSERT INTO event_trend_daily (event_id, date, count, is_predicted) VALUES (27, '2026-06-28', 0, 0);
INSERT INTO event_trend_daily (event_id, date, count, is_predicted) VALUES (27, '2026-06-29', 1, 0);
INSERT INTO event_trend_daily (event_id, date, count, is_predicted) VALUES (27, '2026-06-30', 1, 0);
INSERT INTO event_trend_daily (event_id, date, count, is_predicted) VALUES (27, '2026-07-01', 3, 0);
INSERT INTO event_trend_daily (event_id, date, count, is_predicted) VALUES (27, '2026-07-02', 10, 0);
INSERT INTO event_trend_daily (event_id, date, count, is_predicted) VALUES (27, '2026-07-03', 5, 0);
INSERT INTO event_trend_daily (event_id, date, count, is_predicted) VALUES (27, '2026-07-04', 5, 0);
INSERT INTO event_trend_daily (event_id, date, count, is_predicted) VALUES (27, '2026-07-05', 3, 0);
INSERT INTO event_trend_daily (event_id, date, count, is_predicted) VALUES (27, '2026-07-06', 3, 0);
INSERT INTO event_trend_daily (event_id, date, count, is_predicted) VALUES (27, '2026-07-07', 8, 0);
INSERT INTO event_trend_daily (event_id, date, count, is_predicted) VALUES (27, '2026-07-08', 7, 0);
INSERT INTO event_trend_daily (event_id, date, count, is_predicted) VALUES (27, '2026-07-09', 10, 0);
INSERT INTO event_trend_daily (event_id, date, count, is_predicted) VALUES (27, '2026-07-10', 10, 0);
INSERT INTO event_trend_daily (event_id, date, count, is_predicted) VALUES (27, '2026-07-11', 7, 0);
INSERT INTO event_trend_daily (event_id, date, count, is_predicted) VALUES (27, '2026-07-12', 5, 0);
INSERT INTO event_trend_daily (event_id, date, count, is_predicted, predict_heat, predict_count) VALUES (27, '2026-07-13', 0, 1, 2.5, 2.5);
INSERT INTO event_trend_daily (event_id, date, count, is_predicted, predict_heat, predict_count) VALUES (27, '2026-07-14', 0, 1, 0.0, 0.0);
INSERT INTO event_trend_daily (event_id, date, count, is_predicted, predict_heat, predict_count) VALUES (27, '2026-07-15', 0, 1, 0.0, 0.0);

INSERT INTO events (event_id, title, heat, report_count, duplicate_count, time_start, time_end, event_time, risk_level, stage, confidence, prob_latent, prob_growth, prob_peak, prob_decline, analysis, positive, neutral, negative, sources, summary, location, cause, people, authenticity, propagation, created_at, updated_at) VALUES (28, '华安基金两单商业不动产REITs获批，上海国资盘活存量资产再添实践案例_牛市点线面_澎湃新闻-The Paper', 5.229, 34, 0, '2026-06-23 00:00:00', '2026-07-12 23:26:56', '2026-07-10 12:00:00', 'mid', 'decline', 0.9, 0.0, 0.0, 0.1, 0.9, '当前事件报道数量持续下降，公众关注度减弱，处于衰退期。', 0.529, 0.371, 0.1, '["微博", "新浪新闻", "澎湃新闻", "知乎"]', '给出 伦敦铝 黄金 伦敦锡 白银的近期规划（更快更详细的规划请参阅我们的每日更新的专栏文章的内容）：1】伦敦铝：6月27号：伦敦铝继续下跌，盘面很弱势，但这个位置不宜过度追空伦敦铝，一方面技术面的乖离过大，很容易反弹，另外原油本身也是被强行压制的，这取决于帝国自己的能力，但原油反弹的压力毕竟还是存在的。====短线的原油的规划是这样的（最新的原油规划请参阅我的专栏文章，黄金白银 美股 半导体 A股及各板块 基本金属...都会及时更新的）：原油：给出近期的4张规划图供参考，更新更快的原有规划请参阅我的专栏文章。今天周末，不写很多，原油等下或许在另外一篇写，A股美股专栏文章里面已经写了，不再啰嗦，凌晨的专栏文章也会对黄金白银的仓位给出详细的规划。', '美伊、伊朗、东八区', '华安基金两单商业不动产REITs获批，上海国资盘活存量资产再添实践案例_牛市点线面_澎湃新闻-The Paper。', '["布伦特", "孙子", "陆家嘴", "布兰特", "利多"]', '{"credibility_score": 0.371, "official_ratio": 0.235, "verified_ratio": 0.471, "plain_user_ratio": 0.529, "verification_dist": {"普通用户": 0.529, "官方平台": 0.235, "认证个人": 0.176, "头部认证个人": 0.059}, "factors": []}', '{"key_nodes": [{"role": "首次官方媒体介入", "author": "澎湃新闻", "platform": "澎湃新闻", "verification_type": "官方平台", "publish_time": "2026-06-23T00:00:00", "influence": 0.0, "title": "华安基金两单商业不动产REITs获批，上海国资盘活存量资产再添实践案例_牛市点线"}, {"role": "传播高峰", "author": "派大星皮皮", "platform": "知乎", "verification_type": "认证个人", "publish_time": "2026-07-03T17:32:15", "influence": 122.2, "title": "涨了看涨、跌了看跌，两头都有理由？那独立思考的意义又如何体现！关于加息以及对黄金"}, {"role": "初始爆料", "author": "alex01", "platform": "知乎", "verification_type": "普通用户", "publish_time": "2026-07-03T19:04:03", "influence": 25.0, "title": "这篇 原油 A股 美股 一窝端。晚上美股休市。凌晨就不发帖子了，布伦特原油看这里"}, {"role": "首次大V发声", "author": "散人小逍遥", "platform": "微博", "verification_type": "头部认证个人", "publish_time": "2026-07-10T09:06:02", "influence": 13.9, "title": "早盘情况， 黄金涨原油跌 日韩股市反弹不错 恒科期指📈0.27% 富时A50开盘"}], "top_influencers": [{"author": "派大星皮皮", "platform": "知乎", "verification_type": "认证个人", "publish_time": "2026-07-03T17:32:15", "influence": 122.2, "repost_count": 0, "like_count": 214, "comment_count": 116, "title": "涨了看涨、跌了看跌，两头都有理由？那独立思考的意义又如何体现！关于加息以及对黄金"}, {"author": "alex01", "platform": "知乎", "verification_type": "普通用户", "publish_time": "2026-07-10T16:50:38.999999", "influence": 76.0, "repost_count": 0, "like_count": 65, "comment_count": 113, "title": "今天的黄金 白银市场小幅震荡，震荡小幅，让人昏昏欲睡，连黄鼠狼都闷不出个屁出来."}, {"author": "alex01", "platform": "知乎", "verification_type": "普通用户", "publish_time": "2026-07-08T16:41:44", "influence": 69.9, "repost_count": 0, "like_count": 48, "comment_count": 111, "title": "今天的盘面有几个和过去不一样的特点：1》黄金 白银 原油都是涨的。东八区2026"}, {"author": "环中星鉴", "platform": "知乎", "verification_type": "普通用户", "publish_time": "2026-07-08T22:46:17", "influence": 59.3, "repost_count": 0, "like_count": 146, "comment_count": 31, "title": "沃什7月1日刚讲完“通胀正在走低”，黄金本来昨天最高摸到4190，结果美伊昨天晚"}, {"author": "alex01", "platform": "知乎", "verification_type": "普通用户", "publish_time": "2026-07-09T16:56:45", "influence": 57.0, "repost_count": 0, "like_count": 85, "comment_count": 63, "title": "黄金白银上午还在下跌，下午突然旱地拔葱，大涨。（2026年7月9号，这篇讲为什么"}], "platform_chain": {"nodes": [{"name": "澎湃新闻", "count": 7, "first_seen": "2026-06-23T00:00:00"}, {"name": "知乎", "count": 22, "first_seen": "2026-07-03T17:32:15"}, {"name": "新浪新闻", "count": 1, "first_seen": "2026-07-09T13:12:00"}, {"name": "微博", "count": 4, "first_seen": "2026-07-10T09:06:02"}], "links": [{"source": "澎湃新闻", "target": "知乎", "value": 22}, {"source": "知乎", "target": "新浪新闻", "value": 1}, {"source": "新浪新闻", "target": "微博", "value": 4}]}}', '2026-07-13 19:10:32', '2026-07-13 19:10:32');
INSERT INTO event_keywords (event_id, word, weight, rank) VALUES (28, '黄金', 1.0, 0);
INSERT INTO event_keywords (event_id, word, weight, rank) VALUES (28, '白银', 0.98, 1);
INSERT INTO event_keywords (event_id, word, weight, rank) VALUES (28, '规划', 0.553, 2);
INSERT INTO event_keywords (event_id, word, weight, rank) VALUES (28, '帝国', 0.486, 3);
INSERT INTO event_keywords (event_id, word, weight, rank) VALUES (28, '基金', 0.367, 4);
INSERT INTO event_keywords (event_id, word, weight, rank) VALUES (28, 'A股', 0.345, 5);
INSERT INTO event_keywords (event_id, word, weight, rank) VALUES (28, '美元', 0.251, 6);
INSERT INTO event_keywords (event_id, word, weight, rank) VALUES (28, '美股', 0.249, 7);
INSERT INTO event_platforms (event_id, platform_name, ratio, rank) VALUES (28, '知乎', 0.647, 0);
INSERT INTO event_platforms (event_id, platform_name, ratio, rank) VALUES (28, '澎湃新闻', 0.206, 1);
INSERT INTO event_platforms (event_id, platform_name, ratio, rank) VALUES (28, '微博', 0.118, 2);
INSERT INTO event_platforms (event_id, platform_name, ratio, rank) VALUES (28, '新浪新闻', 0.029, 3);
INSERT INTO event_trend_daily (event_id, date, count, is_predicted) VALUES (28, '2026-06-23', 1, 0);
INSERT INTO event_trend_daily (event_id, date, count, is_predicted) VALUES (28, '2026-06-24', 0, 0);
INSERT INTO event_trend_daily (event_id, date, count, is_predicted) VALUES (28, '2026-06-25', 1, 0);
INSERT INTO event_trend_daily (event_id, date, count, is_predicted) VALUES (28, '2026-06-26', 0, 0);
INSERT INTO event_trend_daily (event_id, date, count, is_predicted) VALUES (28, '2026-06-27', 0, 0);
INSERT INTO event_trend_daily (event_id, date, count, is_predicted) VALUES (28, '2026-06-28', 0, 0);
INSERT INTO event_trend_daily (event_id, date, count, is_predicted) VALUES (28, '2026-06-29', 1, 0);
INSERT INTO event_trend_daily (event_id, date, count, is_predicted) VALUES (28, '2026-06-30', 0, 0);
INSERT INTO event_trend_daily (event_id, date, count, is_predicted) VALUES (28, '2026-07-01', 0, 0);
INSERT INTO event_trend_daily (event_id, date, count, is_predicted) VALUES (28, '2026-07-02', 0, 0);
INSERT INTO event_trend_daily (event_id, date, count, is_predicted) VALUES (28, '2026-07-03', 5, 0);
INSERT INTO event_trend_daily (event_id, date, count, is_predicted) VALUES (28, '2026-07-04', 0, 0);
INSERT INTO event_trend_daily (event_id, date, count, is_predicted) VALUES (28, '2026-07-05', 1, 0);
INSERT INTO event_trend_daily (event_id, date, count, is_predicted) VALUES (28, '2026-07-06', 0, 0);
INSERT INTO event_trend_daily (event_id, date, count, is_predicted) VALUES (28, '2026-07-07', 1, 0);
INSERT INTO event_trend_daily (event_id, date, count, is_predicted) VALUES (28, '2026-07-08', 6, 0);
INSERT INTO event_trend_daily (event_id, date, count, is_predicted) VALUES (28, '2026-07-09', 3, 0);
INSERT INTO event_trend_daily (event_id, date, count, is_predicted) VALUES (28, '2026-07-10', 7, 0);
INSERT INTO event_trend_daily (event_id, date, count, is_predicted) VALUES (28, '2026-07-11', 4, 0);
INSERT INTO event_trend_daily (event_id, date, count, is_predicted) VALUES (28, '2026-07-12', 4, 0);
INSERT INTO event_trend_daily (event_id, date, count, is_predicted, predict_heat, predict_count) VALUES (28, '2026-07-13', 0, 1, 2.5, 2.5);
INSERT INTO event_trend_daily (event_id, date, count, is_predicted, predict_heat, predict_count) VALUES (28, '2026-07-14', 0, 1, 1.0, 1.0);
INSERT INTO event_trend_daily (event_id, date, count, is_predicted, predict_heat, predict_count) VALUES (28, '2026-07-15', 0, 1, 0.0, 0.0);

INSERT INTO events (event_id, title, heat, report_count, duplicate_count, time_start, time_end, event_time, risk_level, stage, confidence, prob_latent, prob_growth, prob_peak, prob_decline, analysis, positive, neutral, negative, sources, summary, location, cause, people, authenticity, propagation, created_at, updated_at) VALUES (29, '这轮金价还在向下砸！何为底？你觉得呢？', 2.942, 13, 0, '2026-07-09 07:09:41', '2026-07-12 17:53:10', '2026-07-10 12:00:00', 'low', 'decline', 0.9, 0.0, 0.0, 0.1, 0.9, '当前事件报道数量持续下降，公众关注度减弱，处于衰退期。', 0.762, 0.143, 0.095, '["微博", "新浪新闻", "知乎"]', '以下是各大品牌金店详细报价：今日金店黄金价格一览（2026年7月9日）金店报价今日金价单位变动幅度涨跌梦金园黄金价格1242元/克10跌老庙黄金价格1246元/克4跌六福珠宝价格1240元/克10跌周大福黄金价格1242元/克10跌周六福黄金价格1237元/克10跌金至尊黄金价格1240元/克10跌老凤祥黄金价格1246元/克8跌潮宏基黄金价格1242元/克10跌周生生黄金价格1240元/克9跌菜百黄金价格1232元/克10跌中国黄金价格888.8元/克13.2跌周大生黄金价格1242元/克10跌今日黄金价格保持下跌，黄金回收价格同样，考虑到不同品牌回收价差也较大，以下为部分金店回收参考价：今日金店黄金回收价格一览（2026年7月9日）回收报价今日金价单位黄金878.70元/克周生生黄金861.00元/克周大福黄金861.00元/克老凤祥黄金901.70元/克再简单说一下铂金饰品价格，还是以周生生为例，今日铂金饰品价格下跌13元/克，报624元/克。今日金价【2026年07月11日】黄金价格多少钱一克。2026年7月11日国内今日金价行情：实物黄金现货报价上涨14元，各大品牌金店金饰克价1069元到1256元区间，银行金条价格每克910.3元，白银价格13.5元，周大福、周大生、潮宏基、谢瑞麟今日金价1255元，六福珠宝今日金价1253元，周生生金价今日价格1254元，中国黄金今日金价1249元，老凤祥今日黄金价格1250元，水贝最新黄金价格1069元，老庙黄金今日价格1256元，周六福黄金价格1250元，菜百今日金价1235元。', '青岛、中国、美伊', '这轮金价还在向下砸。', '["周生生", "周大福", "谢九", "白银", "金三银"]', '{"credibility_score": 0.538, "official_ratio": 0.308, "verified_ratio": 0.692, "plain_user_ratio": 0.308, "verification_dist": {"官方平台": 0.308, "普通用户": 0.308, "认证个人": 0.154, "认证机构": 0.154, "头部认证个人": 0.077}, "factors": ["well_sourced"]}', '{"key_nodes": [{"role": "首次官方媒体介入", "author": "星辰失控者", "platform": "新浪新闻", "verification_type": "官方平台", "publish_time": "2026-07-09T07:09:41", "influence": 0.0, "title": "这轮金价还在向下砸！何为底？你觉得呢？"}, {"role": "初始爆料", "author": "金投网", "platform": "知乎", "verification_type": "普通用户", "publish_time": "2026-07-09T15:43:38", "influence": 0.3, "title": "金价三连跌！7月9日国内品牌金店金价跌幅继续扩大 - 知乎"}, {"role": "首次大V发声", "author": "三联生活周刊", "platform": "微博", "verification_type": "认证机构", "publish_time": "2026-07-10T12:52:51", "influence": 82.0, "title": "#金价暴跌普通人现在还能抄底买金吗# 最近，国际黄金价格一度跌破4000美元/盎"}, {"role": "传播高峰", "author": "heIp", "platform": "微博", "verification_type": "认证个人", "publish_time": "2026-07-10T17:32:31", "influence": 98.4, "title": "最近金价回落，网上有一个很火的说法： 黄金的涨跌，根本就不是为了让你发财的。 普"}], "top_influencers": [{"author": "heIp", "platform": "微博", "verification_type": "认证个人", "publish_time": "2026-07-10T17:32:31", "influence": 98.4, "repost_count": 38, "like_count": 183, "comment_count": 11, "title": "最近金价回落，网上有一个很火的说法： 黄金的涨跌，根本就不是为了让你发财的。 普"}, {"author": "三联生活周刊", "platform": "微博", "verification_type": "认证机构", "publish_time": "2026-07-10T12:52:51", "influence": 82.0, "repost_count": 25, "like_count": 160, "comment_count": 18, "title": "#金价暴跌普通人现在还能抄底买金吗# 最近，国际黄金价格一度跌破4000美元/盎"}, {"author": "财联社APP", "platform": "微博", "verification_type": "认证机构", "publish_time": "2026-07-12T17:53:10", "influence": 48.6, "repost_count": 23, "like_count": 77, "comment_count": 5, "title": "#结婚买三金半年便宜近2万#【买“三金”半年便宜近两万 但“买涨不买跌”让金店更"}, {"author": "游戏投投机", "platform": "微博", "verification_type": "认证个人", "publish_time": "2026-07-10T09:55:41", "influence": 39.3, "repost_count": 10, "like_count": 86, "comment_count": 7, "title": "#金价上蹿下跳##金价# 金价冲高回落，昨日金价下跌后晚间拉升，金价上蹿下跳波动"}, {"author": "金本聪在线", "platform": "微博", "verification_type": "头部认证个人", "publish_time": "2026-07-11T13:42:35", "influence": 8.4, "repost_count": 0, "like_count": 28, "comment_count": 0, "title": "#黄金[超话]#7.11下周金价怎么看？#黄金##金价##今日金价##期货##财"}], "platform_chain": {"nodes": [{"name": "新浪新闻", "count": 4, "first_seen": "2026-07-09T07:09:41"}, {"name": "知乎", "count": 4, "first_seen": "2026-07-09T15:43:38"}, {"name": "微博", "count": 5, "first_seen": "2026-07-10T09:55:41"}], "links": [{"source": "新浪新闻", "target": "知乎", "value": 4}, {"source": "知乎", "target": "微博", "value": 5}]}}', '2026-07-13 19:10:32', '2026-07-13 19:10:32');
INSERT INTO event_keywords (event_id, word, weight, rank) VALUES (29, '黄金', 1.0, 0);
INSERT INTO event_keywords (event_id, word, weight, rank) VALUES (29, '金价', 0.89, 1);
INSERT INTO event_keywords (event_id, word, weight, rank) VALUES (29, '今日', 0.832, 2);
INSERT INTO event_keywords (event_id, word, weight, rank) VALUES (29, '价格', 0.794, 3);
INSERT INTO event_keywords (event_id, word, weight, rank) VALUES (29, '黄金价格', 0.527, 4);
INSERT INTO event_keywords (event_id, word, weight, rank) VALUES (29, '结婚', 0.469, 5);
INSERT INTO event_keywords (event_id, word, weight, rank) VALUES (29, '回收', 0.469, 6);
INSERT INTO event_keywords (event_id, word, weight, rank) VALUES (29, '金店', 0.403, 7);
INSERT INTO event_platforms (event_id, platform_name, ratio, rank) VALUES (29, '微博', 0.385, 0);
INSERT INTO event_platforms (event_id, platform_name, ratio, rank) VALUES (29, '新浪新闻', 0.308, 1);
INSERT INTO event_platforms (event_id, platform_name, ratio, rank) VALUES (29, '知乎', 0.308, 2);
INSERT INTO event_trend_daily (event_id, date, count, is_predicted) VALUES (29, '2026-07-09', 2, 0);
INSERT INTO event_trend_daily (event_id, date, count, is_predicted) VALUES (29, '2026-07-10', 6, 0);
INSERT INTO event_trend_daily (event_id, date, count, is_predicted) VALUES (29, '2026-07-11', 3, 0);
INSERT INTO event_trend_daily (event_id, date, count, is_predicted) VALUES (29, '2026-07-12', 2, 0);
INSERT INTO event_trend_daily (event_id, date, count, is_predicted, predict_heat, predict_count) VALUES (29, '2026-07-13', 0, 1, 0.0, 0.0);
INSERT INTO event_trend_daily (event_id, date, count, is_predicted, predict_heat, predict_count) VALUES (29, '2026-07-14', 0, 1, 0.0, 0.0);
INSERT INTO event_trend_daily (event_id, date, count, is_predicted, predict_heat, predict_count) VALUES (29, '2026-07-15', 0, 1, 0.0, 0.0);

INSERT INTO events (event_id, title, heat, report_count, duplicate_count, time_start, time_end, event_time, risk_level, stage, confidence, prob_latent, prob_growth, prob_peak, prob_decline, analysis, positive, neutral, negative, sources, summary, location, cause, people, authenticity, propagation, created_at, updated_at) VALUES (30, '国际油价仍未挣脱“海峡困局”--经济·科技--人民网', 2.415, 15, 0, '2026-06-09 09:36:33', '2026-07-12 20:12:53', '2026-07-10 12:00:00', 'low', 'peak', 0.9, 0.0, 0.05, 0.9, 0.05, '当前事件报道量已接近峰值，关注度趋于稳定，处于高潮期。', 0.619, 0.19, 0.19, '["人民网", "微博", "新浪新闻", "知乎"]', '国际油价因地缘政治风险剧烈震荡，伦敦布伦特原油价格最高飙升到114美元/桶，全球能源市场也因此陷入“海峡困局”。国际评级机构惠誉维持2026年布伦特原油全年87美元/桶的均价基准，不过，该机构将今年四季度油价预期下调到70美元/桶至73美元/桶，前提是伊朗原油出口持续放量、石油输出国组织（欧佩克）与非欧佩克产油国组成的“欧佩克+”灵活释放闲置产能。这一次美伊冲突拉动油价，油价的短期冲高重新激活了通胀担忧，通胀担忧又强化了加息预期——黄金被压下去，不是矛盾，而是非常符合逻辑的结果。', '霍尔木兹海峡、美伊、中东', '#油价存在失控风险#【中金财富期货：目前黄金市场在流动性短缺和通胀压力的双重挤压下，参与价值有限】#。', '["布伦特"]', '{"credibility_score": 0.463, "official_ratio": 0.2, "verified_ratio": 0.6, "plain_user_ratio": 0.4, "verification_dist": {"普通用户": 0.4, "官方平台": 0.2, "认证机构": 0.2, "认证个人": 0.133, "头部认证个人": 0.067}, "factors": []}', '{"key_nodes": [{"role": "首次大V发声", "author": "新浪财经", "platform": "微博", "verification_type": "认证机构", "publish_time": "2026-06-09T09:36:33", "influence": 80.3, "title": "#油价存在失控风险#【中金财富期货：目前黄金市场在流动性短缺和通胀压力的双重挤压"}, {"role": "首次官方媒体介入", "author": "经济日报", "platform": "人民网", "verification_type": "官方平台", "publish_time": "2026-07-03T09:02:47", "influence": 0.0, "title": "国际油价仍未挣脱“海峡困局”--经济·科技--人民网"}, {"role": "初始爆料", "author": "木已断水", "platform": "知乎", "verification_type": "普通用户", "publish_time": "2026-07-03T21:12:34", "influence": 1.5, "title": "之前大战爆发的时候，就已经分析了，石油下跌后的利好品种。再系统梳理下，利好品种内"}, {"role": "传播高峰", "author": "波浪理论学习", "platform": "微博", "verification_type": "认证个人", "publish_time": "2026-07-10T12:02:38", "influence": 93.0, "title": "#黄金##XAU# 这次上涨是第一部分，随后的下跌是第二部分，调整还在进行，不是"}], "top_influencers": [{"author": "波浪理论学习", "platform": "微博", "verification_type": "认证个人", "publish_time": "2026-07-10T12:02:38", "influence": 93.0, "repost_count": 1, "like_count": 225, "comment_count": 49, "title": "#黄金##XAU# 这次上涨是第一部分，随后的下跌是第二部分，调整还在进行，不是"}, {"author": "新浪财经", "platform": "微博", "verification_type": "认证机构", "publish_time": "2026-06-09T09:36:33", "influence": 80.3, "repost_count": 28, "like_count": 126, "comment_count": 29, "title": "#油价存在失控风险#【中金财富期货：目前黄金市场在流动性短缺和通胀压力的双重挤压"}, {"author": "秦永臣DXY", "platform": "微博", "verification_type": "认证个人", "publish_time": "2026-07-04T07:41:20", "influence": 62.8, "repost_count": 4, "like_count": 136, "comment_count": 36, "title": "不要豪赌油价 我之前在评论原油和黄金都下跌的情况下，买金还是买油的问题时，明确说"}, {"author": "波段猎手阿福", "platform": "微博", "verification_type": "头部认证个人", "publish_time": "2026-07-10T07:13:14", "influence": 23.9, "repost_count": 2, "like_count": 58, "comment_count": 9, "title": "黄金原油下跌"}, {"author": "财联社APP", "platform": "微博", "verification_type": "认证机构", "publish_time": "2026-07-08T16:19:24", "influence": 10.3, "repost_count": 2, "like_count": 26, "comment_count": 1, "title": "【#国际油价又飙升# #金银再度急跌#】财联社7月8日电，布伦特原油期货涨幅扩大"}], "platform_chain": {"nodes": [{"name": "微博", "count": 6, "first_seen": "2026-06-09T09:36:33"}, {"name": "人民网", "count": 1, "first_seen": "2026-07-03T09:02:47"}, {"name": "知乎", "count": 6, "first_seen": "2026-07-03T21:12:34"}, {"name": "新浪新闻", "count": 2, "first_seen": "2026-07-09T11:14:40"}], "links": [{"source": "微博", "target": "人民网", "value": 1}, {"source": "人民网", "target": "知乎", "value": 6}, {"source": "知乎", "target": "新浪新闻", "value": 2}]}}', '2026-07-13 19:10:32', '2026-07-13 19:10:32');
INSERT INTO event_keywords (event_id, word, weight, rank) VALUES (30, '油价', 1.0, 0);
INSERT INTO event_keywords (event_id, word, weight, rank) VALUES (30, '黄金', 0.799, 1);
INSERT INTO event_keywords (event_id, word, weight, rank) VALUES (30, '国际', 0.739, 2);
INSERT INTO event_keywords (event_id, word, weight, rank) VALUES (30, '原油', 0.663, 3);
INSERT INTO event_keywords (event_id, word, weight, rank) VALUES (30, '美元', 0.657, 4);
INSERT INTO event_keywords (event_id, word, weight, rank) VALUES (30, '通胀', 0.604, 5);
INSERT INTO event_keywords (event_id, word, weight, rank) VALUES (30, '冲突', 0.521, 6);
INSERT INTO event_keywords (event_id, word, weight, rank) VALUES (30, '加息', 0.517, 7);
INSERT INTO event_platforms (event_id, platform_name, ratio, rank) VALUES (30, '微博', 0.4, 0);
INSERT INTO event_platforms (event_id, platform_name, ratio, rank) VALUES (30, '知乎', 0.4, 1);
INSERT INTO event_platforms (event_id, platform_name, ratio, rank) VALUES (30, '新浪新闻', 0.133, 2);
INSERT INTO event_platforms (event_id, platform_name, ratio, rank) VALUES (30, '人民网', 0.067, 3);
INSERT INTO event_trend_daily (event_id, date, count, is_predicted) VALUES (30, '2026-06-09', 1, 0);
INSERT INTO event_trend_daily (event_id, date, count, is_predicted) VALUES (30, '2026-06-10', 0, 0);
INSERT INTO event_trend_daily (event_id, date, count, is_predicted) VALUES (30, '2026-06-11', 0, 0);
INSERT INTO event_trend_daily (event_id, date, count, is_predicted) VALUES (30, '2026-06-12', 0, 0);
INSERT INTO event_trend_daily (event_id, date, count, is_predicted) VALUES (30, '2026-06-13', 0, 0);
INSERT INTO event_trend_daily (event_id, date, count, is_predicted) VALUES (30, '2026-06-14', 0, 0);
INSERT INTO event_trend_daily (event_id, date, count, is_predicted) VALUES (30, '2026-06-15', 0, 0);
INSERT INTO event_trend_daily (event_id, date, count, is_predicted) VALUES (30, '2026-06-16', 0, 0);
INSERT INTO event_trend_daily (event_id, date, count, is_predicted) VALUES (30, '2026-06-17', 0, 0);
INSERT INTO event_trend_daily (event_id, date, count, is_predicted) VALUES (30, '2026-06-18', 0, 0);
INSERT INTO event_trend_daily (event_id, date, count, is_predicted) VALUES (30, '2026-06-19', 0, 0);
INSERT INTO event_trend_daily (event_id, date, count, is_predicted) VALUES (30, '2026-06-20', 0, 0);
INSERT INTO event_trend_daily (event_id, date, count, is_predicted) VALUES (30, '2026-06-21', 0, 0);
INSERT INTO event_trend_daily (event_id, date, count, is_predicted) VALUES (30, '2026-06-22', 0, 0);
INSERT INTO event_trend_daily (event_id, date, count, is_predicted) VALUES (30, '2026-06-23', 0, 0);
INSERT INTO event_trend_daily (event_id, date, count, is_predicted) VALUES (30, '2026-06-24', 0, 0);
INSERT INTO event_trend_daily (event_id, date, count, is_predicted) VALUES (30, '2026-06-25', 0, 0);
INSERT INTO event_trend_daily (event_id, date, count, is_predicted) VALUES (30, '2026-06-26', 0, 0);
INSERT INTO event_trend_daily (event_id, date, count, is_predicted) VALUES (30, '2026-06-27', 0, 0);
INSERT INTO event_trend_daily (event_id, date, count, is_predicted) VALUES (30, '2026-06-28', 0, 0);
INSERT INTO event_trend_daily (event_id, date, count, is_predicted) VALUES (30, '2026-06-29', 0, 0);
INSERT INTO event_trend_daily (event_id, date, count, is_predicted) VALUES (30, '2026-06-30', 0, 0);
INSERT INTO event_trend_daily (event_id, date, count, is_predicted) VALUES (30, '2026-07-01', 0, 0);
INSERT INTO event_trend_daily (event_id, date, count, is_predicted) VALUES (30, '2026-07-02', 0, 0);
INSERT INTO event_trend_daily (event_id, date, count, is_predicted) VALUES (30, '2026-07-03', 2, 0);
INSERT INTO event_trend_daily (event_id, date, count, is_predicted) VALUES (30, '2026-07-04', 1, 0);
INSERT INTO event_trend_daily (event_id, date, count, is_predicted) VALUES (30, '2026-07-05', 0, 0);
INSERT INTO event_trend_daily (event_id, date, count, is_predicted) VALUES (30, '2026-07-06', 0, 0);
INSERT INTO event_trend_daily (event_id, date, count, is_predicted) VALUES (30, '2026-07-07', 0, 0);
INSERT INTO event_trend_daily (event_id, date, count, is_predicted) VALUES (30, '2026-07-08', 2, 0);
INSERT INTO event_trend_daily (event_id, date, count, is_predicted) VALUES (30, '2026-07-09', 1, 0);
INSERT INTO event_trend_daily (event_id, date, count, is_predicted) VALUES (30, '2026-07-10', 4, 0);
INSERT INTO event_trend_daily (event_id, date, count, is_predicted) VALUES (30, '2026-07-11', 2, 0);
INSERT INTO event_trend_daily (event_id, date, count, is_predicted) VALUES (30, '2026-07-12', 2, 0);
INSERT INTO event_trend_daily (event_id, date, count, is_predicted, predict_heat, predict_count) VALUES (30, '2026-07-13', 0, 1, 1.0, 1.0);
INSERT INTO event_trend_daily (event_id, date, count, is_predicted, predict_heat, predict_count) VALUES (30, '2026-07-14', 0, 1, 0.0, 0.0);
INSERT INTO event_trend_daily (event_id, date, count, is_predicted, predict_heat, predict_count) VALUES (30, '2026-07-15', 0, 1, 0.0, 0.0);

-- missile.json: 3/12 clusters (heat >= 2.0)
INSERT INTO events (event_id, title, heat, report_count, duplicate_count, time_start, time_end, event_time, risk_level, stage, confidence, prob_latent, prob_growth, prob_peak, prob_decline, analysis, positive, neutral, negative, sources, summary, location, cause, people, authenticity, propagation, created_at, updated_at) VALUES (31, '国是直通车：中国之大，日本之小！_全球速报_澎湃新闻-The Paper', 8.26, 92, 0, '2026-06-25 00:00:00', '2026-07-12 18:16:20', '2026-07-07 12:00:00', 'mid', 'decline', 0.9, 0.0, 0.0, 0.1, 0.9, '当前事件报道数量持续下降，公众关注度减弱，处于衰退期。', 0.553, 0.298, 0.149, '["人民网", "微博", "新浪新闻", "澎湃新闻", "知乎"]', '中国发射巨浪后，有外国网友质疑中国没有空基战略核导弹发射能力 于是有人晒出了惊雷1 #中国海军成功组织潜射战略导弹试射##烽火问鼎计划#。日本人发现 #中国海军成功组织潜射战略导弹试射# 似乎有两个发射点，第二个位于广东近海。#中国海军成功组织潜射战略导弹试射#【中国大陆试射“巨浪-3” 为什么日本反应最大。', '中国、日本、太平洋', '#东风61# 巨浪3，东风61 长安街上全是真理[爱你][爱你][爱你]。', '["陆基", "特朗普", "马赫", "陆海空", "郭正亮"]', '{"credibility_score": 0.483, "official_ratio": 0.326, "verified_ratio": 0.576, "plain_user_ratio": 0.424, "verification_dist": {"普通用户": 0.424, "官方平台": 0.326, "认证个人": 0.163, "认证机构": 0.087}, "factors": ["well_sourced"]}', '{"key_nodes": [{"role": "首次官方媒体介入", "author": "澎湃新闻", "platform": "澎湃新闻", "verification_type": "官方平台", "publish_time": "2026-06-25T00:00:00", "influence": 0.0, "title": "现场观察·国防部记者会｜中国的“东风快递”不是威胁_澎湃防务_澎湃新闻-The "}, {"role": "初始爆料", "author": "胜天半子", "platform": "知乎", "verification_type": "普通用户", "publish_time": "2026-07-01T18:39:39", "influence": 0.3, "title": "日本2款进攻性武器 对中国威胁有多大？ - 知乎"}, {"role": "传播高峰", "author": "无心简影", "platform": "微博", "verification_type": "认证个人", "publish_time": "2026-07-06T19:32:41", "influence": 773.4, "title": "#中国海军成功组织潜射战略导弹试射# 日本右翼继续高潮，导弹明明没有飞跃日本上空"}, {"role": "首次大V发声", "author": "直新闻", "platform": "微博", "verification_type": "认证机构", "publish_time": "2026-07-07T12:41:53", "influence": 610.2, "title": "#巨浪导弹飞越日本上空#【巨浪发射，飞越日本上空，东京：发射前91分钟我们才接到"}], "top_influencers": [{"author": "无心简影", "platform": "微博", "verification_type": "认证个人", "publish_time": "2026-07-06T19:32:41", "influence": 773.4, "repost_count": 115, "like_count": 1813, "comment_count": 229, "title": "#中国海军成功组织潜射战略导弹试射# 日本右翼继续高潮，导弹明明没有飞跃日本上空"}, {"author": "直新闻", "platform": "微博", "verification_type": "认证机构", "publish_time": "2026-07-07T12:41:53", "influence": 610.2, "repost_count": 150, "like_count": 1444, "comment_count": 54, "title": "#巨浪导弹飞越日本上空#【巨浪发射，飞越日本上空，东京：发射前91分钟我们才接到"}, {"author": "直新闻", "platform": "微博", "verification_type": "认证机构", "publish_time": "2026-07-07T23:49:25.000001", "influence": 438.9, "repost_count": 69, "like_count": 1213, "comment_count": 12, "title": "#中国海军成功组织潜射战略导弹试射#【中国大陆试射“巨浪-3” 为什么日本反应最"}, {"author": "西柯斯基", "platform": "知乎", "verification_type": "普通用户", "publish_time": "2026-07-10T15:29:02", "influence": 316.3, "repost_count": 0, "like_count": 916, "comment_count": 83, "title": "东大试射洲际导弹，横穿日本。BBC：但代价呢？ - 知乎"}, {"author": "南海的浪涛", "platform": "微博", "verification_type": "认证个人", "publish_time": "2026-07-06T22:33:22", "influence": 270.7, "repost_count": 72, "like_count": 499, "comment_count": 98, "title": "日本人发现 #中国海军成功组织潜射战略导弹试射# 似乎有两个发射点，第二个位于广"}], "platform_chain": {"nodes": [{"name": "澎湃新闻", "count": 4, "first_seen": "2026-06-25T00:00:00"}, {"name": "知乎", "count": 42, "first_seen": "2026-06-30T10:14:20"}, {"name": "微博", "count": 8, "first_seen": "2026-07-06T19:32:41"}, {"name": "新浪新闻", "count": 21, "first_seen": "2026-07-08T23:41:40"}], "links": [{"source": "澎湃新闻", "target": "知乎", "value": 42}, {"source": "知乎", "target": "微博", "value": 8}, {"source": "微博", "target": "新浪新闻", "value": 21}]}}', '2026-07-13 19:10:32', '2026-07-13 19:10:32');
INSERT INTO event_keywords (event_id, word, weight, rank) VALUES (31, '中国', 1.0, 0);
INSERT INTO event_keywords (event_id, word, weight, rank) VALUES (31, '巨浪', 0.725, 1);
INSERT INTO event_keywords (event_id, word, weight, rank) VALUES (31, '日本', 0.685, 2);
INSERT INTO event_keywords (event_id, word, weight, rank) VALUES (31, '发射', 0.579, 3);
INSERT INTO event_keywords (event_id, word, weight, rank) VALUES (31, '导弹', 0.463, 4);
INSERT INTO event_keywords (event_id, word, weight, rank) VALUES (31, '战略', 0.385, 5);
INSERT INTO event_keywords (event_id, word, weight, rank) VALUES (31, '东风', 0.381, 6);
INSERT INTO event_keywords (event_id, word, weight, rank) VALUES (31, '试射', 0.311, 7);
INSERT INTO event_platforms (event_id, platform_name, ratio, rank) VALUES (31, '知乎', 0.533, 0);
INSERT INTO event_platforms (event_id, platform_name, ratio, rank) VALUES (31, '新浪新闻', 0.228, 1);
INSERT INTO event_platforms (event_id, platform_name, ratio, rank) VALUES (31, '微博', 0.152, 2);
INSERT INTO event_platforms (event_id, platform_name, ratio, rank) VALUES (31, '澎湃新闻', 0.065, 3);
INSERT INTO event_platforms (event_id, platform_name, ratio, rank) VALUES (31, '人民网', 0.022, 4);
INSERT INTO event_trend_daily (event_id, date, count, is_predicted) VALUES (31, '2026-06-25', 2, 0);
INSERT INTO event_trend_daily (event_id, date, count, is_predicted) VALUES (31, '2026-06-26', 0, 0);
INSERT INTO event_trend_daily (event_id, date, count, is_predicted) VALUES (31, '2026-06-27', 0, 0);
INSERT INTO event_trend_daily (event_id, date, count, is_predicted) VALUES (31, '2026-06-28', 0, 0);
INSERT INTO event_trend_daily (event_id, date, count, is_predicted) VALUES (31, '2026-06-29', 0, 0);
INSERT INTO event_trend_daily (event_id, date, count, is_predicted) VALUES (31, '2026-06-30', 1, 0);
INSERT INTO event_trend_daily (event_id, date, count, is_predicted) VALUES (31, '2026-07-01', 1, 0);
INSERT INTO event_trend_daily (event_id, date, count, is_predicted) VALUES (31, '2026-07-02', 0, 0);
INSERT INTO event_trend_daily (event_id, date, count, is_predicted) VALUES (31, '2026-07-03', 0, 0);
INSERT INTO event_trend_daily (event_id, date, count, is_predicted) VALUES (31, '2026-07-04', 0, 0);
INSERT INTO event_trend_daily (event_id, date, count, is_predicted) VALUES (31, '2026-07-05', 0, 0);
INSERT INTO event_trend_daily (event_id, date, count, is_predicted) VALUES (31, '2026-07-06', 7, 0);
INSERT INTO event_trend_daily (event_id, date, count, is_predicted) VALUES (31, '2026-07-07', 20, 0);
INSERT INTO event_trend_daily (event_id, date, count, is_predicted) VALUES (31, '2026-07-08', 11, 0);
INSERT INTO event_trend_daily (event_id, date, count, is_predicted) VALUES (31, '2026-07-09', 9, 0);
INSERT INTO event_trend_daily (event_id, date, count, is_predicted) VALUES (31, '2026-07-10', 11, 0);
INSERT INTO event_trend_daily (event_id, date, count, is_predicted) VALUES (31, '2026-07-11', 6, 0);
INSERT INTO event_trend_daily (event_id, date, count, is_predicted) VALUES (31, '2026-07-12', 7, 0);
INSERT INTO event_trend_daily (event_id, date, count, is_predicted, predict_heat, predict_count) VALUES (31, '2026-07-13', 0, 1, 5.0, 5.0);
INSERT INTO event_trend_daily (event_id, date, count, is_predicted, predict_heat, predict_count) VALUES (31, '2026-07-14', 0, 1, 3.0, 3.0);
INSERT INTO event_trend_daily (event_id, date, count, is_predicted, predict_heat, predict_count) VALUES (31, '2026-07-15', 0, 1, 1.0, 1.0);

INSERT INTO events (event_id, title, heat, report_count, duplicate_count, time_start, time_end, event_time, risk_level, stage, confidence, prob_latent, prob_growth, prob_peak, prob_decline, analysis, positive, neutral, negative, sources, summary, location, cause, people, authenticity, propagation, created_at, updated_at) VALUES (32, '外媒称日本等国对中方试射潜射战略导弹提“批评”，外交部：有关国家不要过度解读_World湃_澎湃新闻-The Paper', 5.408, 22, 0, '2026-07-06 16:13:00', '2026-07-12 22:13:25', '2026-07-12 12:00:00', 'mid', 'decline', 0.9, 0.0, 0.0, 0.1, 0.9, '当前事件报道数量持续下降，公众关注度减弱，处于衰退期。', 0.545, 0.182, 0.273, '["微博", "新浪新闻", "澎湃新闻", "知乎"]', '但是最近一段时间，尤其是看见大陆潜射导弹试验之后，岛内民众与台军士兵并未被这些政客“洗脑”，继续支持台当局的倒行逆施，反而开始集体恐慌与逃离。现在的台湾民众和台军基层士兵，大多数都知道“台独”是一条死路。台湾民众不愿当兵，看过大陆潜射导弹试验之后，不管台湾民众和台军现役士兵则更加恐惧。', '中国、日本、澳新', '不谈月饼话题。', '["卢克文", "雷达", "赵少康", "陈斌华"]', '{"credibility_score": 0.686, "official_ratio": 0.591, "verified_ratio": 0.818, "plain_user_ratio": 0.182, "verification_dist": {"官方平台": 0.591, "认证个人": 0.182, "普通用户": 0.182, "头部认证个人": 0.045}, "factors": ["well_sourced"]}', '{"key_nodes": [{"role": "首次官方媒体介入", "author": "澎湃新闻", "platform": "澎湃新闻", "verification_type": "官方平台", "publish_time": "2026-07-06T16:13:00", "influence": 0.0, "title": "外媒称日本等国对中方试射潜射战略导弹提“批评”，外交部：有关国家不要过度解读_W"}, {"role": "初始爆料", "author": "超级帅的虫子", "platform": "知乎", "verification_type": "普通用户", "publish_time": "2026-07-07T16:49:15", "influence": 33.6, "title": "中国海军组织潜射战略导弹试射，外交部回应「有关国家没有必要过度解读」，释放哪些信"}, {"role": "传播高峰", "author": "沈逸", "platform": "微博", "verification_type": "认证个人", "publish_time": "2026-07-12T15:11:47.000001", "influence": 759.1, "title": "#热点观点##中国海军成功组织潜射战略导弹试射# 美国国会最反华，挺台独，以强势"}, {"role": "首次大V发声", "author": "坦荡的山雀", "platform": "微博", "verification_type": "头部认证个人", "publish_time": "2026-07-12T15:17:20", "influence": 0.0, "title": "小泉进次郎再谈中国战略导弹试射 7月10日，日本防卫大臣小泉进次郎在记者会上再谈"}], "top_influencers": [{"author": "沈逸", "platform": "微博", "verification_type": "认证个人", "publish_time": "2026-07-12T15:11:47.000001", "influence": 759.1, "repost_count": 151, "like_count": 1717, "comment_count": 186, "title": "#热点观点##中国海军成功组织潜射战略导弹试射# 美国国会最反华，挺台独，以强势"}, {"author": "孤烟暮蝉", "platform": "微博", "verification_type": "认证个人", "publish_time": "2026-07-12T15:33:01", "influence": 57.5, "repost_count": 6, "like_count": 140, "comment_count": 19, "title": "日本很失望：强烈敦促中国不要试射战略导弹，没想到中方竟然不许#视频星计划# ht"}, {"author": "超级帅的虫子", "platform": "知乎", "verification_type": "普通用户", "publish_time": "2026-07-07T16:49:15", "influence": 33.6, "repost_count": 0, "like_count": 112, "comment_count": 0, "title": "中国海军组织潜射战略导弹试射，外交部回应「有关国家没有必要过度解读」，释放哪些信"}, {"author": "厉害的潇潇", "platform": "知乎", "verification_type": "普通用户", "publish_time": "2026-07-07T16:52:32", "influence": 19.8, "repost_count": 0, "like_count": 66, "comment_count": 0, "title": "中国海军组织潜射战略导弹试射，外交部回应「有关国家没有必要过度解读」，释放哪些信"}], "platform_chain": {"nodes": [{"name": "澎湃新闻", "count": 2, "first_seen": "2026-07-06T16:13:00"}, {"name": "知乎", "count": 3, "first_seen": "2026-07-07T16:49:15"}, {"name": "新浪新闻", "count": 11, "first_seen": "2026-07-08T15:41:00"}, {"name": "微博", "count": 5, "first_seen": "2026-07-12T15:11:47.000001"}], "links": [{"source": "澎湃新闻", "target": "知乎", "value": 3}, {"source": "知乎", "target": "新浪新闻", "value": 11}, {"source": "新浪新闻", "target": "微博", "value": 5}]}}', '2026-07-13 19:10:32', '2026-07-13 19:10:32');
INSERT INTO event_keywords (event_id, word, weight, rank) VALUES (32, '台军', 1.0, 0);
INSERT INTO event_keywords (event_id, word, weight, rank) VALUES (32, '士兵', 0.824, 1);
INSERT INTO event_keywords (event_id, word, weight, rank) VALUES (32, '大陆', 0.823, 2);
INSERT INTO event_keywords (event_id, word, weight, rank) VALUES (32, '日本', 0.696, 3);
INSERT INTO event_keywords (event_id, word, weight, rank) VALUES (32, '台当局', 0.623, 4);
INSERT INTO event_keywords (event_id, word, weight, rank) VALUES (32, '台湾', 0.623, 5);
INSERT INTO event_keywords (event_id, word, weight, rank) VALUES (32, '台独', 0.571, 6);
INSERT INTO event_keywords (event_id, word, weight, rank) VALUES (32, '民众', 0.529, 7);
INSERT INTO event_platforms (event_id, platform_name, ratio, rank) VALUES (32, '新浪新闻', 0.5, 0);
INSERT INTO event_platforms (event_id, platform_name, ratio, rank) VALUES (32, '微博', 0.227, 1);
INSERT INTO event_platforms (event_id, platform_name, ratio, rank) VALUES (32, '知乎', 0.182, 2);
INSERT INTO event_platforms (event_id, platform_name, ratio, rank) VALUES (32, '澎湃新闻', 0.091, 3);
INSERT INTO event_trend_daily (event_id, date, count, is_predicted) VALUES (32, '2026-07-06', 1, 0);
INSERT INTO event_trend_daily (event_id, date, count, is_predicted) VALUES (32, '2026-07-07', 2, 0);
INSERT INTO event_trend_daily (event_id, date, count, is_predicted) VALUES (32, '2026-07-08', 2, 0);
INSERT INTO event_trend_daily (event_id, date, count, is_predicted) VALUES (32, '2026-07-09', 3, 0);
INSERT INTO event_trend_daily (event_id, date, count, is_predicted) VALUES (32, '2026-07-10', 4, 0);
INSERT INTO event_trend_daily (event_id, date, count, is_predicted) VALUES (32, '2026-07-11', 2, 0);
INSERT INTO event_trend_daily (event_id, date, count, is_predicted) VALUES (32, '2026-07-12', 7, 0);
INSERT INTO event_trend_daily (event_id, date, count, is_predicted, predict_heat, predict_count) VALUES (32, '2026-07-13', 0, 1, 8.5, 8.5);
INSERT INTO event_trend_daily (event_id, date, count, is_predicted, predict_heat, predict_count) VALUES (32, '2026-07-14', 0, 1, 10.0, 10.0);
INSERT INTO event_trend_daily (event_id, date, count, is_predicted, predict_heat, predict_count) VALUES (32, '2026-07-15', 0, 1, 11.5, 11.5);

INSERT INTO events (event_id, title, heat, report_count, duplicate_count, time_start, time_end, event_time, risk_level, stage, confidence, prob_latent, prob_growth, prob_peak, prob_decline, analysis, positive, neutral, negative, sources, summary, location, cause, people, authenticity, propagation, created_at, updated_at) VALUES (33, '特朗普称“日本导弹”打美国航母，白宫回应', 2.377, 7, 0, '2026-07-10 13:36:16', '2026-07-12 16:01:08', '2026-07-12 12:00:00', 'low', 'peak', 0.9, 0.0, 0.05, 0.9, 0.05, '当前事件报道量已接近峰值，关注度趋于稳定，处于高潮期。', 0.55, 0.35, 0.1, '["新浪新闻", "知乎"]', '特朗普称千枚导弹瞄准伊朗 千枚导弹指的是什么。专家分析 【特朗普称千枚导弹瞄准伊朗 千枚导弹指的是什么。特朗普称千枚导弹已瞄准伊朗 【#特朗普称千枚导弹已瞄准伊朗#】美国总统特朗普10日通过社交媒体发文：“1000枚导弹已上膛，瞄准伊朗伊斯兰共和国，如果伊朗政府兑现其在全球多地发出的暗杀或企图暗杀现任美国总统（也就是我）的威胁，数千枚导弹将立即发射。', '日本、美国、伊斯兰共和国', '技术上没问题。', '["白宫", "连斯基"]', '{"credibility_score": 0.871, "official_ratio": 0.857, "verified_ratio": 0.857, "plain_user_ratio": 0.143, "verification_dist": {"官方平台": 0.857, "普通用户": 0.143}, "factors": ["well_sourced"]}', '{"key_nodes": [{"role": "初始爆料", "author": "全球视讯速递", "platform": "新浪新闻", "verification_type": "官方平台", "publish_time": "2026-07-10T13:36:16", "influence": 0.0, "title": "特朗普称“日本导弹”打美国航母，白宫回应"}], "top_influencers": [], "platform_chain": {"nodes": [{"name": "新浪新闻", "count": 6, "first_seen": "2026-07-10T13:36:16"}], "links": []}}', '2026-07-13 19:10:32', '2026-07-13 19:10:32');
INSERT INTO event_keywords (event_id, word, weight, rank) VALUES (33, '导弹', 1.0, 0);
INSERT INTO event_keywords (event_id, word, weight, rank) VALUES (33, '千枚', 0.92, 1);
INSERT INTO event_keywords (event_id, word, weight, rank) VALUES (33, '日本', 0.887, 2);
INSERT INTO event_keywords (event_id, word, weight, rank) VALUES (33, '伊斯兰共和国', 0.736, 3);
INSERT INTO event_keywords (event_id, word, weight, rank) VALUES (33, '瞄准', 0.644, 4);
INSERT INTO event_keywords (event_id, word, weight, rank) VALUES (33, '伊朗', 0.644, 5);
INSERT INTO event_keywords (event_id, word, weight, rank) VALUES (33, '特朗普', 0.632, 6);
INSERT INTO event_keywords (event_id, word, weight, rank) VALUES (33, '乌克兰', 0.443, 7);
INSERT INTO event_platforms (event_id, platform_name, ratio, rank) VALUES (33, '新浪新闻', 0.857, 0);
INSERT INTO event_platforms (event_id, platform_name, ratio, rank) VALUES (33, '知乎', 0.143, 1);
INSERT INTO event_trend_daily (event_id, date, count, is_predicted) VALUES (33, '2026-07-10', 1, 0);
INSERT INTO event_trend_daily (event_id, date, count, is_predicted) VALUES (33, '2026-07-11', 2, 0);
INSERT INTO event_trend_daily (event_id, date, count, is_predicted) VALUES (33, '2026-07-12', 3, 0);
INSERT INTO event_trend_daily (event_id, date, count, is_predicted, predict_heat, predict_count) VALUES (33, '2026-07-13', 0, 1, 4.0, 4.0);
INSERT INTO event_trend_daily (event_id, date, count, is_predicted, predict_heat, predict_count) VALUES (33, '2026-07-14', 0, 1, 5.0, 5.0);
INSERT INTO event_trend_daily (event_id, date, count, is_predicted, predict_heat, predict_count) VALUES (33, '2026-07-15', 0, 1, 6.0, 6.0);

-- cc_backdoor.json: 1/3 clusters (heat >= 2.0)
INSERT INTO events (event_id, title, heat, report_count, duplicate_count, time_start, time_end, event_time, risk_level, stage, confidence, prob_latent, prob_growth, prob_peak, prob_decline, analysis, positive, neutral, negative, sources, summary, location, cause, people, authenticity, propagation, created_at, updated_at) VALUES (34, '阿里巴巴7月10日起全员禁用Claude', 5.378, 83, 0, '2026-06-16 14:51:12', '2026-07-12 18:17:01', '2026-07-08 12:00:00', 'mid', 'decline', 0.9, 0.0, 0.0, 0.1, 0.9, '当前事件报道数量持续下降，公众关注度减弱，处于衰退期。', 0.476, 0.365, 0.159, '["微博", "新浪新闻", "知乎"]', '员工可自由选择Claude、GPT、Gemini等外部模型，不少程序员每周消耗额度高达数百美元，并将Claude Code、OpenAI Codex与阿里旗下Qoder都作为高频使用的Agent工具。阿里不是第一个，也不会是最后一个：已跟进/可能跟进的企业：字节跳动：内部已有安全评估流程，Claude Code使用需审批百度：自家有文心一言，替代动力最强腾讯：自研QClaw+混元，Claude使用量本身不大中小企业：阿里封杀是信号→更多企业会重新评估Claude安全性传导到普通开发者：用Claude Code写代码→数据可能被标记+溯源被封号后无法申诉→白花钱Fable 5回归版75%降级到Opus→货不对板（详见昨天文章）传导到资本市场：国产替代受益：通义灵码/DeepSeek/Copilot国产模型需求上升Anthropic声誉受损：中国市场份额流失人形机器人概念：宇树IPO420亿→硬件出货但AI大脑安全争议同样存在三、5个国产替代实测对比1. Qoder（阿里推荐·内部首选）定位：阿里自研AI编程助手，基于通义千问 实测：编程补全：中文场景表现优秀，阿里内部代码库理解深度强Agent能力：支持项目级代码生成+重构+调试与阿里云生态深度集成（云效+钉钉+内部CI/CD） 价格：内部免费 / 外部：通义灵码免费版+企业版按需定价 优点：零数据外传风险、国产合规、阿里内部无缝衔接 缺点：复杂推理不如Claude，长上下文理解弱，通用场景不如Cursor2. DeepSeek V4-Flash（最省钱·编程首选）定位：国产最强编程模型+API调用 实测：SWE-bench Lite接近Sonnet 4.6V4-Flash 2元/Mtoken→Claude日均6-12→便宜21倍 - V4-Pro 6元/Mtoken（复杂推理用） - 组合策略：80%Flash+20%Pro→日均0.5-1 实操步骤：注册http://api.deepseek.com→获取API Key终端用curl或Python直接调用或用OpenClaw等开源框架搭本地Agent错峰调用（避开高峰9-12⁄14-18）→再省50% 价格：日均0.5-1 vs Claude日均6-12→降80%+ 优点：国产无封号风险、无检测机制、成本极低 缺点：需自搭Agent流程、不如Claude Code一站式3. Cursor+DeepSeek组合（综合最强替代）定位：IDE内编程+DeepSeek后端模型 实测：Cursor IDE补全0.3秒+DeepSeek V4推理≈Claude Code体验配置方法：Cursor设置→Models→添加DeepSeek API Key→选择DeepSeek作为默认模型日常补全用Cursor内置模型，复杂重构用DeepSeek V4-Pro 价格：Cursor Pro 20/月+DeepSeek日均0.5→总计35/月 vs Claude日均6-12→180-360/月 **优点**：IDE内体验最接近Claude Code、灵活切换模型、无检测机制 **缺点**：需要配置两套系统、DeepSeek中文场景不如Qoder ### 4. GitHub Copilot+Sonnet 5（生态最强·GitHub开发首选） **定位**：GitHub官方AI编程+Anthropic最新中端模型 **实测**： - Sonnet 5 SWE-bench Pro 63%+推理编程全面提升 - VS Code内直接使用 - 无Claude Code检测机制（API直连而非Agent模式） **价格**：Individual 10/月｜Business 19/月 **注意**：Fable 5回归版降级率>75%（详见昨天文章），Copilot内Sonnet 5无此问题 **优点**：GitHub生态最强、无降级争议、10/月性价比高 缺点：Agent自主性不如Claude Code、受Copilot框架限制5. 通义灵码（零成本·入门首选）定位：阿里云AI编程助手，VS Code+JetBrains插件 实测：中文场景补全优于Cursor支持项目级代码生成+重构2026年7月仍完全免费 价格：免费 优点：零成本、国产合规、中文优化、无安全风险 缺点：复杂推理不如Claude/Sonnet 5、长上下文理解弱5工具横向对比表工具编程能力日均成本安全风险上手难度推荐场景Qoder★★★½免费(内部)无★★★★★阿里内部开发DeepSeek V4★★★★½0.5-1 | 无 | ★★ | 最省钱编程 || Cursor+DeepSeek | ★★★★½ | 35/月无★★★综合最强替代Copilot+Sonnet5★★★★10/月 | 无(Claude有) | ★★★★ | GitHub开发 || 通义灵码 | ★★★ | 免费 | 无 | ★★★★★ | 零成本入门 |## 四、Seedance 2.5（7/6上线）+Meta Watermelon今天还有两个值得关注的新发布：**Seedance 2.5**（字节豆包视频生成，7/6上线体验中心）：- 30秒单段原生直出（之前5秒→现在30秒）- 支持50个全模态素材联合输入- 视频二次编辑：保持画面一致性+局部调整- 一周后开放API- 对视频创作者意义重大：5秒→30秒是质变**Meta Watermelon**（代号35/月vs180+）3. 省钱优先→DeepSeek V4-Flash+错峰调用（日均0.5）如果你是企业开发者：评估内部Claude使用→检查数据泄露风险国产替代→Qoder/通义灵码（零成本+合规安全）非阿里企业→可参考阿里封杀理由做自身风险评估如果你是视频创作者：7/6关注Seedance 2.5上线→5秒→30秒是质变50个素材输入+二次编辑→创作效率大幅提升如果你关注AI投资：国产替代受益→通义灵码/DeepSeek/CopilotAnthropic中国份额流失→短期利空Meta Watermelon开源预期→模型价格下行→长期利好消费者阿里封杀Claude Code是”间谍标点”事件的第二波——从个人自查到企业封杀。4.3 加强开发环境管控NVDB 建议的”加强外联权限管控和流量监测”，具体可以这样做：4.4 考虑国产替代方案如果你或你的团队的工作流程高度依赖 AI 编程工具，建议尽快评估以下国产替代方案：TRAE：字节跳动推出，国内首个 AI 原生 IDE，免费使用，深度集成豆包+DeepSeek 模型Qwen3-Coder：阿里最强编程模型，480B 参数，Agent 编程能力超越 ClaudeDeepSeek-V3.2：国产开源模型，代码能力接近 Claude Sonnet 4，API 价格仅为 1/10五、主机吧的观点主机吧在两周前写 Claude 封号事件时说了一句话：不要把核心业务绑在单一海外服务上。', '中国、美国、东西', '我用官方直充的 Claude 账号已经三四个月了，期间也常帮朋友搭建访问 Claude 的网络环境、。', '["阿里巴巴"]', '{"credibility_score": 0.398, "official_ratio": 0.12, "verified_ratio": 0.675, "plain_user_ratio": 0.325, "verification_dist": {"普通用户": 0.325, "认证个人": 0.313, "官方平台": 0.12, "头部认证个人": 0.12, "认证机构": 0.12}, "factors": []}', '{"key_nodes": [{"role": "首次大V发声", "author": "数字生命卡兹克", "platform": "微博", "verification_type": "头部认证个人", "publish_time": "2026-07-01T12:54:18", "influence": 430.3, "title": "Anthropic偷偷在Claude Code中植入了隐形代码，只为识别中国用户"}, {"role": "初始爆料", "author": "智东西", "platform": "知乎", "verification_type": "普通用户", "publish_time": "2026-07-03T14:28:13", "influence": 0.3, "title": "独家：阿里全面禁用Claude - 知乎"}, {"role": "首次官方媒体介入", "author": "历史这些事啊", "platform": "新浪新闻", "verification_type": "官方平台", "publish_time": "2026-07-08T10:39:06", "influence": 0.0, "title": "阿里巴巴7月10日起全员禁用Claude"}], "top_influencers": [{"author": "数字生命卡兹克", "platform": "微博", "verification_type": "头部认证个人", "publish_time": "2026-07-01T12:54:18", "influence": 430.3, "repost_count": 280, "like_count": 411, "comment_count": 54, "title": "Anthropic偷偷在Claude Code中植入了隐形代码，只为识别中国用户"}, {"author": "梁赛", "platform": "微博", "verification_type": "认证个人", "publish_time": "2026-07-08T13:56:37", "influence": 249.3, "repost_count": 77, "like_count": 536, "comment_count": 23, "title": "工信部发布关于防范AI编程工具Claude Code安全后门隐患的风险提示"}, {"author": "钱江视频", "platform": "微博", "verification_type": "认证机构", "publish_time": "2026-07-03T16:33:08", "influence": 232.8, "repost_count": 35, "like_count": 616, "comment_count": 26, "title": "【#内部人士回应阿里被曝禁用Claude# ：源于一场波及整个开发社区的信任危机"}, {"author": "前HR本人", "platform": "微博", "verification_type": "认证个人", "publish_time": "2026-07-02T21:02:00", "influence": 229.6, "repost_count": 44, "like_count": 557, "comment_count": 37, "title": "Anthropic 怂了。 前两天他们不是被爆出来植入了恶意代码，专门识别和封禁"}, {"author": "科技小辛", "platform": "微博", "verification_type": "认证个人", "publish_time": "2026-07-03T15:35:21", "influence": 211.9, "repost_count": 19, "like_count": 483, "comment_count": 96, "title": "[吃瓜] 据说阿里刚下死命令，让 7 月 10 号之前全员卸载禁用 Claude"}], "platform_chain": {"nodes": [{"name": "知乎", "count": 29, "first_seen": "2026-06-16T14:51:12"}, {"name": "微博", "count": 44, "first_seen": "2026-07-01T12:54:18"}, {"name": "新浪新闻", "count": 10, "first_seen": "2026-07-08T10:39:06"}], "links": [{"source": "知乎", "target": "微博", "value": 44}, {"source": "微博", "target": "新浪新闻", "value": 10}]}}', '2026-07-13 19:10:32', '2026-07-13 19:10:32');
INSERT INTO event_keywords (event_id, word, weight, rank) VALUES (34, '阿里', 1.0, 0);
INSERT INTO event_keywords (event_id, word, weight, rank) VALUES (34, 'Claude', 0.895, 1);
INSERT INTO event_keywords (event_id, word, weight, rank) VALUES (34, 'Code', 0.418, 2);
INSERT INTO event_keywords (event_id, word, weight, rank) VALUES (34, '模型', 0.406, 3);
INSERT INTO event_keywords (event_id, word, weight, rank) VALUES (34, '国产', 0.395, 4);
INSERT INTO event_keywords (event_id, word, weight, rank) VALUES (34, '工具', 0.384, 5);
INSERT INTO event_keywords (event_id, word, weight, rank) VALUES (34, 'AI', 0.332, 6);
INSERT INTO event_keywords (event_id, word, weight, rank) VALUES (34, '中国', 0.314, 7);
INSERT INTO event_platforms (event_id, platform_name, ratio, rank) VALUES (34, '微博', 0.53, 0);
INSERT INTO event_platforms (event_id, platform_name, ratio, rank) VALUES (34, '知乎', 0.349, 1);
INSERT INTO event_platforms (event_id, platform_name, ratio, rank) VALUES (34, '新浪新闻', 0.12, 2);
INSERT INTO event_trend_daily (event_id, date, count, is_predicted) VALUES (34, '2026-06-16', 1, 0);
INSERT INTO event_trend_daily (event_id, date, count, is_predicted) VALUES (34, '2026-06-17', 0, 0);
INSERT INTO event_trend_daily (event_id, date, count, is_predicted) VALUES (34, '2026-06-18', 0, 0);
INSERT INTO event_trend_daily (event_id, date, count, is_predicted) VALUES (34, '2026-06-19', 0, 0);
INSERT INTO event_trend_daily (event_id, date, count, is_predicted) VALUES (34, '2026-06-20', 0, 0);
INSERT INTO event_trend_daily (event_id, date, count, is_predicted) VALUES (34, '2026-06-21', 0, 0);
INSERT INTO event_trend_daily (event_id, date, count, is_predicted) VALUES (34, '2026-06-22', 0, 0);
INSERT INTO event_trend_daily (event_id, date, count, is_predicted) VALUES (34, '2026-06-23', 0, 0);
INSERT INTO event_trend_daily (event_id, date, count, is_predicted) VALUES (34, '2026-06-24', 0, 0);
INSERT INTO event_trend_daily (event_id, date, count, is_predicted) VALUES (34, '2026-06-25', 0, 0);
INSERT INTO event_trend_daily (event_id, date, count, is_predicted) VALUES (34, '2026-06-26', 0, 0);
INSERT INTO event_trend_daily (event_id, date, count, is_predicted) VALUES (34, '2026-06-27', 0, 0);
INSERT INTO event_trend_daily (event_id, date, count, is_predicted) VALUES (34, '2026-06-28', 0, 0);
INSERT INTO event_trend_daily (event_id, date, count, is_predicted) VALUES (34, '2026-06-29', 0, 0);
INSERT INTO event_trend_daily (event_id, date, count, is_predicted) VALUES (34, '2026-06-30', 0, 0);
INSERT INTO event_trend_daily (event_id, date, count, is_predicted) VALUES (34, '2026-07-01', 3, 0);
INSERT INTO event_trend_daily (event_id, date, count, is_predicted) VALUES (34, '2026-07-02', 2, 0);
INSERT INTO event_trend_daily (event_id, date, count, is_predicted) VALUES (34, '2026-07-03', 19, 0);
INSERT INTO event_trend_daily (event_id, date, count, is_predicted) VALUES (34, '2026-07-04', 6, 0);
INSERT INTO event_trend_daily (event_id, date, count, is_predicted) VALUES (34, '2026-07-05', 2, 0);
INSERT INTO event_trend_daily (event_id, date, count, is_predicted) VALUES (34, '2026-07-06', 0, 0);
INSERT INTO event_trend_daily (event_id, date, count, is_predicted) VALUES (34, '2026-07-07', 4, 0);
INSERT INTO event_trend_daily (event_id, date, count, is_predicted) VALUES (34, '2026-07-08', 20, 0);
INSERT INTO event_trend_daily (event_id, date, count, is_predicted) VALUES (34, '2026-07-09', 9, 0);
INSERT INTO event_trend_daily (event_id, date, count, is_predicted) VALUES (34, '2026-07-10', 9, 0);
INSERT INTO event_trend_daily (event_id, date, count, is_predicted) VALUES (34, '2026-07-11', 6, 0);
INSERT INTO event_trend_daily (event_id, date, count, is_predicted) VALUES (34, '2026-07-12', 2, 0);
INSERT INTO event_trend_daily (event_id, date, count, is_predicted, predict_heat, predict_count) VALUES (34, '2026-07-13', 0, 1, 0.0, 0.0);
INSERT INTO event_trend_daily (event_id, date, count, is_predicted, predict_heat, predict_count) VALUES (34, '2026-07-14', 0, 1, 0.0, 0.0);
INSERT INTO event_trend_daily (event_id, date, count, is_predicted, predict_heat, predict_count) VALUES (34, '2026-07-15', 0, 1, 0.0, 0.0);
