-- Trendsight seed data — generated by scripts/export_to_sql.py
-- Generated at: 2026-07-15T22:17:29.205315
SET NAMES utf8mb4;

-- worldcup.json: 12/55 clusters (heat >= 5.0)
INSERT INTO events (event_id, title, heat, report_count, duplicate_count, time_start, time_end, event_time, risk_level, stage, confidence, prob_latent, prob_growth, prob_peak, prob_decline, analysis, positive, neutral, negative, sources, summary, location, cause, people, authenticity, propagation, created_at, updated_at) VALUES (1, '阿根廷队感谢中国球迷', 67.448, 121, 28, '2026-07-13 08:25:48', '2026-07-15 18:20:54', '2026-07-14 12:00:00', 'high', 'decline', 0.9, 0.0, 0.0, 0.1, 0.9, '当前事件报道数量持续下降，公众关注度减弱，处于衰退期。', 0.395, 0.311, 0.294, '["微博", "新浪新闻", "知乎"]', '阿根廷主帅说有人不希望我们赢 【#阿根廷主帅说有人不希望我们赢#】#阿根廷主帅回应受到优待# 近日，一份要求取消阿根廷世界杯参赛资格的请愿书发布在argentinaout.com网站上，并已获得超过250万人的签名。对此，阿根廷主帅斯卡洛尼强硬回击：VAR时代偏袒“难如登天”。据悉，请愿书写道：“很明显，国际足联（FIFA）和裁判偏袒梅西和阿根廷。', '埃及、中国、广西', '#超250万人要求将阿根廷逐出世界杯#【超250万人签网络请愿书，要求将阿根廷逐出世界杯】#网民称FIFA竭尽所能确保阿根廷夺冠#据塔斯社7月13日报道，近日，一份要求取消阿根廷世界杯参赛资格的请愿书在网上获得了大量关注。', '["斯卡洛尼", "韩乔生", "萨拉赫", "塔斯社", "姆巴"]', '{"credibility_score": 0.51, "official_ratio": 0.264, "verified_ratio": 0.86, "plain_user_ratio": 0.14, "verification_dist": {"认证个人": 0.281, "官方平台": 0.264, "头部认证个人": 0.231, "普通用户": 0.14, "认证机构": 0.083}, "factors": ["well_sourced"]}', '{"key_nodes": [{"role": "首次大V发声", "author": "JR体角日记", "platform": "微博", "verification_type": "头部认证个人", "publish_time": "2026-07-14T08:51:32", "influence": 13670.7, "title": "#超250万人请愿将阿根廷逐出世界杯#塔斯社曝出一则轰动足坛的消息，全球大量球迷"}, {"role": "首次官方媒体介入", "author": "头条新闻", "platform": "新浪新闻", "verification_type": "官方平台", "publish_time": "2026-07-14T09:05:53", "influence": 0.0, "title": "超250万人联名要求逐出阿根廷，网民指控FIFA操纵世界杯"}, {"role": "初始爆料", "author": "连耐", "platform": "知乎", "verification_type": "普通用户", "publish_time": "2026-07-14T11:08:23", "influence": 174.6, "title": "超 500 万人请愿将阿根廷逐出世界杯，称国际足联和裁判偏袒阿根廷，你觉得是这样"}], "top_influencers": [{"author": "JR体角日记", "platform": "微博", "verification_type": "头部认证个人", "publish_time": "2026-07-14T08:51:32", "influence": 13670.7, "repost_count": 476, "like_count": 38389, "comment_count": 3356, "title": "#超250万人请愿将阿根廷逐出世界杯#塔斯社曝出一则轰动足坛的消息，全球大量球迷"}, {"author": "头条新闻", "platform": "微博", "verification_type": "认证机构", "publish_time": "2026-07-14T11:21:25", "influence": 7112.5, "repost_count": 266, "like_count": 20745, "comment_count": 1246, "title": "#阿根廷主帅回击请愿逐出阿根廷#【250万人签名请愿将阿根廷逐出世界杯，斯卡洛尼"}, {"author": "四川观察", "platform": "微博", "verification_type": "认证机构", "publish_time": "2026-07-14T12:14:30", "influence": 3291.2, "repost_count": 284, "like_count": 9379, "comment_count": 387, "title": "【#阿根廷队深陷世界杯判罚争议# 】#为何250万人望将阿根廷逐出世界杯#近日，"}, {"author": "少述派", "platform": "微博", "verification_type": "认证个人", "publish_time": "2026-07-14T11:42:42", "influence": 2397.7, "repost_count": 1326, "like_count": 3284, "comment_count": 173, "title": "微博热搜榜第一#超250万人请愿将阿根廷逐出世界杯#的这件事，我来说说情况。阿根"}, {"author": "IT互联网那点事", "platform": "微博", "verification_type": "认证个人", "publish_time": "2026-07-14T10:44:27", "influence": 908.9, "repost_count": 44, "like_count": 2308, "comment_count": 345, "title": "海外球迷搭建专属请愿网站，目前累计超400万签名，诉求取消阿根廷2026世界杯参"}], "platform_chain": {"nodes": [{"name": "微博", "count": 77, "first_seen": "2026-07-13T08:25:48"}, {"name": "新浪新闻", "count": 32, "first_seen": "2026-07-14T09:05:53"}, {"name": "知乎", "count": 12, "first_seen": "2026-07-14T11:08:23"}], "links": [{"source": "微博", "target": "新浪新闻", "value": 32}, {"source": "新浪新闻", "target": "知乎", "value": 12}]}}', '2026-07-15 22:17:29', '2026-07-15 22:17:29');
INSERT INTO event_keywords (event_id, word, weight, rank) VALUES (1, '阿根廷', 1.0, 0);
INSERT INTO event_keywords (event_id, word, weight, rank) VALUES (1, '网站', 0.36, 1);
INSERT INTO event_keywords (event_id, word, weight, rank) VALUES (1, '埃及', 0.307, 2);
INSERT INTO event_keywords (event_id, word, weight, rank) VALUES (1, '裁判', 0.294, 3);
INSERT INTO event_keywords (event_id, word, weight, rank) VALUES (1, '希望', 0.273, 4);
INSERT INTO event_keywords (event_id, word, weight, rank) VALUES (1, '有人', 0.27, 5);
INSERT INTO event_keywords (event_id, word, weight, rank) VALUES (1, '球迷', 0.261, 6);
INSERT INTO event_keywords (event_id, word, weight, rank) VALUES (1, '主帅', 0.26, 7);
INSERT INTO event_platforms (event_id, platform_name, ratio, rank) VALUES (1, '微博', 0.636, 0);
INSERT INTO event_platforms (event_id, platform_name, ratio, rank) VALUES (1, '新浪新闻', 0.264, 1);
INSERT INTO event_platforms (event_id, platform_name, ratio, rank) VALUES (1, '知乎', 0.099, 2);
INSERT INTO event_trend_daily (event_id, date, count, is_predicted) VALUES (1, '2026-07-13', 1, 0);
INSERT INTO event_trend_daily (event_id, date, count, is_predicted) VALUES (1, '2026-07-14', 113, 0);
INSERT INTO event_trend_daily (event_id, date, count, is_predicted) VALUES (1, '2026-07-15', 7, 0);
INSERT INTO event_trend_daily (event_id, date, count, is_predicted, predict_heat, predict_count) VALUES (1, '2026-07-16', 0, 1, 10.0, 10.0);
INSERT INTO event_trend_daily (event_id, date, count, is_predicted, predict_heat, predict_count) VALUES (1, '2026-07-17', 0, 1, 13.0, 13.0);
INSERT INTO event_trend_daily (event_id, date, count, is_predicted, predict_heat, predict_count) VALUES (1, '2026-07-18', 0, 1, 16.0, 16.0);

INSERT INTO events (event_id, title, heat, report_count, duplicate_count, time_start, time_end, event_time, risk_level, stage, confidence, prob_latent, prob_growth, prob_peak, prob_decline, analysis, positive, neutral, negative, sources, summary, location, cause, people, authenticity, propagation, created_at, updated_at) VALUES (2, '历届世界杯冠军都是谁', 21.068, 72, 44, '2026-06-08 06:32:40', '2026-07-15 11:23:04', '2026-07-12 12:00:00', 'mid_high', 'growth', 0.9, 0.05, 0.9, 0.05, 0.0, '当前事件报道数量持续增加，公众关注度快速提升，处于成长期。', 0.4, 0.333, 0.267, '["微博", "新浪新闻", "澎湃新闻", "知乎"]', '7月10日凌晨，美加墨世界杯1/4决赛就将拉开大幕。法国对阵摩洛哥的赛前，法国队心心念念的黄牌申诉并未得到国际足联的回应，面对本场执法的阿根廷裁判组，主教练德尚并不在意，他清楚对手只有摩洛哥。创造历史的挪威队则在对阵英格兰前，就要经历严峻的挑战——继哥伦比亚队遭遇流感病毒的袭扰后，这支北欧球队同样被病毒困扰。', '法国、英格兰、西班牙', '美加墨世界杯32强对阵图。', '["贝林厄姆", "亚马尔", "凯恩", "哈兰德", "赫尔"]', '{"credibility_score": 0.705, "official_ratio": 0.722, "verified_ratio": 0.861, "plain_user_ratio": 0.139, "verification_dist": {"官方平台": 0.722, "普通用户": 0.139, "认证个人": 0.069, "头部认证个人": 0.056, "认证机构": 0.014}, "factors": ["high_duplicate_rate", "well_sourced"]}', '{"key_nodes": [{"role": "初始爆料", "author": "独角龙", "platform": "知乎", "verification_type": "普通用户", "publish_time": "2026-06-08T06:32:40", "influence": 2.3, "title": "责任不在他。而是巴萨方面，一直要坚持自己的所谓风格，不肯向对手（尤其是皇马，拜仁"}, {"role": "首次官方媒体介入", "author": "澎湃新闻", "platform": "澎湃新闻", "verification_type": "官方平台", "publish_time": "2026-06-28T00:00:00", "influence": 0.0, "title": "世界杯首次1/16决赛，我们看什么？_运动家_澎湃新闻-The Paper"}, {"role": "传播高峰", "author": "王玮晨", "platform": "微博", "verification_type": "认证个人", "publish_time": "2026-07-12T08:12:18", "influence": 1291.3, "title": "这场赛后可能还有争议。 贝林厄姆打入的那粒扳平进球，挪威守门员开大脚，球先击中了"}, {"role": "首次大V发声", "author": "欧洲时报", "platform": "微博", "verification_type": "认证机构", "publish_time": "2026-07-12T20:49:53", "influence": 2.7, "title": "【“法国队水平很高……但没有一名法国球员”，西班牙前首相发表种族主义言论惹众怒】"}], "top_influencers": [{"author": "王玮晨", "platform": "微博", "verification_type": "认证个人", "publish_time": "2026-07-12T08:12:18", "influence": 1291.3, "repost_count": 61, "like_count": 3401, "comment_count": 420, "title": "这场赛后可能还有争议。 贝林厄姆打入的那粒扳平进球，挪威守门员开大脚，球先击中了"}, {"author": "Njone足球梦想", "platform": "知乎", "verification_type": "普通用户", "publish_time": "2026-07-12T14:55:32", "influence": 90.9, "repost_count": 0, "like_count": 203, "comment_count": 60, "title": "世界杯四强凑齐了——法国、西班牙、英格兰、阿根廷。国际足联排名前四，一个不差。挪"}, {"author": "在大笑的榴莲", "platform": "微博", "verification_type": "头部认证个人", "publish_time": "2026-07-13T09:59:27", "influence": 60.0, "repost_count": 0, "like_count": 90, "comment_count": 66, "title": "#前西班牙首相称法国队没法国球员#前西班牙首相拉霍伊那句“法国队没法国球员”，听"}, {"author": "英仙说", "platform": "知乎", "verification_type": "认证个人", "publish_time": "2026-07-12T12:34:49", "influence": 51.4, "repost_count": 0, "like_count": 128, "comment_count": 26, "title": "其实英阿的历史恩怨，早就清了。头一波，是马岛战争+86世界杯。带英赢了热战，输了"}, {"author": "皮雷耶斯泽斯尼", "platform": "知乎", "verification_type": "认证个人", "publish_time": "2026-07-12T12:31:21", "influence": 35.8, "repost_count": 0, "like_count": 101, "comment_count": 11, "title": "四强完美符合了抽签时的“剧本”。四大种子如愿会师半决赛。我肯定更看好法国和西班牙"}], "platform_chain": {"nodes": [{"name": "知乎", "count": 11, "first_seen": "2026-06-08T06:32:40"}, {"name": "澎湃新闻", "count": 22, "first_seen": "2026-06-28T00:00:00"}, {"name": "新浪新闻", "count": 26, "first_seen": "2026-07-11T11:27:00"}, {"name": "微博", "count": 9, "first_seen": "2026-07-12T08:12:18"}], "links": [{"source": "知乎", "target": "澎湃新闻", "value": 22}, {"source": "澎湃新闻", "target": "新浪新闻", "value": 26}, {"source": "新浪新闻", "target": "微博", "value": 9}]}}', '2026-07-15 22:17:29', '2026-07-15 22:17:29');
INSERT INTO event_keywords (event_id, word, weight, rank) VALUES (2, '世界杯', 1.0, 0);
INSERT INTO event_keywords (event_id, word, weight, rank) VALUES (2, '英格兰', 0.91, 1);
INSERT INTO event_keywords (event_id, word, weight, rank) VALUES (2, '姆巴', 0.751, 2);
INSERT INTO event_keywords (event_id, word, weight, rank) VALUES (2, '比奥', 0.69, 3);
INSERT INTO event_keywords (event_id, word, weight, rank) VALUES (2, '摩洛哥', 0.633, 4);
INSERT INTO event_keywords (event_id, word, weight, rank) VALUES (2, '阿根廷', 0.539, 5);
INSERT INTO event_keywords (event_id, word, weight, rank) VALUES (2, '挪威', 0.501, 6);
INSERT INTO event_keywords (event_id, word, weight, rank) VALUES (2, '拉萨', 0.427, 7);
INSERT INTO event_platforms (event_id, platform_name, ratio, rank) VALUES (2, '澎湃新闻', 0.361, 0);
INSERT INTO event_platforms (event_id, platform_name, ratio, rank) VALUES (2, '新浪新闻', 0.361, 1);
INSERT INTO event_platforms (event_id, platform_name, ratio, rank) VALUES (2, '知乎', 0.153, 2);
INSERT INTO event_platforms (event_id, platform_name, ratio, rank) VALUES (2, '微博', 0.125, 3);
INSERT INTO event_trend_daily (event_id, date, count, is_predicted) VALUES (2, '2026-06-08', 1, 0);
INSERT INTO event_trend_daily (event_id, date, count, is_predicted) VALUES (2, '2026-06-09', 0, 0);
INSERT INTO event_trend_daily (event_id, date, count, is_predicted) VALUES (2, '2026-06-10', 0, 0);
INSERT INTO event_trend_daily (event_id, date, count, is_predicted) VALUES (2, '2026-06-11', 0, 0);
INSERT INTO event_trend_daily (event_id, date, count, is_predicted) VALUES (2, '2026-06-12', 0, 0);
INSERT INTO event_trend_daily (event_id, date, count, is_predicted) VALUES (2, '2026-06-13', 0, 0);
INSERT INTO event_trend_daily (event_id, date, count, is_predicted) VALUES (2, '2026-06-14', 0, 0);
INSERT INTO event_trend_daily (event_id, date, count, is_predicted) VALUES (2, '2026-06-15', 0, 0);
INSERT INTO event_trend_daily (event_id, date, count, is_predicted) VALUES (2, '2026-06-16', 0, 0);
INSERT INTO event_trend_daily (event_id, date, count, is_predicted) VALUES (2, '2026-06-17', 0, 0);
INSERT INTO event_trend_daily (event_id, date, count, is_predicted) VALUES (2, '2026-06-18', 0, 0);
INSERT INTO event_trend_daily (event_id, date, count, is_predicted) VALUES (2, '2026-06-19', 0, 0);
INSERT INTO event_trend_daily (event_id, date, count, is_predicted) VALUES (2, '2026-06-20', 0, 0);
INSERT INTO event_trend_daily (event_id, date, count, is_predicted) VALUES (2, '2026-06-21', 0, 0);
INSERT INTO event_trend_daily (event_id, date, count, is_predicted) VALUES (2, '2026-06-22', 0, 0);
INSERT INTO event_trend_daily (event_id, date, count, is_predicted) VALUES (2, '2026-06-23', 0, 0);
INSERT INTO event_trend_daily (event_id, date, count, is_predicted) VALUES (2, '2026-06-24', 0, 0);
INSERT INTO event_trend_daily (event_id, date, count, is_predicted) VALUES (2, '2026-06-25', 0, 0);
INSERT INTO event_trend_daily (event_id, date, count, is_predicted) VALUES (2, '2026-06-26', 0, 0);
INSERT INTO event_trend_daily (event_id, date, count, is_predicted) VALUES (2, '2026-06-27', 0, 0);
INSERT INTO event_trend_daily (event_id, date, count, is_predicted) VALUES (2, '2026-06-28', 1, 0);
INSERT INTO event_trend_daily (event_id, date, count, is_predicted) VALUES (2, '2026-06-29', 0, 0);
INSERT INTO event_trend_daily (event_id, date, count, is_predicted) VALUES (2, '2026-06-30', 0, 0);
INSERT INTO event_trend_daily (event_id, date, count, is_predicted) VALUES (2, '2026-07-01', 0, 0);
INSERT INTO event_trend_daily (event_id, date, count, is_predicted) VALUES (2, '2026-07-02', 0, 0);
INSERT INTO event_trend_daily (event_id, date, count, is_predicted) VALUES (2, '2026-07-03', 0, 0);
INSERT INTO event_trend_daily (event_id, date, count, is_predicted) VALUES (2, '2026-07-04', 0, 0);
INSERT INTO event_trend_daily (event_id, date, count, is_predicted) VALUES (2, '2026-07-05', 1, 0);
INSERT INTO event_trend_daily (event_id, date, count, is_predicted) VALUES (2, '2026-07-06', 2, 0);
INSERT INTO event_trend_daily (event_id, date, count, is_predicted) VALUES (2, '2026-07-07', 0, 0);
INSERT INTO event_trend_daily (event_id, date, count, is_predicted) VALUES (2, '2026-07-08', 1, 0);
INSERT INTO event_trend_daily (event_id, date, count, is_predicted) VALUES (2, '2026-07-09', 1, 0);
INSERT INTO event_trend_daily (event_id, date, count, is_predicted) VALUES (2, '2026-07-10', 4, 0);
INSERT INTO event_trend_daily (event_id, date, count, is_predicted) VALUES (2, '2026-07-11', 6, 0);
INSERT INTO event_trend_daily (event_id, date, count, is_predicted) VALUES (2, '2026-07-12', 17, 0);
INSERT INTO event_trend_daily (event_id, date, count, is_predicted) VALUES (2, '2026-07-13', 11, 0);
INSERT INTO event_trend_daily (event_id, date, count, is_predicted) VALUES (2, '2026-07-14', 12, 0);
INSERT INTO event_trend_daily (event_id, date, count, is_predicted) VALUES (2, '2026-07-15', 11, 0);
INSERT INTO event_trend_daily (event_id, date, count, is_predicted, predict_heat, predict_count) VALUES (2, '2026-07-16', 0, 1, 11.0, 11.0);
INSERT INTO event_trend_daily (event_id, date, count, is_predicted, predict_heat, predict_count) VALUES (2, '2026-07-17', 0, 1, 11.0, 11.0);
INSERT INTO event_trend_daily (event_id, date, count, is_predicted, predict_heat, predict_count) VALUES (2, '2026-07-18', 0, 1, 11.0, 11.0);

INSERT INTO events (event_id, title, heat, report_count, duplicate_count, time_start, time_end, event_time, risk_level, stage, confidence, prob_latent, prob_growth, prob_peak, prob_decline, analysis, positive, neutral, negative, sources, summary, location, cause, people, authenticity, propagation, created_at, updated_at) VALUES (3, '1998年的英格兰和阿根廷比赛', 12.837, 13, 0, '2026-07-15 11:41:34', '2026-07-15 18:49:15', '2026-07-15 12:00:00', 'mid', 'peak', 0.7, 0.0, 0.15, 0.7, 0.15, '当前事件报道量已接近峰值，关注度趋于稳定，处于高潮期。', 0.703, 0.198, 0.099, '["微博", "新浪新闻", "知乎"]', '美加墨世界杯半决赛阿根廷队对阵英格兰队的比赛将于15日打响。赛前，阿根廷副总统维多利亚·比利亚鲁埃尔在社交媒体发文：“我们将要对阵那帮掠夺（海岛）的海盗。这不是一场普通的比赛。', '英格兰、法国、埃及', '1998年的英格兰和阿根廷比赛 1998年的英格兰和阿根廷比赛。', '["贝克汉姆", "凯恩", "贝林厄姆", "马拉多纳", "斯卡洛尼"]', '{"credibility_score": 0.481, "official_ratio": 0.231, "verified_ratio": 0.692, "plain_user_ratio": 0.308, "verification_dist": {"普通用户": 0.308, "官方平台": 0.231, "头部认证个人": 0.231, "认证个人": 0.154, "认证机构": 0.077}, "factors": ["well_sourced"]}', '{"key_nodes": [{"role": "首次官方媒体介入", "author": "老委鬼", "platform": "新浪新闻", "verification_type": "官方平台", "publish_time": "2026-07-15T12:13:09", "influence": 0.0, "title": "1998年的英格兰和阿根廷比赛"}, {"role": "初始爆料", "author": "Jay_Chou12138", "platform": "知乎", "verification_type": "普通用户", "publish_time": "2026-07-15T13:02:28.999999", "influence": 3.3, "title": "说实话，理性告诉我英格兰的胜率远高于阿根廷，选英格兰准没错再者，三狮军团有凯恩，"}, {"role": "首次大V发声", "author": "冷门-张书生", "platform": "微博", "verification_type": "头部认证个人", "publish_time": "2026-07-15T13:54:52.999999", "influence": 41.5, "title": "别期待阿根廷淘汰英格兰了！ 阿根廷3场淘汰赛有2场加时，1/4决赛还比英格兰晚结"}], "top_influencers": [{"author": "冷门-张书生", "platform": "微博", "verification_type": "头部认证个人", "publish_time": "2026-07-15T13:54:52.999999", "influence": 41.5, "repost_count": 6, "like_count": 75, "comment_count": 26, "title": "别期待阿根廷淘汰英格兰了！ 阿根廷3场淘汰赛有2场加时，1/4决赛还比英格兰晚结"}, {"author": "球痴老王", "platform": "微博", "verification_type": "认证个人", "publish_time": "2026-07-15T11:41:34", "influence": 24.3, "repost_count": 2, "like_count": 56, "comment_count": 11, "title": "🚨🚨🚨外媒收費情报，是誘还是实，各位自辨，希望对大家分析有帮助： 一，03:00"}, {"author": "Njone足球梦想", "platform": "知乎", "verification_type": "普通用户", "publish_time": "2026-07-15T15:40:03", "influence": 11.6, "repost_count": 0, "like_count": 37, "comment_count": 1, "title": "英阿这场半决赛，光是「英格兰对阿根廷」七个字摆在那，前瞻就已经写了一半另一半没人"}, {"author": "Jay_Chou12138", "platform": "知乎", "verification_type": "普通用户", "publish_time": "2026-07-15T13:02:28.999999", "influence": 3.3, "repost_count": 0, "like_count": 6, "comment_count": 3, "title": "说实话，理性告诉我英格兰的胜率远高于阿根廷，选英格兰准没错再者，三狮军团有凯恩，"}, {"author": "英超小王子", "platform": "知乎", "verification_type": "普通用户", "publish_time": "2026-07-15T15:02:35", "influence": 2.4, "repost_count": 0, "like_count": 8, "comment_count": 0, "title": "世界杯：英格兰vs阿根廷开赛时间:07-16 03:00英格兰对阵阿根廷。梅西对"}], "platform_chain": {"nodes": [{"name": "微博", "count": 6, "first_seen": "2026-07-15T11:41:34"}, {"name": "新浪新闻", "count": 3, "first_seen": "2026-07-15T12:13:09"}, {"name": "知乎", "count": 4, "first_seen": "2026-07-15T13:02:28.999999"}], "links": [{"source": "微博", "target": "新浪新闻", "value": 3}, {"source": "新浪新闻", "target": "知乎", "value": 4}]}}', '2026-07-15 22:17:29', '2026-07-15 22:17:29');
INSERT INTO event_keywords (event_id, word, weight, rank) VALUES (3, '阿根廷', 1.0, 0);
INSERT INTO event_keywords (event_id, word, weight, rank) VALUES (3, '英格兰', 0.527, 1);
INSERT INTO event_keywords (event_id, word, weight, rank) VALUES (3, '比赛', 0.52, 2);
INSERT INTO event_keywords (event_id, word, weight, rank) VALUES (3, '分钟', 0.437, 3);
INSERT INTO event_keywords (event_id, word, weight, rank) VALUES (3, '对阵', 0.436, 4);
INSERT INTO event_keywords (event_id, word, weight, rank) VALUES (3, '瑞士', 0.318, 5);
INSERT INTO event_keywords (event_id, word, weight, rank) VALUES (3, '点球', 0.306, 6);
INSERT INTO event_keywords (event_id, word, weight, rank) VALUES (3, '裁判', 0.246, 7);
INSERT INTO event_platforms (event_id, platform_name, ratio, rank) VALUES (3, '微博', 0.462, 0);
INSERT INTO event_platforms (event_id, platform_name, ratio, rank) VALUES (3, '知乎', 0.308, 1);
INSERT INTO event_platforms (event_id, platform_name, ratio, rank) VALUES (3, '新浪新闻', 0.231, 2);
INSERT INTO event_trend_daily (event_id, date, count, is_predicted) VALUES (3, '2026-07-15', 13, 0);
INSERT INTO event_trend_daily (event_id, date, count, is_predicted, predict_heat, predict_count) VALUES (3, '2026-07-16', 0, 1, 13.0, 13.0);
INSERT INTO event_trend_daily (event_id, date, count, is_predicted, predict_heat, predict_count) VALUES (3, '2026-07-17', 0, 1, 13.0, 13.0);
INSERT INTO event_trend_daily (event_id, date, count, is_predicted, predict_heat, predict_count) VALUES (3, '2026-07-18', 0, 1, 13.0, 13.0);

INSERT INTO events (event_id, title, heat, report_count, duplicate_count, time_start, time_end, event_time, risk_level, stage, confidence, prob_latent, prob_growth, prob_peak, prob_decline, analysis, positive, neutral, negative, sources, summary, location, cause, people, authenticity, propagation, created_at, updated_at) VALUES (4, '梅西在迈阿密的家', 10.494, 34, 9, '2026-06-23 22:12:06', '2026-07-15 11:57:45', '2026-07-14 12:00:00', 'mid', 'decline', 0.9, 0.0, 0.0, 0.1, 0.9, '当前事件报道数量持续下降，公众关注度减弱，处于衰退期。', 0.593, 0.243, 0.164, '["微博", "新浪新闻", "知乎"]', '阿根廷3-2逆转绝杀埃及，当值主裁的判罚引起很大争议，虽然国际足联官方宣布判罚全部正确，但埃及球迷依然非常不满，各界呼吁抵制 梅西。一名埃及球迷原本是梅西的球迷，但是在输球之后，他在社媒发布视频，当场焚烧了梅西的阿根廷10号球衣和巴萨海报，而且还骂了一句。中国足球小将创始人董路表示，认为这场比赛的裁判是黑哨的人都是 C罗 球迷，有网友调侃道：“难道这人也是C罗球迷。', '埃及、梅西、巴萨', '梅西对阵埃及队，球王梅西闪耀全场。', '["斯卡洛尼", "赫尔", "萨拉赫", "图拉姆", "迈阿密"]', '{"credibility_score": 0.637, "official_ratio": 0.618, "verified_ratio": 0.735, "plain_user_ratio": 0.265, "verification_dist": {"官方平台": 0.618, "普通用户": 0.265, "认证个人": 0.118}, "factors": ["well_sourced"]}', '{"key_nodes": [{"role": "初始爆料", "author": "知乎用户R2iElQ", "platform": "知乎", "verification_type": "普通用户", "publish_time": "2026-06-23T22:12:06.999999", "influence": 20.4, "title": "一个有球王和世界杯冠军的国家，被英国佬视若草芥，暴打一顿赶出马岛。而一个只有五块"}, {"role": "首次官方媒体介入", "author": "网球看这里", "platform": "新浪新闻", "verification_type": "官方平台", "publish_time": "2026-07-10T17:17:49.000001", "influence": 0.0, "title": "梅西对阵埃及队，球王梅西闪耀全场！"}, {"role": "传播高峰", "author": "DeMess1Cafe", "platform": "微博", "verification_type": "认证个人", "publish_time": "2026-07-11T11:08:40", "influence": 1364.9, "title": "【存档】阿根廷惊天大逆转后，梅西和阿根廷队登上各大国际报纸头条📰（18宫格完全放"}], "top_influencers": [{"author": "DeMess1Cafe", "platform": "微博", "verification_type": "认证个人", "publish_time": "2026-07-11T11:08:40", "influence": 1364.9, "repost_count": 443, "like_count": 2833, "comment_count": 144, "title": "【存档】阿根廷惊天大逆转后，梅西和阿根廷队登上各大国际报纸头条📰（18宫格完全放"}, {"author": "宅男崔小闹", "platform": "知乎", "verification_type": "普通用户", "publish_time": "2026-07-12T17:11:13", "influence": 108.2, "repost_count": 0, "like_count": 254, "comment_count": 64, "title": "这个星球上最大的梅吹，是皇马主席佛罗伦迪诺。他当年为了梅西向巴萨报价了好几次，最"}, {"author": "欧洲足球记录者", "platform": "微博", "verification_type": "认证个人", "publish_time": "2026-07-12T08:29:17", "influence": 87.3, "repost_count": 4, "like_count": 211, "comment_count": 40, "title": "埃及前锋齐库：梅西排在C罗之后，在场上我都感觉不到梅西的存在#阿根廷vs瑞士# "}, {"author": "知乎用户R2iElQ", "platform": "知乎", "verification_type": "普通用户", "publish_time": "2026-06-23T22:12:06.999999", "influence": 20.4, "repost_count": 0, "like_count": 53, "comment_count": 9, "title": "一个有球王和世界杯冠军的国家，被英国佬视若草芥，暴打一顿赶出马岛。而一个只有五块"}, {"author": "八座金球小神龙", "platform": "微博", "verification_type": "认证个人", "publish_time": "2026-07-14T20:21:15", "influence": 17.8, "repost_count": 3, "like_count": 46, "comment_count": 2, "title": "【这就是球王梅西🐐🥶】 哈里·凯恩谈梅西🎙️： “我们知道他是一位多么出色的球员"}], "platform_chain": {"nodes": [{"name": "知乎", "count": 8, "first_seen": "2026-06-23T22:12:06.999999"}, {"name": "新浪新闻", "count": 21, "first_seen": "2026-07-10T17:17:49.000001"}, {"name": "微博", "count": 5, "first_seen": "2026-07-11T11:08:40"}], "links": [{"source": "知乎", "target": "新浪新闻", "value": 21}, {"source": "新浪新闻", "target": "微博", "value": 5}]}}', '2026-07-15 22:17:29', '2026-07-15 22:17:29');
INSERT INTO event_keywords (event_id, word, weight, rank) VALUES (4, '梅西', 1.0, 0);
INSERT INTO event_keywords (event_id, word, weight, rank) VALUES (4, '皇家', 0.389, 1);
INSERT INTO event_keywords (event_id, word, weight, rank) VALUES (4, '体系', 0.373, 2);
INSERT INTO event_keywords (event_id, word, weight, rank) VALUES (4, '球员', 0.338, 3);
INSERT INTO event_keywords (event_id, word, weight, rank) VALUES (4, '埃及', 0.283, 4);
INSERT INTO event_keywords (event_id, word, weight, rank) VALUES (4, '阿根廷', 0.261, 5);
INSERT INTO event_keywords (event_id, word, weight, rank) VALUES (4, '公里', 0.25, 6);
INSERT INTO event_keywords (event_id, word, weight, rank) VALUES (4, '球迷', 0.233, 7);
INSERT INTO event_platforms (event_id, platform_name, ratio, rank) VALUES (4, '新浪新闻', 0.618, 0);
INSERT INTO event_platforms (event_id, platform_name, ratio, rank) VALUES (4, '知乎', 0.235, 1);
INSERT INTO event_platforms (event_id, platform_name, ratio, rank) VALUES (4, '微博', 0.147, 2);
INSERT INTO event_trend_daily (event_id, date, count, is_predicted) VALUES (4, '2026-06-23', 1, 0);
INSERT INTO event_trend_daily (event_id, date, count, is_predicted) VALUES (4, '2026-06-24', 0, 0);
INSERT INTO event_trend_daily (event_id, date, count, is_predicted) VALUES (4, '2026-06-25', 0, 0);
INSERT INTO event_trend_daily (event_id, date, count, is_predicted) VALUES (4, '2026-06-26', 0, 0);
INSERT INTO event_trend_daily (event_id, date, count, is_predicted) VALUES (4, '2026-06-27', 0, 0);
INSERT INTO event_trend_daily (event_id, date, count, is_predicted) VALUES (4, '2026-06-28', 0, 0);
INSERT INTO event_trend_daily (event_id, date, count, is_predicted) VALUES (4, '2026-06-29', 0, 0);
INSERT INTO event_trend_daily (event_id, date, count, is_predicted) VALUES (4, '2026-06-30', 0, 0);
INSERT INTO event_trend_daily (event_id, date, count, is_predicted) VALUES (4, '2026-07-01', 0, 0);
INSERT INTO event_trend_daily (event_id, date, count, is_predicted) VALUES (4, '2026-07-02', 0, 0);
INSERT INTO event_trend_daily (event_id, date, count, is_predicted) VALUES (4, '2026-07-03', 0, 0);
INSERT INTO event_trend_daily (event_id, date, count, is_predicted) VALUES (4, '2026-07-04', 0, 0);
INSERT INTO event_trend_daily (event_id, date, count, is_predicted) VALUES (4, '2026-07-05', 0, 0);
INSERT INTO event_trend_daily (event_id, date, count, is_predicted) VALUES (4, '2026-07-06', 0, 0);
INSERT INTO event_trend_daily (event_id, date, count, is_predicted) VALUES (4, '2026-07-07', 0, 0);
INSERT INTO event_trend_daily (event_id, date, count, is_predicted) VALUES (4, '2026-07-08', 0, 0);
INSERT INTO event_trend_daily (event_id, date, count, is_predicted) VALUES (4, '2026-07-09', 0, 0);
INSERT INTO event_trend_daily (event_id, date, count, is_predicted) VALUES (4, '2026-07-10', 3, 0);
INSERT INTO event_trend_daily (event_id, date, count, is_predicted) VALUES (4, '2026-07-11', 4, 0);
INSERT INTO event_trend_daily (event_id, date, count, is_predicted) VALUES (4, '2026-07-12', 7, 0);
INSERT INTO event_trend_daily (event_id, date, count, is_predicted) VALUES (4, '2026-07-13', 6, 0);
INSERT INTO event_trend_daily (event_id, date, count, is_predicted) VALUES (4, '2026-07-14', 9, 0);
INSERT INTO event_trend_daily (event_id, date, count, is_predicted) VALUES (4, '2026-07-15', 4, 0);
INSERT INTO event_trend_daily (event_id, date, count, is_predicted, predict_heat, predict_count) VALUES (4, '2026-07-16', 0, 1, 3.0, 3.0);
INSERT INTO event_trend_daily (event_id, date, count, is_predicted, predict_heat, predict_count) VALUES (4, '2026-07-17', 0, 1, 2.0, 2.0);
INSERT INTO event_trend_daily (event_id, date, count, is_predicted, predict_heat, predict_count) VALUES (4, '2026-07-18', 0, 1, 1.0, 1.0);

INSERT INTO events (event_id, title, heat, report_count, duplicate_count, time_start, time_end, event_time, risk_level, stage, confidence, prob_latent, prob_growth, prob_peak, prob_decline, analysis, positive, neutral, negative, sources, summary, location, cause, people, authenticity, propagation, created_at, updated_at) VALUES (5, '小球迷演绎阿根廷vs埃及', 9.274, 108, 86, '2026-07-03 17:40:02', '2026-07-14 19:38:10', '2026-07-08 12:00:00', 'mid', 'decline', 0.9, 0.0, 0.0, 0.1, 0.9, '当前事件报道数量持续下降，公众关注度减弱，处于衰退期。', 0.568, 0.233, 0.199, '["微博", "新浪新闻", "澎湃新闻", "知乎"]', '7月13日消息，尽管在本届世界杯一路闯入四强，但是卫冕冠军阿根廷的晋级之路，伴随着巨大的争议声音。从开赛以来到跻身四强，阿根廷队在6场比赛中，出现了6次重大争议判罚。巧合的是，这几次争议判罚中，阿根廷队几乎都是获益的一方。', '埃及、瑞士、法国', '北京时间7月8日上午，据西班牙《阿斯报》等媒体报道称，埃及足协已向国际足联提交了一份完整的书面申诉，矛头直指执法埃及队与阿根廷队1/8决赛的法国主裁判勒泰西耶及其全套VAR裁判组。', '["萨拉赫", "哈桑", "恩佐", "科里纳", "阿尔瓦雷"]', '{"credibility_score": 0.344, "official_ratio": 0.194, "verified_ratio": 0.63, "plain_user_ratio": 0.37, "verification_dist": {"普通用户": 0.37, "认证个人": 0.333, "官方平台": 0.194, "认证机构": 0.056, "头部认证个人": 0.046}, "factors": ["high_duplicate_rate"]}', '{"key_nodes": [{"role": "初始爆料", "author": "格子军团", "platform": "知乎", "verification_type": "普通用户", "publish_time": "2026-07-03T17:40:02", "influence": 0.3, "title": "周五086 世界杯 澳大利亚vs埃及方向：让胜年龄： 11岁 21岁周五087 "}, {"role": "首次大V发声", "author": "直播吧", "platform": "微博", "verification_type": "认证机构", "publish_time": "2026-07-08T02:14:19", "influence": 3959.9, "title": "埃及全队投诉，阿根廷进球前，萨拉赫在阿根廷禁区倒地，埃及工作人员被红牌罚下。主帅"}, {"role": "首次官方媒体介入", "author": "澎湃新闻", "platform": "澎湃新闻", "verification_type": "官方平台", "publish_time": "2026-07-08T11:25:00", "influence": 0.0, "title": "指责主裁双标，埃及足协就争议判罚向国际足联提出申诉_运动家_澎湃新闻-The P"}, {"role": "传播高峰", "author": "咪咕体育", "platform": "微博", "verification_type": "认证机构", "publish_time": "2026-07-09T13:22:41", "influence": 21215.2, "title": "#FIFA认定阿根廷进球判罚正确##FIFA认定埃及进球被取消判罚正确# 对于阿"}], "top_influencers": [{"author": "咪咕体育", "platform": "微博", "verification_type": "认证机构", "publish_time": "2026-07-09T13:22:41", "influence": 21215.2, "repost_count": 1606, "like_count": 57839, "comment_count": 4515, "title": "#FIFA认定阿根廷进球判罚正确##FIFA认定埃及进球被取消判罚正确# 对于阿"}, {"author": "马克欣", "platform": "微博", "verification_type": "头部认证个人", "publish_time": "2026-07-08T03:12:36", "influence": 12922.5, "repost_count": 496, "like_count": 38750, "comment_count": 1603, "title": "#阿根廷3比2埃及##阿根廷惊天逆转# 说实话，这些标题，都不如#阿根廷 脏#带"}, {"author": "头条新闻", "platform": "微博", "verification_type": "认证机构", "publish_time": "2026-07-08T07:30:00", "influence": 11127.3, "repost_count": 443, "like_count": 31371, "comment_count": 2546, "title": "【#埃及足协向FIFA申诉#，要求全面调查勒泰西耶的严重误判】#阿根廷埃及主裁判"}, {"author": "评述员詹俊", "platform": "微博", "verification_type": "认证个人", "publish_time": "2026-07-08T02:41:41", "influence": 7730.5, "repost_count": 301, "like_count": 22100, "comment_count": 1599, "title": "#阿根廷绝杀埃及##阿根廷3比2埃及# 惊天大逆转，阿根廷队绝境逃生。埃及队的进"}, {"author": "梨视频", "platform": "微博", "verification_type": "认证机构", "publish_time": "2026-07-08T06:02:53", "influence": 5695.9, "repost_count": 182, "like_count": 15858, "comment_count": 1513, "title": "【#埃及队抗议#】阿根廷3比2埃及绝地逆转晋级。赛后，埃及主教练哈桑接受采访。“"}], "platform_chain": {"nodes": [{"name": "知乎", "count": 42, "first_seen": "2026-07-03T17:40:02"}, {"name": "微博", "count": 45, "first_seen": "2026-07-08T00:46:01"}, {"name": "澎湃新闻", "count": 2, "first_seen": "2026-07-08T11:25:00"}, {"name": "新浪新闻", "count": 19, "first_seen": "2026-07-10T07:40:31"}], "links": [{"source": "知乎", "target": "微博", "value": 45}, {"source": "微博", "target": "澎湃新闻", "value": 2}, {"source": "澎湃新闻", "target": "新浪新闻", "value": 19}]}}', '2026-07-15 22:17:29', '2026-07-15 22:17:29');
INSERT INTO event_keywords (event_id, word, weight, rank) VALUES (5, '埃及', 1.0, 0);
INSERT INTO event_keywords (event_id, word, weight, rank) VALUES (5, '阿根廷', 0.875, 1);
INSERT INTO event_keywords (event_id, word, weight, rank) VALUES (5, '犯规', 0.749, 2);
INSERT INTO event_keywords (event_id, word, weight, rank) VALUES (5, '裁判', 0.681, 3);
INSERT INTO event_keywords (event_id, word, weight, rank) VALUES (5, '球员', 0.57, 4);
INSERT INTO event_keywords (event_id, word, weight, rank) VALUES (5, 'VAR', 0.509, 5);
INSERT INTO event_keywords (event_id, word, weight, rank) VALUES (5, '梅西', 0.439, 6);
INSERT INTO event_keywords (event_id, word, weight, rank) VALUES (5, '比赛', 0.31, 7);
INSERT INTO event_platforms (event_id, platform_name, ratio, rank) VALUES (5, '微博', 0.417, 0);
INSERT INTO event_platforms (event_id, platform_name, ratio, rank) VALUES (5, '知乎', 0.389, 1);
INSERT INTO event_platforms (event_id, platform_name, ratio, rank) VALUES (5, '新浪新闻', 0.176, 2);
INSERT INTO event_platforms (event_id, platform_name, ratio, rank) VALUES (5, '澎湃新闻', 0.019, 3);
INSERT INTO event_trend_daily (event_id, date, count, is_predicted) VALUES (5, '2026-07-03', 1, 0);
INSERT INTO event_trend_daily (event_id, date, count, is_predicted) VALUES (5, '2026-07-04', 0, 0);
INSERT INTO event_trend_daily (event_id, date, count, is_predicted) VALUES (5, '2026-07-05', 0, 0);
INSERT INTO event_trend_daily (event_id, date, count, is_predicted) VALUES (5, '2026-07-06', 0, 0);
INSERT INTO event_trend_daily (event_id, date, count, is_predicted) VALUES (5, '2026-07-07', 0, 0);
INSERT INTO event_trend_daily (event_id, date, count, is_predicted) VALUES (5, '2026-07-08', 50, 0);
INSERT INTO event_trend_daily (event_id, date, count, is_predicted) VALUES (5, '2026-07-09', 13, 0);
INSERT INTO event_trend_daily (event_id, date, count, is_predicted) VALUES (5, '2026-07-10', 10, 0);
INSERT INTO event_trend_daily (event_id, date, count, is_predicted) VALUES (5, '2026-07-11', 8, 0);
INSERT INTO event_trend_daily (event_id, date, count, is_predicted) VALUES (5, '2026-07-12', 8, 0);
INSERT INTO event_trend_daily (event_id, date, count, is_predicted) VALUES (5, '2026-07-13', 11, 0);
INSERT INTO event_trend_daily (event_id, date, count, is_predicted) VALUES (5, '2026-07-14', 7, 0);
INSERT INTO event_trend_daily (event_id, date, count, is_predicted, predict_heat, predict_count) VALUES (5, '2026-07-15', 0, 1, 6.5, 6.5);
INSERT INTO event_trend_daily (event_id, date, count, is_predicted, predict_heat, predict_count) VALUES (5, '2026-07-16', 0, 1, 6.0, 6.0);
INSERT INTO event_trend_daily (event_id, date, count, is_predicted, predict_heat, predict_count) VALUES (5, '2026-07-17', 0, 1, 5.5, 5.5);

INSERT INTO events (event_id, title, heat, report_count, duplicate_count, time_start, time_end, event_time, risk_level, stage, confidence, prob_latent, prob_growth, prob_peak, prob_decline, analysis, positive, neutral, negative, sources, summary, location, cause, people, authenticity, propagation, created_at, updated_at) VALUES (6, '梅西刷新世界杯正赛出场数纪录', 8.585, 92, 81, '2026-06-17 13:06:30', '2026-07-15 18:26:39', '2026-07-08 12:00:00', 'mid', 'decline', 0.9, 0.0, 0.0, 0.1, 0.9, '当前事件报道数量持续下降，公众关注度减弱，处于衰退期。', 0.469, 0.328, 0.203, '["人民网", "微博", "新浪新闻", "澎湃新闻", "知乎"]', '面对拥有梅西的阿根廷队，埃及队差一点就上演以下克上的剧本。率先打进两球取得领先优势的非洲劲旅，输在了比赛的最后十几分钟，连丢三球后，埃及队最终还是与美加墨世界杯的八强无缘。但即便如此，埃及人也有资格昂首离开——本届赛事，他们已经创造了本国足球的新历史。', '埃及、瑞士、佛得角', '德国队历史上第一次输掉世界杯点球大战。', '["斯卡洛尼", "萨拉赫", "罗梅罗", "恩佐", "哈兰德"]', '{"credibility_score": 0.502, "official_ratio": 0.478, "verified_ratio": 0.652, "plain_user_ratio": 0.348, "verification_dist": {"官方平台": 0.478, "普通用户": 0.348, "认证个人": 0.109, "头部认证个人": 0.043, "认证机构": 0.022}, "factors": ["high_duplicate_rate", "well_sourced"]}', '{"key_nodes": [{"role": "首次大V发声", "author": "迷修斯", "platform": "知乎", "verification_type": "头部认证个人", "publish_time": "2026-06-18T18:35:36", "influence": 636.0, "title": "首轮梅西80分钟下场时，只跑了6800米，按跑步来说，配速将近12分钟了，其实就"}, {"role": "首次官方媒体介入", "author": "人民网", "platform": "人民网", "verification_type": "官方平台", "publish_time": "2026-06-22T15:55:41", "influence": 0.0, "title": "世界杯播报丨姆巴佩将迎国家队里程碑 梅西能否创造新历史--文旅·体育--人民网"}, {"role": "初始爆料", "author": "老司机讲鬼故事", "platform": "知乎", "verification_type": "普通用户", "publish_time": "2026-06-28T18:02:12", "influence": 3.4, "title": "要看你怎么定义假球了阿尔及利亚和奥地利的那场比赛，从70分钟开始，到伤停补时，这"}, {"role": "传播高峰", "author": "咪咕足球", "platform": "微博", "verification_type": "认证机构", "publish_time": "2026-07-04T08:44:49", "influence": 11619.5, "title": "#阿根廷16强# 2026世界杯1/16决赛，卫冕冠军阿根廷3-2力克佛得角，晋"}], "top_influencers": [{"author": "咪咕足球", "platform": "微博", "verification_type": "认证机构", "publish_time": "2026-07-04T08:44:49", "influence": 11619.5, "repost_count": 1561, "like_count": 30275, "comment_count": 1952, "title": "#阿根廷16强# 2026世界杯1/16决赛，卫冕冠军阿根廷3-2力克佛得角，晋"}, {"author": "新华社", "platform": "微博", "verification_type": "官方平台", "publish_time": "2026-07-08T02:12:57", "influence": 3165.3, "repost_count": 618, "like_count": 7986, "comment_count": 303, "title": "#阿根廷队让二追三#【梅西传射创纪录 阿根廷绝地逆转埃及进世界杯八强】#阿根廷绝"}, {"author": "参考消息", "platform": "微博", "verification_type": "认证机构", "publish_time": "2026-06-28T12:49:57", "influence": 2662.9, "repost_count": 297, "like_count": 6548, "comment_count": 803, "title": "【外媒：#伊朗队队长怒斥国际足联#】据西班牙《先锋报》网站6月27日报道，在美加"}, {"author": "DeMess1Cafe", "platform": "微博", "verification_type": "认证个人", "publish_time": "2026-07-12T12:14:19", "influence": 2076.3, "repost_count": 532, "like_count": 4691, "comment_count": 274, "title": "斯卡赛后情绪有点崩 我都不忍心了，都不容易[捂嘴哭] ——记者：“在阿根廷的时候"}, {"author": "迷修斯", "platform": "知乎", "verification_type": "头部认证个人", "publish_time": "2026-06-18T18:35:36", "influence": 636.0, "repost_count": 0, "like_count": 1715, "comment_count": 243, "title": "首轮梅西80分钟下场时，只跑了6800米，按跑步来说，配速将近12分钟了，其实就"}], "platform_chain": {"nodes": [{"name": "知乎", "count": 43, "first_seen": "2026-06-17T13:06:30.999999"}, {"name": "人民网", "count": 10, "first_seen": "2026-06-22T15:55:41"}, {"name": "微博", "count": 7, "first_seen": "2026-06-28T12:49:57"}, {"name": "澎湃新闻", "count": 22, "first_seen": "2026-06-30T00:00:00"}, {"name": "新浪新闻", "count": 10, "first_seen": "2026-07-10T21:11:51"}], "links": [{"source": "知乎", "target": "人民网", "value": 10}, {"source": "人民网", "target": "微博", "value": 7}, {"source": "微博", "target": "澎湃新闻", "value": 22}, {"source": "澎湃新闻", "target": "新浪新闻", "value": 10}]}}', '2026-07-15 22:17:29', '2026-07-15 22:17:29');
INSERT INTO event_keywords (event_id, word, weight, rank) VALUES (6, '阿根廷', 1.0, 0);
INSERT INTO event_keywords (event_id, word, weight, rank) VALUES (6, '埃及', 0.644, 1);
INSERT INTO event_keywords (event_id, word, weight, rank) VALUES (6, '瑞士', 0.595, 2);
INSERT INTO event_keywords (event_id, word, weight, rank) VALUES (6, '阿根廷队', 0.54, 3);
INSERT INTO event_keywords (event_id, word, weight, rank) VALUES (6, '世界杯', 0.495, 4);
INSERT INTO event_keywords (event_id, word, weight, rank) VALUES (6, '比赛', 0.404, 5);
INSERT INTO event_keywords (event_id, word, weight, rank) VALUES (6, '梅西', 0.295, 6);
INSERT INTO event_keywords (event_id, word, weight, rank) VALUES (6, '分钟', 0.249, 7);
INSERT INTO event_platforms (event_id, platform_name, ratio, rank) VALUES (6, '知乎', 0.467, 0);
INSERT INTO event_platforms (event_id, platform_name, ratio, rank) VALUES (6, '澎湃新闻', 0.239, 1);
INSERT INTO event_platforms (event_id, platform_name, ratio, rank) VALUES (6, '人民网', 0.109, 2);
INSERT INTO event_platforms (event_id, platform_name, ratio, rank) VALUES (6, '新浪新闻', 0.109, 3);
INSERT INTO event_platforms (event_id, platform_name, ratio, rank) VALUES (6, '微博', 0.076, 4);
INSERT INTO event_trend_daily (event_id, date, count, is_predicted) VALUES (6, '2026-06-17', 1, 0);
INSERT INTO event_trend_daily (event_id, date, count, is_predicted) VALUES (6, '2026-06-18', 1, 0);
INSERT INTO event_trend_daily (event_id, date, count, is_predicted) VALUES (6, '2026-06-19', 0, 0);
INSERT INTO event_trend_daily (event_id, date, count, is_predicted) VALUES (6, '2026-06-20', 0, 0);
INSERT INTO event_trend_daily (event_id, date, count, is_predicted) VALUES (6, '2026-06-21', 0, 0);
INSERT INTO event_trend_daily (event_id, date, count, is_predicted) VALUES (6, '2026-06-22', 1, 0);
INSERT INTO event_trend_daily (event_id, date, count, is_predicted) VALUES (6, '2026-06-23', 2, 0);
INSERT INTO event_trend_daily (event_id, date, count, is_predicted) VALUES (6, '2026-06-24', 0, 0);
INSERT INTO event_trend_daily (event_id, date, count, is_predicted) VALUES (6, '2026-06-25', 0, 0);
INSERT INTO event_trend_daily (event_id, date, count, is_predicted) VALUES (6, '2026-06-26', 0, 0);
INSERT INTO event_trend_daily (event_id, date, count, is_predicted) VALUES (6, '2026-06-27', 1, 0);
INSERT INTO event_trend_daily (event_id, date, count, is_predicted) VALUES (6, '2026-06-28', 2, 0);
INSERT INTO event_trend_daily (event_id, date, count, is_predicted) VALUES (6, '2026-06-29', 0, 0);
INSERT INTO event_trend_daily (event_id, date, count, is_predicted) VALUES (6, '2026-06-30', 2, 0);
INSERT INTO event_trend_daily (event_id, date, count, is_predicted) VALUES (6, '2026-07-01', 0, 0);
INSERT INTO event_trend_daily (event_id, date, count, is_predicted) VALUES (6, '2026-07-02', 0, 0);
INSERT INTO event_trend_daily (event_id, date, count, is_predicted) VALUES (6, '2026-07-03', 1, 0);
INSERT INTO event_trend_daily (event_id, date, count, is_predicted) VALUES (6, '2026-07-04', 7, 0);
INSERT INTO event_trend_daily (event_id, date, count, is_predicted) VALUES (6, '2026-07-05', 1, 0);
INSERT INTO event_trend_daily (event_id, date, count, is_predicted) VALUES (6, '2026-07-06', 1, 0);
INSERT INTO event_trend_daily (event_id, date, count, is_predicted) VALUES (6, '2026-07-07', 1, 0);
INSERT INTO event_trend_daily (event_id, date, count, is_predicted) VALUES (6, '2026-07-08', 19, 0);
INSERT INTO event_trend_daily (event_id, date, count, is_predicted) VALUES (6, '2026-07-09', 4, 0);
INSERT INTO event_trend_daily (event_id, date, count, is_predicted) VALUES (6, '2026-07-10', 6, 0);
INSERT INTO event_trend_daily (event_id, date, count, is_predicted) VALUES (6, '2026-07-11', 15, 0);
INSERT INTO event_trend_daily (event_id, date, count, is_predicted) VALUES (6, '2026-07-12', 13, 0);
INSERT INTO event_trend_daily (event_id, date, count, is_predicted) VALUES (6, '2026-07-13', 10, 0);
INSERT INTO event_trend_daily (event_id, date, count, is_predicted) VALUES (6, '2026-07-14', 2, 0);
INSERT INTO event_trend_daily (event_id, date, count, is_predicted) VALUES (6, '2026-07-15', 2, 0);
INSERT INTO event_trend_daily (event_id, date, count, is_predicted, predict_heat, predict_count) VALUES (6, '2026-07-16', 0, 1, 0.0, 0.0);
INSERT INTO event_trend_daily (event_id, date, count, is_predicted, predict_heat, predict_count) VALUES (6, '2026-07-17', 0, 1, 0.0, 0.0);
INSERT INTO event_trend_daily (event_id, date, count, is_predicted, predict_heat, predict_count) VALUES (6, '2026-07-18', 0, 1, 0.0, 0.0);

INSERT INTO events (event_id, title, heat, report_count, duplicate_count, time_start, time_end, event_time, risk_level, stage, confidence, prob_latent, prob_growth, prob_peak, prob_decline, analysis, positive, neutral, negative, sources, summary, location, cause, people, authenticity, propagation, created_at, updated_at) VALUES (7, '世界杯决赛首次增设中场秀', 7.878, 9, 0, '2026-07-14 11:14:29', '2026-07-15 17:54:00', '2026-07-15 12:00:00', 'mid', 'decline', 0.9, 0.0, 0.0, 0.1, 0.9, '当前事件报道数量持续下降，公众关注度减弱，处于衰退期。', 0.375, 0.45, 0.175, '["新浪新闻"]', '齐鲁晚报·齐鲁壹点 冯子涵 世界杯开幕式表演。新华社发 北京时间7月20日，2026年美加墨世界杯决赛即将在纽约新泽西体育场打响。围绕这场巅峰对决的讨论，因一项打破传统的新规愈演愈烈：为配合国际足联安排的群星半场秀，世界杯决赛的中场休息预计将延长至约30分钟，这将超过《足球竞赛规则》规定的15分钟上限。', '法国、西班牙、美加墨', '拍世界杯的摄影记者，都有些什么特点。', '["姆巴", "夏奇拉", "亚马尔", "姆巴佩"]', '{"credibility_score": 1.0, "official_ratio": 1.0, "verified_ratio": 1.0, "plain_user_ratio": 0.0, "verification_dist": {"官方平台": 1.0}, "factors": ["well_sourced"]}', '{"key_nodes": [{"role": "初始爆料", "author": "新华社", "platform": "新浪新闻", "verification_type": "官方平台", "publish_time": "2026-07-14T11:14:29", "influence": 0.0, "title": "图说世界杯丨想当世界杯摄影记者，照片拍得好还远远不够"}], "top_influencers": [], "platform_chain": {"nodes": [{"name": "新浪新闻", "count": 9, "first_seen": "2026-07-14T11:14:29"}], "links": []}}', '2026-07-15 22:17:29', '2026-07-15 22:17:29');
INSERT INTO event_keywords (event_id, word, weight, rank) VALUES (7, '国际足联', 1.0, 0);
INSERT INTO event_keywords (event_id, word, weight, rank) VALUES (7, '球员', 0.95, 1);
INSERT INTO event_keywords (event_id, word, weight, rank) VALUES (7, '决赛', 0.928, 2);
INSERT INTO event_keywords (event_id, word, weight, rank) VALUES (7, '黄牌', 0.888, 3);
INSERT INTO event_keywords (event_id, word, weight, rank) VALUES (7, '世界杯', 0.885, 4);
INSERT INTO event_keywords (event_id, word, weight, rank) VALUES (7, '中场', 0.884, 5);
INSERT INTO event_keywords (event_id, word, weight, rank) VALUES (7, '补水', 0.71, 6);
INSERT INTO event_keywords (event_id, word, weight, rank) VALUES (7, 'VAR', 0.651, 7);
INSERT INTO event_platforms (event_id, platform_name, ratio, rank) VALUES (7, '新浪新闻', 1.0, 0);
INSERT INTO event_trend_daily (event_id, date, count, is_predicted) VALUES (7, '2026-07-14', 1, 0);
INSERT INTO event_trend_daily (event_id, date, count, is_predicted) VALUES (7, '2026-07-15', 8, 0);
INSERT INTO event_trend_daily (event_id, date, count, is_predicted, predict_heat, predict_count) VALUES (7, '2026-07-16', 0, 1, 15.0, 15.0);
INSERT INTO event_trend_daily (event_id, date, count, is_predicted, predict_heat, predict_count) VALUES (7, '2026-07-17', 0, 1, 22.0, 22.0);
INSERT INTO event_trend_daily (event_id, date, count, is_predicted, predict_heat, predict_count) VALUES (7, '2026-07-18', 0, 1, 29.0, 29.0);

INSERT INTO events (event_id, title, heat, report_count, duplicate_count, time_start, time_end, event_time, risk_level, stage, confidence, prob_latent, prob_growth, prob_peak, prob_decline, analysis, positive, neutral, negative, sources, summary, location, cause, people, authenticity, propagation, created_at, updated_at) VALUES (8, '阿根廷庆祝晋级半决赛', 7.285, 46, 1, '2026-07-10 23:27:43', '2026-07-14 14:22:41', '2026-07-12 12:00:00', 'mid', 'decline', 0.9, 0.0, 0.0, 0.1, 0.9, '当前事件报道数量持续下降，公众关注度减弱，处于衰退期。', 0.452, 0.29, 0.258, '["微博", "新浪新闻", "知乎"]', '北京时间7月12日凌晨，美加墨世界杯1/4决赛继续开打，瑞士迎战阿根廷。上一轮1/8决赛上，瑞士苦战120分钟0-0闷平，最后点球大战4-3淘汰哥伦比亚，而阿根廷更惊险，在0-2落后的情况下，最终连追3球以3-2逆转晋级。本场较量关乎谁将晋级四强，属于生死之战，常规时间两队战成1-1平，加时赛阿根廷连进两球，最终瑞士1-3不敌阿根廷，止步八强。', '瑞士、埃及、美加墨', '梅西带领球队出来进行热身。', '["恩博洛", "阿尔瓦雷", "麦卡利斯", "恩多耶", "劳塔罗"]', '{"credibility_score": 0.458, "official_ratio": 0.261, "verified_ratio": 0.783, "plain_user_ratio": 0.217, "verification_dist": {"认证个人": 0.413, "官方平台": 0.261, "普通用户": 0.217, "头部认证个人": 0.109}, "factors": ["well_sourced"]}', '{"key_nodes": [{"role": "初始爆料", "author": "曾经", "platform": "知乎", "verification_type": "普通用户", "publish_time": "2026-07-10T23:27:43", "influence": 71.8, "title": "但凡认真看过几场阿根廷队踢球就会知道，这球队踢得脏，小动作不断搞人心态，为了赢什"}, {"role": "首次官方媒体介入", "author": "欧洲足球记录者", "platform": "新浪新闻", "verification_type": "官方平台", "publish_time": "2026-07-12T07:39:10", "influence": 0.0, "title": "阿根廷队来了！"}, {"role": "首次大V发声", "author": "李平康_", "platform": "微博", "verification_type": "头部认证个人", "publish_time": "2026-07-12T11:32:24", "influence": 6.6, "title": "#瑞士 脏# 上一场热搜是阿根廷脏，现在又说瑞士脏，咱们这都玩闹呢？都是很正常的"}, {"role": "传播高峰", "author": "DeMess1Cafe", "platform": "微博", "verification_type": "认证个人", "publish_time": "2026-07-12T16:00:40", "influence": 395.4, "title": "阿根廷vs瑞士，赛后瑞士球员曼赞比拿到了梅西的球衣还答应给记者炫耀了😎 #阿根廷"}], "top_influencers": [{"author": "DeMess1Cafe", "platform": "微博", "verification_type": "认证个人", "publish_time": "2026-07-12T16:00:40", "influence": 395.4, "repost_count": 22, "like_count": 1193, "comment_count": 31, "title": "阿根廷vs瑞士，赛后瑞士球员曼赞比拿到了梅西的球衣还答应给记者炫耀了😎 #阿根廷"}, {"author": "牛师傅Goat", "platform": "微博", "verification_type": "认证个人", "publish_time": "2026-07-12T11:27:24", "influence": 359.9, "repost_count": 7, "like_count": 823, "comment_count": 212, "title": "#世界杯[超话]# 看看梅西撞成什么样了 也别任意球了，直接给点球算了 考虑到八"}, {"author": "你有大力神杯吗", "platform": "微博", "verification_type": "认证个人", "publish_time": "2026-07-12T12:04:25", "influence": 107.5, "repost_count": 2, "like_count": 295, "comment_count": 34, "title": "我已经能想象到16号那场得有多血雨腥风了🚬🚬🚬 #瑞士 脏##瑞士 假摔##阿根"}, {"author": "IT互联网那点事", "platform": "微博", "verification_type": "认证个人", "publish_time": "2026-07-12T11:45:24", "influence": 80.6, "repost_count": 21, "like_count": 157, "comment_count": 25, "title": "#阿根廷3比1瑞士#阿根廷晋级4强。阿根廷第二球进的太轻松惬意了，阿尔瓦雷斯方圆"}, {"author": "IT互联网那点事", "platform": "微博", "verification_type": "认证个人", "publish_time": "2026-07-12T11:04:01.000001", "influence": 72.6, "repost_count": 14, "like_count": 167, "comment_count": 17, "title": "常规时间90分钟，阿根廷1比1瑞士打平，双方踢加时赛。这场应该没人说阿根廷脏了，"}], "platform_chain": {"nodes": [{"name": "知乎", "count": 2, "first_seen": "2026-07-10T23:27:43"}, {"name": "新浪新闻", "count": 12, "first_seen": "2026-07-12T07:39:10"}, {"name": "微博", "count": 32, "first_seen": "2026-07-12T07:43:37"}], "links": [{"source": "知乎", "target": "新浪新闻", "value": 12}, {"source": "新浪新闻", "target": "微博", "value": 32}]}}', '2026-07-15 22:17:29', '2026-07-15 22:17:29');
INSERT INTO event_keywords (event_id, word, weight, rank) VALUES (8, '阿根廷', 1.0, 0);
INSERT INTO event_keywords (event_id, word, weight, rank) VALUES (8, '瑞士', 0.913, 1);
INSERT INTO event_keywords (event_id, word, weight, rank) VALUES (8, '分钟', 0.514, 2);
INSERT INTO event_keywords (event_id, word, weight, rank) VALUES (8, '图片', 0.433, 3);
INSERT INTO event_keywords (event_id, word, weight, rank) VALUES (8, '来源于', 0.433, 4);
INSERT INTO event_keywords (event_id, word, weight, rank) VALUES (8, '网络', 0.433, 5);
INSERT INTO event_keywords (event_id, word, weight, rank) VALUES (8, '世界杯', 0.386, 6);
INSERT INTO event_keywords (event_id, word, weight, rank) VALUES (8, '梅西', 0.346, 7);
INSERT INTO event_platforms (event_id, platform_name, ratio, rank) VALUES (8, '微博', 0.696, 0);
INSERT INTO event_platforms (event_id, platform_name, ratio, rank) VALUES (8, '新浪新闻', 0.261, 1);
INSERT INTO event_platforms (event_id, platform_name, ratio, rank) VALUES (8, '知乎', 0.043, 2);
INSERT INTO event_trend_daily (event_id, date, count, is_predicted) VALUES (8, '2026-07-10', 1, 0);
INSERT INTO event_trend_daily (event_id, date, count, is_predicted) VALUES (8, '2026-07-11', 0, 0);
INSERT INTO event_trend_daily (event_id, date, count, is_predicted) VALUES (8, '2026-07-12', 38, 0);
INSERT INTO event_trend_daily (event_id, date, count, is_predicted) VALUES (8, '2026-07-13', 5, 0);
INSERT INTO event_trend_daily (event_id, date, count, is_predicted) VALUES (8, '2026-07-14', 2, 0);
INSERT INTO event_trend_daily (event_id, date, count, is_predicted, predict_heat, predict_count) VALUES (8, '2026-07-15', 0, 1, 0.0, 0.0);
INSERT INTO event_trend_daily (event_id, date, count, is_predicted, predict_heat, predict_count) VALUES (8, '2026-07-16', 0, 1, 0.0, 0.0);
INSERT INTO event_trend_daily (event_id, date, count, is_predicted, predict_heat, predict_count) VALUES (8, '2026-07-17', 0, 1, 0.0, 0.0);

INSERT INTO events (event_id, title, heat, report_count, duplicate_count, time_start, time_end, event_time, risk_level, stage, confidence, prob_latent, prob_growth, prob_peak, prob_decline, analysis, positive, neutral, negative, sources, summary, location, cause, people, authenticity, propagation, created_at, updated_at) VALUES (9, '德尚称判罚争议太多', 6.802, 21, 6, '2026-07-07 11:15:50', '2026-07-15 18:26:39', '2026-07-14 12:00:00', 'mid', 'decline', 0.9, 0.0, 0.0, 0.1, 0.9, '当前事件报道数量持续下降，公众关注度减弱，处于衰退期。', 0.437, 0.32, 0.243, '["微博", "新浪新闻", "澎湃新闻", "知乎"]', '纽约市长公开吐槽埃及世界杯判罚争议 #纽约市长吐槽埃及被抢走胜利# 这届世界杯这场阿埃之战，堪称现象级判罚争议。从赛场球迷不满、埃及足协申诉，再到纽约市长在市政公开场合发声吐槽，足以说明体育判罚不止局限于球迷圈层，已经扩散到大众公共舆论。一边是 FIFA、专业 VAR 机构拿出规则条文，证明每一次回看改判都合规。', '埃及、西班牙、法国', '从赛场球迷不满、埃及足协申诉，再到纽约市长在市政公开场合发声吐槽，足以说明体育判罚不止局限于球迷圈层，已经扩散到大众公共舆论。', '["亚马尔", "哈兰德", "萨拉赫", "休斯顿", "曾几何时"]', '{"credibility_score": 0.518, "official_ratio": 0.429, "verified_ratio": 0.667, "plain_user_ratio": 0.333, "verification_dist": {"官方平台": 0.429, "普通用户": 0.333, "认证个人": 0.19, "认证机构": 0.048}, "factors": ["well_sourced"]}', '{"key_nodes": [{"role": "初始爆料", "author": "楼兰娱姐", "platform": "知乎", "verification_type": "普通用户", "publish_time": "2026-07-07T11:15:50", "influence": 7.5, "title": "世界杯葡萄牙队被淘汰！苏醒赛事发言遭群嘲，明星真性情有错吗？ - 知乎"}, {"role": "首次官方媒体介入", "author": "澎湃新闻", "platform": "澎湃新闻", "verification_type": "官方平台", "publish_time": "2026-07-07T21:19:00", "influence": 0.0, "title": "观察｜世界杯越精彩，越要守住理性_赢家_澎湃新闻-The Paper"}, {"role": "传播高峰", "author": "songery", "platform": "微博", "verification_type": "认证个人", "publish_time": "2026-07-14T14:39:45", "influence": 91.7, "title": "阿根廷这场胜利，背后的判罚争议根本藏不住。法国RMC点评本场比赛，直指判罚完全是"}, {"role": "首次大V发声", "author": "央视频", "platform": "微博", "verification_type": "认证机构", "publish_time": "2026-07-14T19:54:25", "influence": 1.3, "title": "【#白话有范足球是人与人的竞技#】真铜实料匠心守护！本届世界杯新规则、新科技引热"}], "top_influencers": [{"author": "songery", "platform": "微博", "verification_type": "认证个人", "publish_time": "2026-07-14T14:39:45", "influence": 91.7, "repost_count": 24, "like_count": 124, "comment_count": 61, "title": "阿根廷这场胜利，背后的判罚争议根本藏不住。法国RMC点评本场比赛，直指判罚完全是"}, {"author": "卜算子", "platform": "知乎", "verification_type": "认证个人", "publish_time": "2026-07-14T16:26:09", "influence": 80.7, "repost_count": 0, "like_count": 269, "comment_count": 0, "title": "如何看待 500万人请愿逐出阿根廷，而阿根廷主帅称 VAR 时代裁判不存在偏袒？"}, {"author": "卜算子", "platform": "知乎", "verification_type": "认证个人", "publish_time": "2026-07-14T16:26:09", "influence": 33.4, "repost_count": 0, "like_count": 93, "comment_count": 11, "title": "这个请愿已经贡献给我一天的快乐了。大家可以尝试一下F12。有网友调电脑时间，已经"}, {"author": "山巅晨阳", "platform": "知乎", "verification_type": "普通用户", "publish_time": "2026-07-08T14:22:14", "influence": 11.5, "repost_count": 0, "like_count": 20, "comment_count": 11, "title": "当\\"阿根廷脏\\"霸占热搜第一时，37万广西人的困境不该被淹 - 知乎"}, {"author": "玄武湖遛弯大爷", "platform": "知乎", "verification_type": "普通用户", "publish_time": "2026-07-14T17:00:21", "influence": 10.8, "repost_count": 0, "like_count": 36, "comment_count": 0, "title": "如何看待 500万人请愿逐出阿根廷，而阿根廷主帅称 VAR 时代裁判不存在偏袒？"}], "platform_chain": {"nodes": [{"name": "知乎", "count": 9, "first_seen": "2026-07-07T11:15:50"}, {"name": "澎湃新闻", "count": 1, "first_seen": "2026-07-07T21:19:00"}, {"name": "新浪新闻", "count": 8, "first_seen": "2026-07-09T16:22:12"}, {"name": "微博", "count": 3, "first_seen": "2026-07-14T14:39:45"}], "links": [{"source": "知乎", "target": "澎湃新闻", "value": 1}, {"source": "澎湃新闻", "target": "新浪新闻", "value": 8}, {"source": "新浪新闻", "target": "微博", "value": 3}]}}', '2026-07-15 22:17:29', '2026-07-15 22:17:29');
INSERT INTO event_keywords (event_id, word, weight, rank) VALUES (9, 'VAR', 1.0, 0);
INSERT INTO event_keywords (event_id, word, weight, rank) VALUES (9, '洪水', 0.589, 1);
INSERT INTO event_keywords (event_id, word, weight, rank) VALUES (9, '苏醒', 0.426, 2);
INSERT INTO event_keywords (event_id, word, weight, rank) VALUES (9, '梅西', 0.407, 3);
INSERT INTO event_keywords (event_id, word, weight, rank) VALUES (9, '规则', 0.379, 4);
INSERT INTO event_keywords (event_id, word, weight, rank) VALUES (9, '黑哨', 0.377, 5);
INSERT INTO event_keywords (event_id, word, weight, rank) VALUES (9, '舆论', 0.372, 6);
INSERT INTO event_keywords (event_id, word, weight, rank) VALUES (9, '广西', 0.36, 7);
INSERT INTO event_platforms (event_id, platform_name, ratio, rank) VALUES (9, '知乎', 0.429, 0);
INSERT INTO event_platforms (event_id, platform_name, ratio, rank) VALUES (9, '新浪新闻', 0.381, 1);
INSERT INTO event_platforms (event_id, platform_name, ratio, rank) VALUES (9, '微博', 0.143, 2);
INSERT INTO event_platforms (event_id, platform_name, ratio, rank) VALUES (9, '澎湃新闻', 0.048, 3);
INSERT INTO event_trend_daily (event_id, date, count, is_predicted) VALUES (9, '2026-07-07', 2, 0);
INSERT INTO event_trend_daily (event_id, date, count, is_predicted) VALUES (9, '2026-07-08', 2, 0);
INSERT INTO event_trend_daily (event_id, date, count, is_predicted) VALUES (9, '2026-07-09', 1, 0);
INSERT INTO event_trend_daily (event_id, date, count, is_predicted) VALUES (9, '2026-07-10', 2, 0);
INSERT INTO event_trend_daily (event_id, date, count, is_predicted) VALUES (9, '2026-07-11', 2, 0);
INSERT INTO event_trend_daily (event_id, date, count, is_predicted) VALUES (9, '2026-07-12', 1, 0);
INSERT INTO event_trend_daily (event_id, date, count, is_predicted) VALUES (9, '2026-07-13', 1, 0);
INSERT INTO event_trend_daily (event_id, date, count, is_predicted) VALUES (9, '2026-07-14', 8, 0);
INSERT INTO event_trend_daily (event_id, date, count, is_predicted) VALUES (9, '2026-07-15', 2, 0);
INSERT INTO event_trend_daily (event_id, date, count, is_predicted, predict_heat, predict_count) VALUES (9, '2026-07-16', 0, 1, 2.5, 2.5);
INSERT INTO event_trend_daily (event_id, date, count, is_predicted, predict_heat, predict_count) VALUES (9, '2026-07-17', 0, 1, 3.0, 3.0);
INSERT INTO event_trend_daily (event_id, date, count, is_predicted, predict_heat, predict_count) VALUES (9, '2026-07-18', 0, 1, 3.5, 3.5);

INSERT INTO events (event_id, title, heat, report_count, duplicate_count, time_start, time_end, event_time, risk_level, stage, confidence, prob_latent, prob_growth, prob_peak, prob_decline, analysis, positive, neutral, negative, sources, summary, location, cause, people, authenticity, propagation, created_at, updated_at) VALUES (10, '下一场我看好阿根廷， 🔻决赛看西阿大战', 6.02, 9, 0, '2026-07-14 19:47:59', '2026-07-15 18:20:39', '2026-07-14 12:00:00', 'mid', 'decline', 0.9, 0.0, 0.0, 0.1, 0.9, '当前事件报道数量持续下降，公众关注度减弱，处于衰退期。', 0.722, 0.222, 0.056, '["微博", "新浪新闻"]', '英阿半决赛宿命对决，阿根廷穿深蓝球衣致敬马拉多纳 足坛经典宿命对决英阿大战。阿根廷选择深蓝客场球衣寄托“胜利定律”，致敬马拉多纳传奇时刻。“上帝之手”、欧文奔袭、小贝红牌等传世名场面，两队太多历史恩怨。', '英阿、英格兰、美国', '下一场我看好阿根廷， 🔻决赛看西阿大战 🔻下一场我看好阿根廷。', '["马拉多纳", "斯科尔斯"]', '{"credibility_score": 0.656, "official_ratio": 0.222, "verified_ratio": 0.889, "plain_user_ratio": 0.111, "verification_dist": {"认证机构": 0.444, "官方平台": 0.222, "头部认证个人": 0.111, "普通用户": 0.111, "认证个人": 0.111}, "factors": ["well_sourced"]}', '{"key_nodes": [{"role": "首次大V发声", "author": "大皖新闻", "platform": "微博", "verification_type": "认证机构", "publish_time": "2026-07-14T19:47:59", "influence": 103.4, "title": "【安徽时评 | #世界前四齐聚FIFA阳谋得逞#：史上前所未见的半决赛如愿诞生，"}, {"role": "初始爆料", "author": "嘴吹", "platform": "微博", "verification_type": "普通用户", "publish_time": "2026-07-14T20:29:22", "influence": 0.0, "title": "六大名宿预测英阿大战 结果出奇一致 斯科尔斯最疯狂 比分场面太刺激 跨越半个多世"}, {"role": "首次官方媒体介入", "author": "淼淼de茶话室", "platform": "新浪新闻", "verification_type": "官方平台", "publish_time": "2026-07-15T05:12:19", "influence": 0.0, "title": "下一场我看好阿根廷， 🔻决赛看西阿大战"}], "top_influencers": [{"author": "大皖新闻", "platform": "微博", "verification_type": "认证机构", "publish_time": "2026-07-14T19:47:59", "influence": 103.4, "repost_count": 48, "like_count": 158, "comment_count": 16, "title": "【安徽时评 | #世界前四齐聚FIFA阳谋得逞#：史上前所未见的半决赛如愿诞生，"}, {"author": "金刀王", "platform": "微博", "verification_type": "头部认证个人", "publish_time": "2026-07-14T19:52:38", "influence": 81.4, "repost_count": 43, "like_count": 83, "comment_count": 27, "title": "世界杯半决赛裁判名单一出，朋友圈直接炸锅。🤯#非正经观战世界杯##大v观赛团# "}, {"author": "糖诗時", "platform": "微博", "verification_type": "认证个人", "publish_time": "2026-07-14T20:41:29", "influence": 4.2, "repost_count": 0, "like_count": 14, "comment_count": 0, "title": "#英阿大战被FBI列为最高风险# | #世界杯# 英格兰阿根廷这场半决赛已被FB"}], "platform_chain": {"nodes": [{"name": "微博", "count": 7, "first_seen": "2026-07-14T19:47:59"}, {"name": "新浪新闻", "count": 2, "first_seen": "2026-07-15T05:12:19"}], "links": [{"source": "微博", "target": "新浪新闻", "value": 2}]}}', '2026-07-15 22:17:29', '2026-07-15 22:17:29');
INSERT INTO event_keywords (event_id, word, weight, rank) VALUES (10, '裁判', 1.0, 0);
INSERT INTO event_keywords (event_id, word, weight, rank) VALUES (10, '邮报', 0.636, 1);
INSERT INTO event_keywords (event_id, word, weight, rank) VALUES (10, 'FBI', 0.636, 2);
INSERT INTO event_keywords (event_id, word, weight, rank) VALUES (10, '最高', 0.636, 3);
INSERT INTO event_keywords (event_id, word, weight, rank) VALUES (10, '风险', 0.553, 4);
INSERT INTO event_keywords (event_id, word, weight, rank) VALUES (10, '宿命', 0.474, 5);
INSERT INTO event_keywords (event_id, word, weight, rank) VALUES (10, '阿根廷', 0.404, 6);
INSERT INTO event_keywords (event_id, word, weight, rank) VALUES (10, '安保', 0.395, 7);
INSERT INTO event_platforms (event_id, platform_name, ratio, rank) VALUES (10, '微博', 0.778, 0);
INSERT INTO event_platforms (event_id, platform_name, ratio, rank) VALUES (10, '新浪新闻', 0.222, 1);
INSERT INTO event_trend_daily (event_id, date, count, is_predicted) VALUES (10, '2026-07-14', 7, 0);
INSERT INTO event_trend_daily (event_id, date, count, is_predicted) VALUES (10, '2026-07-15', 2, 0);
INSERT INTO event_trend_daily (event_id, date, count, is_predicted, predict_heat, predict_count) VALUES (10, '2026-07-16', 0, 1, 0.0, 0.0);
INSERT INTO event_trend_daily (event_id, date, count, is_predicted, predict_heat, predict_count) VALUES (10, '2026-07-17', 0, 1, 0.0, 0.0);
INSERT INTO event_trend_daily (event_id, date, count, is_predicted, predict_heat, predict_count) VALUES (10, '2026-07-18', 0, 1, 0.0, 0.0);

INSERT INTO events (event_id, title, heat, report_count, duplicate_count, time_start, time_end, event_time, risk_level, stage, confidence, prob_latent, prob_growth, prob_peak, prob_decline, analysis, positive, neutral, negative, sources, summary, location, cause, people, authenticity, propagation, created_at, updated_at) VALUES (11, '谷爱凌首次看世界杯直呼太刺激', 5.77, 7, 0, '2026-07-14 20:53:00', '2026-07-15 18:11:15', '2026-07-15 12:00:00', 'mid', 'decline', 0.9, 0.0, 0.0, 0.1, 0.9, '当前事件报道数量持续下降，公众关注度减弱，处于衰退期。', 0.587, 0.228, 0.185, '["微博", "新浪新闻", "知乎"]', '据荔枝新闻， 网易7月14日发布公告称：“如果法国队和阿根廷队都赢下半决赛、在决赛碰面，7月20日网易公司全体同事将放假半天。决赛将于7月20日凌晨3点开踢，放假意味着，看完球不用爬起来上班，可以踏踏实实看到终场哨响。为什么是这两支球队。', '法国、西班牙、佛得角', '据荔枝新闻， 网易7月14日发布公告称：“如果法国队和阿根廷队都赢下半决赛、在决赛碰面，7月20日网易公司全体同事将放假半天。', '["姆巴"]', '{"credibility_score": 0.671, "official_ratio": 0.571, "verified_ratio": 0.857, "plain_user_ratio": 0.143, "verification_dist": {"官方平台": 0.571, "认证个人": 0.286, "普通用户": 0.143}, "factors": ["well_sourced"]}', '{"key_nodes": [{"role": "首次官方媒体介入", "author": "荔枝新闻", "platform": "新浪新闻", "verification_type": "官方平台", "publish_time": "2026-07-14T20:53:00.000001", "influence": 0.0, "title": "网易：若法国、阿根廷会师决赛，全员放假半天"}, {"role": "初始爆料", "author": "波球战神", "platform": "知乎", "verification_type": "普通用户", "publish_time": "2026-07-14T23:44:28", "influence": 0.3, "title": "不算！法国 队是三叉戟；西班牙 队是霸王枪！法国 对巴拉圭 才是矛盾之争！"}, {"role": "传播高峰", "author": "91朱先生全球92帅", "platform": "微博", "verification_type": "认证个人", "publish_time": "2026-07-15T11:31:23", "influence": 18.7, "title": "全队梦游… 同样是面对西班牙，法国首发接近9亿身价，全队没有一人比41岁的C罗评"}], "top_influencers": [{"author": "91朱先生全球92帅", "platform": "微博", "verification_type": "认证个人", "publish_time": "2026-07-15T11:31:23", "influence": 18.7, "repost_count": 5, "like_count": 39, "comment_count": 4, "title": "全队梦游… 同样是面对西班牙，法国首发接近9亿身价，全队没有一人比41岁的C罗评"}, {"author": "波球战神", "platform": "知乎", "verification_type": "普通用户", "publish_time": "2026-07-14T23:44:28", "influence": 0.3, "repost_count": 0, "like_count": 1, "comment_count": 0, "title": "不算！法国 队是三叉戟；西班牙 队是霸王枪！法国 对巴拉圭 才是矛盾之争！"}], "platform_chain": {"nodes": [{"name": "新浪新闻", "count": 4, "first_seen": "2026-07-14T20:53:00.000001"}, {"name": "知乎", "count": 1, "first_seen": "2026-07-14T23:44:28"}, {"name": "微博", "count": 2, "first_seen": "2026-07-15T11:31:23"}], "links": [{"source": "新浪新闻", "target": "知乎", "value": 1}, {"source": "知乎", "target": "微博", "value": 2}]}}', '2026-07-15 22:17:29', '2026-07-15 22:17:29');
INSERT INTO event_keywords (event_id, word, weight, rank) VALUES (11, '世界杯', 1.0, 0);
INSERT INTO event_keywords (event_id, word, weight, rank) VALUES (11, '网易', 0.947, 1);
INSERT INTO event_keywords (event_id, word, weight, rank) VALUES (11, '法国', 0.794, 2);
INSERT INTO event_keywords (event_id, word, weight, rank) VALUES (11, 'vs', 0.786, 3);
INSERT INTO event_keywords (event_id, word, weight, rank) VALUES (11, '放假', 0.676, 4);
INSERT INTO event_keywords (event_id, word, weight, rank) VALUES (11, '传媒', 0.676, 5);
INSERT INTO event_keywords (event_id, word, weight, rank) VALUES (11, '西班牙', 0.578, 6);
INSERT INTO event_keywords (event_id, word, weight, rank) VALUES (11, '佛得角', 0.561, 7);
INSERT INTO event_platforms (event_id, platform_name, ratio, rank) VALUES (11, '新浪新闻', 0.571, 0);
INSERT INTO event_platforms (event_id, platform_name, ratio, rank) VALUES (11, '微博', 0.286, 1);
INSERT INTO event_platforms (event_id, platform_name, ratio, rank) VALUES (11, '知乎', 0.143, 2);
INSERT INTO event_trend_daily (event_id, date, count, is_predicted) VALUES (11, '2026-07-14', 2, 0);
INSERT INTO event_trend_daily (event_id, date, count, is_predicted) VALUES (11, '2026-07-15', 5, 0);
INSERT INTO event_trend_daily (event_id, date, count, is_predicted, predict_heat, predict_count) VALUES (11, '2026-07-16', 0, 1, 8.0, 8.0);
INSERT INTO event_trend_daily (event_id, date, count, is_predicted, predict_heat, predict_count) VALUES (11, '2026-07-17', 0, 1, 11.0, 11.0);
INSERT INTO event_trend_daily (event_id, date, count, is_predicted, predict_heat, predict_count) VALUES (11, '2026-07-18', 0, 1, 14.0, 14.0);

INSERT INTO events (event_id, title, heat, report_count, duplicate_count, time_start, time_end, event_time, risk_level, stage, confidence, prob_latent, prob_growth, prob_peak, prob_decline, analysis, positive, neutral, negative, sources, summary, location, cause, people, authenticity, propagation, created_at, updated_at) VALUES (12, '有点意思！国外小朋友还原阿根廷埃及一战裁判取消埃及进球', 5.634, 12, 0, '2026-07-12 17:01:22', '2026-07-15 18:50:11', '2026-07-12 12:00:00', 'mid', 'peak', 0.9, 0.0, 0.05, 0.9, 0.05, '当前事件报道量已接近峰值，关注度趋于稳定，处于高潮期。', 0.261, 0.284, 0.455, '["微博", "新浪新闻"]', '国外小朋友还原阿根廷埃及一战裁判取消埃及进球。', '埃及、法西、俄罗斯', '国外小朋友还原阿根廷埃及一战裁判取消埃及进球。', '["萨拉赫", "斯卡洛尼", "阿坎吉", "梅西", "哈桑"]', '{"credibility_score": 0.429, "official_ratio": 0.083, "verified_ratio": 0.917, "plain_user_ratio": 0.083, "verification_dist": {"认证个人": 0.5, "头部认证个人": 0.25, "普通用户": 0.083, "认证机构": 0.083, "官方平台": 0.083}, "factors": ["official_absent"]}', '{"key_nodes": [{"role": "首次大V发声", "author": "星艺零零七", "platform": "微博", "verification_type": "头部认证个人", "publish_time": "2026-07-12T17:01:22.000001", "influence": 3.8, "title": "斯卡洛尼格局拉满 轻看英阿宿怨只谈赛场竞技 沉稳通透安抚全队，这般从容气度实在令"}, {"role": "初始爆料", "author": "幸运和财富来来来", "platform": "微博", "verification_type": "普通用户", "publish_time": "2026-07-13T20:06:52", "influence": 0.0, "title": "埃及主帅最新采访：阿根廷手段卑劣爱用盘外招，故意挑衅激怒对手 @新浪新闻 htt"}, {"role": "首次官方媒体介入", "author": "虎扑足球", "platform": "新浪新闻", "verification_type": "官方平台", "publish_time": "2026-07-14T14:38:06", "influence": 0.0, "title": "有点意思！国外小朋友还原阿根廷埃及一战裁判取消埃及进球"}, {"role": "传播高峰", "author": "包容万物恒河水", "platform": "微博", "verification_type": "认证个人", "publish_time": "2026-07-14T17:29:41", "influence": 224.8, "title": "什么玩意儿？//@铁骨铮铮落魄山:你们俄罗斯伊朗埃及长辈给了啥 http://t"}], "top_influencers": [{"author": "包容万物恒河水", "platform": "微博", "verification_type": "认证个人", "publish_time": "2026-07-14T17:29:41", "influence": 224.8, "repost_count": 11, "like_count": 626, "comment_count": 52, "title": "什么玩意儿？//@铁骨铮铮落魄山:你们俄罗斯伊朗埃及长辈给了啥 http://t"}, {"author": "虎扑足球", "platform": "微博", "verification_type": "认证机构", "publish_time": "2026-07-14T14:38:06", "influence": 121.9, "repost_count": 25, "like_count": 238, "comment_count": 51, "title": "有点意思！国外小朋友还原阿根廷埃及一战裁判取消埃及进球 #虎扑说点杯##世界杯#"}, {"author": "米奇兔-柳十四", "platform": "微博", "verification_type": "认证个人", "publish_time": "2026-07-12T19:50:12", "influence": 38.1, "repost_count": 2, "like_count": 72, "comment_count": 29, "title": "发布了头条文章：《阿根廷11打11玩真假球王，11打10变两肋插刀》 #世界杯["}, {"author": "星艺零零七", "platform": "微博", "verification_type": "头部认证个人", "publish_time": "2026-07-12T17:01:22.000001", "influence": 3.8, "repost_count": 0, "like_count": 11, "comment_count": 1, "title": "斯卡洛尼格局拉满 轻看英阿宿怨只谈赛场竞技 沉稳通透安抚全队，这般从容气度实在令"}, {"author": "生猛金根", "platform": "微博", "verification_type": "认证个人", "publish_time": "2026-07-12T21:08:14", "influence": 1.4, "repost_count": 0, "like_count": 3, "comment_count": 1, "title": "一个你没看过的精彩片段 http://t.cn/AXKt91P6"}], "platform_chain": {"nodes": [{"name": "微博", "count": 11, "first_seen": "2026-07-12T17:01:22.000001"}, {"name": "新浪新闻", "count": 1, "first_seen": "2026-07-14T14:38:06"}], "links": [{"source": "微博", "target": "新浪新闻", "value": 1}]}}', '2026-07-15 22:17:29', '2026-07-15 22:17:29');
INSERT INTO event_keywords (event_id, word, weight, rank) VALUES (12, '埃及', 1.0, 0);
INSERT INTO event_keywords (event_id, word, weight, rank) VALUES (12, '主教练', 0.483, 1);
INSERT INTO event_keywords (event_id, word, weight, rank) VALUES (12, '和平', 0.483, 2);
INSERT INTO event_keywords (event_id, word, weight, rank) VALUES (12, '分钟', 0.483, 3);
INSERT INTO event_keywords (event_id, word, weight, rank) VALUES (12, '意思', 0.415, 4);
INSERT INTO event_keywords (event_id, word, weight, rank) VALUES (12, '国外', 0.415, 5);
INSERT INTO event_keywords (event_id, word, weight, rank) VALUES (12, '小朋友', 0.415, 6);
INSERT INTO event_keywords (event_id, word, weight, rank) VALUES (12, '还原', 0.415, 7);
INSERT INTO event_platforms (event_id, platform_name, ratio, rank) VALUES (12, '微博', 0.917, 0);
INSERT INTO event_platforms (event_id, platform_name, ratio, rank) VALUES (12, '新浪新闻', 0.083, 1);
INSERT INTO event_trend_daily (event_id, date, count, is_predicted) VALUES (12, '2026-07-12', 5, 0);
INSERT INTO event_trend_daily (event_id, date, count, is_predicted) VALUES (12, '2026-07-13', 1, 0);
INSERT INTO event_trend_daily (event_id, date, count, is_predicted) VALUES (12, '2026-07-14', 3, 0);
INSERT INTO event_trend_daily (event_id, date, count, is_predicted) VALUES (12, '2026-07-15', 3, 0);
INSERT INTO event_trend_daily (event_id, date, count, is_predicted, predict_heat, predict_count) VALUES (12, '2026-07-16', 0, 1, 4.0, 4.0);
INSERT INTO event_trend_daily (event_id, date, count, is_predicted, predict_heat, predict_count) VALUES (12, '2026-07-17', 0, 1, 5.0, 5.0);
INSERT INTO event_trend_daily (event_id, date, count, is_predicted, predict_heat, predict_count) VALUES (12, '2026-07-18', 0, 1, 6.0, 6.0);

-- guangxi_flood.json: 16/41 clusters (heat >= 5.0)
INSERT INTO events (event_id, title, heat, report_count, duplicate_count, time_start, time_end, event_time, risk_level, stage, confidence, prob_latent, prob_growth, prob_peak, prob_decline, analysis, positive, neutral, negative, sources, summary, location, cause, people, authenticity, propagation, created_at, updated_at) VALUES (13, '广西六蓝水库现状', 22.375, 143, 48, '2026-06-01 08:59:41', '2026-07-15 16:00:08', '2026-07-12 12:00:00', 'mid_high', 'decline', 0.9, 0.0, 0.0, 0.1, 0.9, '当前事件报道数量持续下降，公众关注度减弱，处于衰退期。', 0.359, 0.305, 0.336, '["人民网", "微博", "新浪新闻", "澎湃新闻", "知乎"]', '横州六蓝水库泄洪引关注，台风致广西洪水加剧 #横州六蓝水库泄洪#这次广西洪水为什么这么严重。水坝决堤的威力到底有多大。#台风 #广西洪水 #六蓝水库 #决堤 #都市天际线。', '广西、横州、台风', '广西贵港市港北区防汛抗旱指挥部7月6日发布《关于网传我区水库崩堤不实信息的情况通报》： 受持续台风暴雨影响，网络微信群、短视频平台流传“港北区达开水库、石牛水库发生崩堤、溃漏、洪水漫溢”等不实信息，引发群众恐慌。', '["郑朝渊", "王以照", "段朝达", "李国英", "张坊"]', '{"credibility_score": 0.56, "official_ratio": 0.455, "verified_ratio": 0.741, "plain_user_ratio": 0.259, "verification_dist": {"官方平台": 0.455, "普通用户": 0.259, "认证个人": 0.168, "认证机构": 0.063, "头部认证个人": 0.056}, "factors": ["well_sourced"]}', '{"key_nodes": [{"role": "首次官方媒体介入", "author": "人民网-图片频道", "platform": "人民网", "verification_type": "官方平台", "publish_time": "2026-06-01T08:59:41.000001", "influence": 0.0, "title": "湖南江华：水库风光美--图片频道--人民网"}, {"role": "首次大V发声", "author": "锋线视频", "platform": "微博", "verification_type": "认证机构", "publish_time": "2026-07-06T13:10:33", "influence": 3615.3, "title": "【广西横州市应急管理局回应六蓝水库“疑似发生坍塌”：不是坍塌，正紧急处理】7月6"}, {"role": "传播高峰", "author": "人民日报", "platform": "微博", "verification_type": "官方平台", "publish_time": "2026-07-06T16:04:39", "influence": 9389.9, "title": "【扩！#广西消防就六蓝水库险情发布提醒#】7月6日，@广西消防 就六蓝水库严重险"}, {"role": "初始爆料", "author": "波动科技", "platform": "知乎", "verification_type": "普通用户", "publish_time": "2026-07-07T10:54:14.999999", "influence": 0.3, "title": "广西六蓝水库溃坝之后：探地雷达如何为9.8万座大坝筑牢“看不见的防线”？ - 知"}], "top_influencers": [{"author": "人民日报", "platform": "微博", "verification_type": "官方平台", "publish_time": "2026-07-06T16:04:39", "influence": 9389.9, "repost_count": 1747, "like_count": 24263, "comment_count": 728, "title": "【扩！#广西消防就六蓝水库险情发布提醒#】7月6日，@广西消防 就六蓝水库严重险"}, {"author": "人民日报", "platform": "微博", "verification_type": "官方平台", "publish_time": "2026-07-06T19:43:47", "influence": 5111.2, "repost_count": 1251, "like_count": 11499, "comment_count": 821, "title": "#广西抗洪#【#无人机拍下六蓝水库险情#】#航拍六蓝水库险情# 图1：7月6日，"}, {"author": "锋线视频", "platform": "微博", "verification_type": "认证机构", "publish_time": "2026-07-06T13:10:33", "influence": 3615.3, "repost_count": 312, "like_count": 9721, "comment_count": 774, "title": "【广西横州市应急管理局回应六蓝水库“疑似发生坍塌”：不是坍塌，正紧急处理】7月6"}, {"author": "罗浩志疮栓", "platform": "微博", "verification_type": "认证个人", "publish_time": "2026-07-06T13:47:52", "influence": 2661.2, "repost_count": 2008, "like_count": 1939, "comment_count": 143, "title": "#六蓝水库发生严重险情# 看着好严重啊，希望都平安无事🙏🏻🙏🏻🙏🏻"}, {"author": "胡锡进", "platform": "微博", "verification_type": "认证个人", "publish_time": "2026-07-06T15:01:22", "influence": 2026.9, "repost_count": 182, "like_count": 5213, "comment_count": 562, "title": "中国很少哪一年不闹水灾，现在最告急的是广西，而现在只是7月初。看了广西洪水的视频"}], "platform_chain": {"nodes": [{"name": "人民网", "count": 14, "first_seen": "2026-06-01T08:59:41.000001"}, {"name": "澎湃新闻", "count": 8, "first_seen": "2026-07-06T00:00:00"}, {"name": "微博", "count": 48, "first_seen": "2026-07-06T13:10:33"}, {"name": "知乎", "count": 33, "first_seen": "2026-07-07T10:33:42"}, {"name": "新浪新闻", "count": 32, "first_seen": "2026-07-09T17:29:01"}], "links": [{"source": "人民网", "target": "澎湃新闻", "value": 8}, {"source": "澎湃新闻", "target": "微博", "value": 48}, {"source": "微博", "target": "知乎", "value": 33}, {"source": "知乎", "target": "新浪新闻", "value": 32}]}}', '2026-07-15 22:17:29', '2026-07-15 22:17:29');
INSERT INTO event_keywords (event_id, word, weight, rank) VALUES (13, '水库', 1.0, 0);
INSERT INTO event_keywords (event_id, word, weight, rank) VALUES (13, '工程', 0.277, 1);
INSERT INTO event_keywords (event_id, word, weight, rank) VALUES (13, '洪水', 0.233, 2);
INSERT INTO event_keywords (event_id, word, weight, rank) VALUES (13, '建设', 0.23, 3);
INSERT INTO event_keywords (event_id, word, weight, rank) VALUES (13, '雷达', 0.221, 4);
INSERT INTO event_keywords (event_id, word, weight, rank) VALUES (13, '维护', 0.211, 5);
INSERT INTO event_keywords (event_id, word, weight, rank) VALUES (13, '泄洪', 0.205, 6);
INSERT INTO event_keywords (event_id, word, weight, rank) VALUES (13, '探地', 0.204, 7);
INSERT INTO event_platforms (event_id, platform_name, ratio, rank) VALUES (13, '微博', 0.336, 0);
INSERT INTO event_platforms (event_id, platform_name, ratio, rank) VALUES (13, '知乎', 0.231, 1);
INSERT INTO event_platforms (event_id, platform_name, ratio, rank) VALUES (13, '新浪新闻', 0.224, 2);
INSERT INTO event_platforms (event_id, platform_name, ratio, rank) VALUES (13, '人民网', 0.154, 3);
INSERT INTO event_platforms (event_id, platform_name, ratio, rank) VALUES (13, '澎湃新闻', 0.056, 4);
INSERT INTO event_trend_daily (event_id, date, count, is_predicted) VALUES (13, '2026-06-01', 1, 0);
INSERT INTO event_trend_daily (event_id, date, count, is_predicted) VALUES (13, '2026-06-02', 0, 0);
INSERT INTO event_trend_daily (event_id, date, count, is_predicted) VALUES (13, '2026-06-03', 1, 0);
INSERT INTO event_trend_daily (event_id, date, count, is_predicted) VALUES (13, '2026-06-04', 1, 0);
INSERT INTO event_trend_daily (event_id, date, count, is_predicted) VALUES (13, '2026-06-05', 0, 0);
INSERT INTO event_trend_daily (event_id, date, count, is_predicted) VALUES (13, '2026-06-06', 0, 0);
INSERT INTO event_trend_daily (event_id, date, count, is_predicted) VALUES (13, '2026-06-07', 0, 0);
INSERT INTO event_trend_daily (event_id, date, count, is_predicted) VALUES (13, '2026-06-08', 0, 0);
INSERT INTO event_trend_daily (event_id, date, count, is_predicted) VALUES (13, '2026-06-09', 1, 0);
INSERT INTO event_trend_daily (event_id, date, count, is_predicted) VALUES (13, '2026-06-10', 0, 0);
INSERT INTO event_trend_daily (event_id, date, count, is_predicted) VALUES (13, '2026-06-11', 0, 0);
INSERT INTO event_trend_daily (event_id, date, count, is_predicted) VALUES (13, '2026-06-12', 1, 0);
INSERT INTO event_trend_daily (event_id, date, count, is_predicted) VALUES (13, '2026-06-13', 0, 0);
INSERT INTO event_trend_daily (event_id, date, count, is_predicted) VALUES (13, '2026-06-14', 0, 0);
INSERT INTO event_trend_daily (event_id, date, count, is_predicted) VALUES (13, '2026-06-15', 0, 0);
INSERT INTO event_trend_daily (event_id, date, count, is_predicted) VALUES (13, '2026-06-16', 0, 0);
INSERT INTO event_trend_daily (event_id, date, count, is_predicted) VALUES (13, '2026-06-17', 0, 0);
INSERT INTO event_trend_daily (event_id, date, count, is_predicted) VALUES (13, '2026-06-18', 0, 0);
INSERT INTO event_trend_daily (event_id, date, count, is_predicted) VALUES (13, '2026-06-19', 1, 0);
INSERT INTO event_trend_daily (event_id, date, count, is_predicted) VALUES (13, '2026-06-20', 0, 0);
INSERT INTO event_trend_daily (event_id, date, count, is_predicted) VALUES (13, '2026-06-21', 0, 0);
INSERT INTO event_trend_daily (event_id, date, count, is_predicted) VALUES (13, '2026-06-22', 1, 0);
INSERT INTO event_trend_daily (event_id, date, count, is_predicted) VALUES (13, '2026-06-23', 0, 0);
INSERT INTO event_trend_daily (event_id, date, count, is_predicted) VALUES (13, '2026-06-24', 0, 0);
INSERT INTO event_trend_daily (event_id, date, count, is_predicted) VALUES (13, '2026-06-25', 0, 0);
INSERT INTO event_trend_daily (event_id, date, count, is_predicted) VALUES (13, '2026-06-26', 0, 0);
INSERT INTO event_trend_daily (event_id, date, count, is_predicted) VALUES (13, '2026-06-27', 0, 0);
INSERT INTO event_trend_daily (event_id, date, count, is_predicted) VALUES (13, '2026-06-28', 0, 0);
INSERT INTO event_trend_daily (event_id, date, count, is_predicted) VALUES (13, '2026-06-29', 0, 0);
INSERT INTO event_trend_daily (event_id, date, count, is_predicted) VALUES (13, '2026-06-30', 0, 0);
INSERT INTO event_trend_daily (event_id, date, count, is_predicted) VALUES (13, '2026-07-01', 0, 0);
INSERT INTO event_trend_daily (event_id, date, count, is_predicted) VALUES (13, '2026-07-02', 0, 0);
INSERT INTO event_trend_daily (event_id, date, count, is_predicted) VALUES (13, '2026-07-03', 0, 0);
INSERT INTO event_trend_daily (event_id, date, count, is_predicted) VALUES (13, '2026-07-04', 0, 0);
INSERT INTO event_trend_daily (event_id, date, count, is_predicted) VALUES (13, '2026-07-05', 0, 0);
INSERT INTO event_trend_daily (event_id, date, count, is_predicted) VALUES (13, '2026-07-06', 12, 0);
INSERT INTO event_trend_daily (event_id, date, count, is_predicted) VALUES (13, '2026-07-07', 11, 0);
INSERT INTO event_trend_daily (event_id, date, count, is_predicted) VALUES (13, '2026-07-08', 10, 0);
INSERT INTO event_trend_daily (event_id, date, count, is_predicted) VALUES (13, '2026-07-09', 12, 0);
INSERT INTO event_trend_daily (event_id, date, count, is_predicted) VALUES (13, '2026-07-10', 13, 0);
INSERT INTO event_trend_daily (event_id, date, count, is_predicted) VALUES (13, '2026-07-11', 7, 0);
INSERT INTO event_trend_daily (event_id, date, count, is_predicted) VALUES (13, '2026-07-12', 36, 0);
INSERT INTO event_trend_daily (event_id, date, count, is_predicted) VALUES (13, '2026-07-13', 9, 0);
INSERT INTO event_trend_daily (event_id, date, count, is_predicted) VALUES (13, '2026-07-14', 6, 0);
INSERT INTO event_trend_daily (event_id, date, count, is_predicted) VALUES (13, '2026-07-15', 12, 0);
INSERT INTO event_trend_daily (event_id, date, count, is_predicted, predict_heat, predict_count) VALUES (13, '2026-07-16', 0, 1, 13.5, 13.5);
INSERT INTO event_trend_daily (event_id, date, count, is_predicted, predict_heat, predict_count) VALUES (13, '2026-07-17', 0, 1, 15.0, 15.0);
INSERT INTO event_trend_daily (event_id, date, count, is_predicted, predict_heat, predict_count) VALUES (13, '2026-07-18', 0, 1, 16.5, 16.5);

INSERT INTO events (event_id, title, heat, report_count, duplicate_count, time_start, time_end, event_time, risk_level, stage, confidence, prob_latent, prob_growth, prob_peak, prob_decline, analysis, positive, neutral, negative, sources, summary, location, cause, people, authenticity, propagation, created_at, updated_at) VALUES (14, '警惕！暴雨预警期间别踩法律红线', 18.233, 103, 151, '2026-06-04 16:50:38', '2026-07-15 18:03:38', '2026-07-14 12:00:00', 'mid_high', 'decline', 0.9, 0.0, 0.0, 0.1, 0.9, '当前事件报道数量持续下降，公众关注度减弱，处于衰退期。', 0.49, 0.322, 0.187, '["人民网", "微博", "新浪新闻", "澎湃新闻", "知乎"]', '中央气象台7月15日10时继续发布暴雨黄色预警： 预计，7月15日14时至16日14时，青海东部和南部、甘肃南部、宁夏南部、四川盆地西部、河南东北部、 山东中南部 、 江苏北部、安徽北部、广东西部和南部沿海、广西大部、贵州南部、云南东部等地部分地区 有大到暴雨 ， 其中， 山东中南部、江苏北部、广西中南部、广东西南部沿海等地部分地区有大暴雨（100～240毫米）。上述部分地区伴有短时强降水（最大小时降雨量20～50毫米，局地可超过90毫米），局地有雷暴大风或冰雹等强对流天气。防御指南： 1、政府及相关部门按照职责做好防暴雨工作。', '广西、台风、贵港', '重庆永川、湖南石门、广东江门遭遇特大暴雨。', '["黄淮", "高峰", "武鸣", "周映", "杨驰"]', '{"credibility_score": 0.746, "official_ratio": 0.835, "verified_ratio": 0.942, "plain_user_ratio": 0.058, "verification_dist": {"官方平台": 0.835, "认证机构": 0.078, "普通用户": 0.058, "认证个人": 0.029}, "factors": ["high_duplicate_rate", "well_sourced"]}', '{"key_nodes": [{"role": "首次官方媒体介入", "author": "人民网－广西频道", "platform": "人民网", "verification_type": "官方平台", "publish_time": "2026-06-04T16:50:38", "influence": 0.0, "title": "贵港供电局全力筑牢高考保电安全防线"}, {"role": "初始爆料", "author": "胡飞飞", "platform": "知乎", "verification_type": "普通用户", "publish_time": "2026-07-06T15:43:34", "influence": 0.3, "title": "广西郁江发生2026年第1号洪水，贵港水文站水位超警戒1.80米 - 知乎"}, {"role": "传播高峰", "author": "央视新闻", "platform": "微博", "verification_type": "官方平台", "publish_time": "2026-07-06T18:33:26", "influence": 7821.7, "title": "#广西洪水##安排1亿元支持广西灾后恢复#【 #广西2地洪水防御应急响应升为一级"}, {"role": "首次大V发声", "author": "大皖新闻", "platform": "微博", "verification_type": "认证机构", "publish_time": "2026-07-14T06:43:51", "influence": 130.8, "title": "【中央气象台发布暴雨橙色预警 辽宁、广西等地部分地区有大暴雨】14日6时，中央气"}], "top_influencers": [{"author": "央视新闻", "platform": "微博", "verification_type": "官方平台", "publish_time": "2026-07-06T18:33:26", "influence": 7821.7, "repost_count": 2874, "like_count": 13934, "comment_count": 1535, "title": "#广西洪水##安排1亿元支持广西灾后恢复#【 #广西2地洪水防御应急响应升为一级"}, {"author": "滚滚红雷", "platform": "微博", "verification_type": "认证个人", "publish_time": "2026-07-06T19:52:09", "influence": 2832.0, "repost_count": 903, "like_count": 6130, "comment_count": 180, "title": "看完广西洪水相关视频内心沉重，多地江河超警、家园被淹，亿万网友心系灾区，向逆行救"}, {"author": "贴小君", "platform": "微博", "verification_type": "认证个人", "publish_time": "2026-07-06T17:44:53", "influence": 2405.3, "repost_count": 836, "like_count": 4771, "comment_count": 276, "title": "今天的广西[祈祷][祈祷][祈祷] 今年第10号台风“美莎克”7月3日在海南陵水"}, {"author": "大皖新闻", "platform": "微博", "verification_type": "认证机构", "publish_time": "2026-07-14T06:43:51", "influence": 130.8, "repost_count": 58, "like_count": 186, "comment_count": 34, "title": "【中央气象台发布暴雨橙色预警 辽宁、广西等地部分地区有大暴雨】14日6时，中央气"}, {"author": "祥昊", "platform": "知乎", "verification_type": "普通用户", "publish_time": "2026-07-10T11:04:24", "influence": 53.4, "repost_count": 0, "like_count": 168, "comment_count": 6, "title": "先说坏消息。沙糖桔作为宽皮柑橘，确实非常怕涝。由于它的根系以好气性须根为主，呼吸"}], "platform_chain": {"nodes": [{"name": "人民网", "count": 25, "first_seen": "2026-06-04T16:50:38"}, {"name": "澎湃新闻", "count": 7, "first_seen": "2026-06-24T00:00:00"}, {"name": "知乎", "count": 4, "first_seen": "2026-07-06T15:43:34"}, {"name": "微博", "count": 14, "first_seen": "2026-07-06T17:44:53"}, {"name": "新浪新闻", "count": 17, "first_seen": "2026-07-13T08:27:03.000001"}], "links": [{"source": "人民网", "target": "澎湃新闻", "value": 7}, {"source": "澎湃新闻", "target": "知乎", "value": 4}, {"source": "知乎", "target": "微博", "value": 14}, {"source": "微博", "target": "新浪新闻", "value": 17}]}}', '2026-07-15 22:17:29', '2026-07-15 22:17:29');
INSERT INTO event_keywords (event_id, word, weight, rank) VALUES (14, '洪水', 1.0, 0);
INSERT INTO event_keywords (event_id, word, weight, rank) VALUES (14, '南部', 0.698, 1);
INSERT INTO event_keywords (event_id, word, weight, rank) VALUES (14, '东部', 0.651, 2);
INSERT INTO event_keywords (event_id, word, weight, rank) VALUES (14, '红十字', 0.642, 3);
INSERT INTO event_keywords (event_id, word, weight, rank) VALUES (14, '救援队', 0.585, 4);
INSERT INTO event_keywords (event_id, word, weight, rank) VALUES (14, '超警', 0.575, 5);
INSERT INTO event_keywords (event_id, word, weight, rank) VALUES (14, '供电', 0.536, 6);
INSERT INTO event_keywords (event_id, word, weight, rank) VALUES (14, '暴雨', 0.518, 7);
INSERT INTO event_platforms (event_id, platform_name, ratio, rank) VALUES (14, '人民网', 0.505, 0);
INSERT INTO event_platforms (event_id, platform_name, ratio, rank) VALUES (14, '新浪新闻', 0.165, 1);
INSERT INTO event_platforms (event_id, platform_name, ratio, rank) VALUES (14, '澎湃新闻', 0.155, 2);
INSERT INTO event_platforms (event_id, platform_name, ratio, rank) VALUES (14, '微博', 0.136, 3);
INSERT INTO event_platforms (event_id, platform_name, ratio, rank) VALUES (14, '知乎', 0.039, 4);
INSERT INTO event_trend_daily (event_id, date, count, is_predicted) VALUES (14, '2026-06-04', 1, 0);
INSERT INTO event_trend_daily (event_id, date, count, is_predicted) VALUES (14, '2026-06-05', 0, 0);
INSERT INTO event_trend_daily (event_id, date, count, is_predicted) VALUES (14, '2026-06-06', 0, 0);
INSERT INTO event_trend_daily (event_id, date, count, is_predicted) VALUES (14, '2026-06-07', 0, 0);
INSERT INTO event_trend_daily (event_id, date, count, is_predicted) VALUES (14, '2026-06-08', 1, 0);
INSERT INTO event_trend_daily (event_id, date, count, is_predicted) VALUES (14, '2026-06-09', 1, 0);
INSERT INTO event_trend_daily (event_id, date, count, is_predicted) VALUES (14, '2026-06-10', 0, 0);
INSERT INTO event_trend_daily (event_id, date, count, is_predicted) VALUES (14, '2026-06-11', 0, 0);
INSERT INTO event_trend_daily (event_id, date, count, is_predicted) VALUES (14, '2026-06-12', 0, 0);
INSERT INTO event_trend_daily (event_id, date, count, is_predicted) VALUES (14, '2026-06-13', 0, 0);
INSERT INTO event_trend_daily (event_id, date, count, is_predicted) VALUES (14, '2026-06-14', 0, 0);
INSERT INTO event_trend_daily (event_id, date, count, is_predicted) VALUES (14, '2026-06-15', 1, 0);
INSERT INTO event_trend_daily (event_id, date, count, is_predicted) VALUES (14, '2026-06-16', 1, 0);
INSERT INTO event_trend_daily (event_id, date, count, is_predicted) VALUES (14, '2026-06-17', 1, 0);
INSERT INTO event_trend_daily (event_id, date, count, is_predicted) VALUES (14, '2026-06-18', 0, 0);
INSERT INTO event_trend_daily (event_id, date, count, is_predicted) VALUES (14, '2026-06-19', 0, 0);
INSERT INTO event_trend_daily (event_id, date, count, is_predicted) VALUES (14, '2026-06-20', 2, 0);
INSERT INTO event_trend_daily (event_id, date, count, is_predicted) VALUES (14, '2026-06-21', 2, 0);
INSERT INTO event_trend_daily (event_id, date, count, is_predicted) VALUES (14, '2026-06-22', 2, 0);
INSERT INTO event_trend_daily (event_id, date, count, is_predicted) VALUES (14, '2026-06-23', 0, 0);
INSERT INTO event_trend_daily (event_id, date, count, is_predicted) VALUES (14, '2026-06-24', 1, 0);
INSERT INTO event_trend_daily (event_id, date, count, is_predicted) VALUES (14, '2026-06-25', 0, 0);
INSERT INTO event_trend_daily (event_id, date, count, is_predicted) VALUES (14, '2026-06-26', 0, 0);
INSERT INTO event_trend_daily (event_id, date, count, is_predicted) VALUES (14, '2026-06-27', 0, 0);
INSERT INTO event_trend_daily (event_id, date, count, is_predicted) VALUES (14, '2026-06-28', 0, 0);
INSERT INTO event_trend_daily (event_id, date, count, is_predicted) VALUES (14, '2026-06-29', 0, 0);
INSERT INTO event_trend_daily (event_id, date, count, is_predicted) VALUES (14, '2026-06-30', 0, 0);
INSERT INTO event_trend_daily (event_id, date, count, is_predicted) VALUES (14, '2026-07-01', 0, 0);
INSERT INTO event_trend_daily (event_id, date, count, is_predicted) VALUES (14, '2026-07-02', 0, 0);
INSERT INTO event_trend_daily (event_id, date, count, is_predicted) VALUES (14, '2026-07-03', 0, 0);
INSERT INTO event_trend_daily (event_id, date, count, is_predicted) VALUES (14, '2026-07-04', 1, 0);
INSERT INTO event_trend_daily (event_id, date, count, is_predicted) VALUES (14, '2026-07-05', 2, 0);
INSERT INTO event_trend_daily (event_id, date, count, is_predicted) VALUES (14, '2026-07-06', 8, 0);
INSERT INTO event_trend_daily (event_id, date, count, is_predicted) VALUES (14, '2026-07-07', 3, 0);
INSERT INTO event_trend_daily (event_id, date, count, is_predicted) VALUES (14, '2026-07-08', 1, 0);
INSERT INTO event_trend_daily (event_id, date, count, is_predicted) VALUES (14, '2026-07-09', 1, 0);
INSERT INTO event_trend_daily (event_id, date, count, is_predicted) VALUES (14, '2026-07-10', 3, 0);
INSERT INTO event_trend_daily (event_id, date, count, is_predicted) VALUES (14, '2026-07-11', 3, 0);
INSERT INTO event_trend_daily (event_id, date, count, is_predicted) VALUES (14, '2026-07-12', 3, 0);
INSERT INTO event_trend_daily (event_id, date, count, is_predicted) VALUES (14, '2026-07-13', 5, 0);
INSERT INTO event_trend_daily (event_id, date, count, is_predicted) VALUES (14, '2026-07-14', 17, 0);
INSERT INTO event_trend_daily (event_id, date, count, is_predicted) VALUES (14, '2026-07-15', 7, 0);
INSERT INTO event_trend_daily (event_id, date, count, is_predicted, predict_heat, predict_count) VALUES (14, '2026-07-16', 0, 1, 8.0, 8.0);
INSERT INTO event_trend_daily (event_id, date, count, is_predicted, predict_heat, predict_count) VALUES (14, '2026-07-17', 0, 1, 9.0, 9.0);
INSERT INTO event_trend_daily (event_id, date, count, is_predicted, predict_heat, predict_count) VALUES (14, '2026-07-18', 0, 1, 10.0, 10.0);

INSERT INTO events (event_id, title, heat, report_count, duplicate_count, time_start, time_end, event_time, risk_level, stage, confidence, prob_latent, prob_growth, prob_peak, prob_decline, analysis, positive, neutral, negative, sources, summary, location, cause, people, authenticity, propagation, created_at, updated_at) VALUES (15, '多地摩友自发驰援广西将物资送入村', 16.353, 72, 23, '2026-06-20 09:26:26', '2026-07-15 18:02:00', '2026-07-14 12:00:00', 'mid_high', 'decline', 0.9, 0.0, 0.0, 0.1, 0.9, '当前事件报道数量持续下降，公众关注度减弱，处于衰退期。', 0.692, 0.288, 0.019, '["人民网", "微博", "新浪新闻", "澎湃新闻", "知乎"]', '近日，受2026年第10号台风“美莎克”持续影响，广西多地遭遇强降雨天气，部分地区引发严重洪涝灾害，防汛救灾及灾后恢复形势严峻。灾情牵动全国人心，社会各界企业迅速响应，连锁餐饮、农牧养殖、食品饮料、互联网平台、汽车制造、纺织服饰、潮玩文创等多领域品牌第一时间启动应急救援机制，通过捐款及调拨应急物资等多种方式，紧急驰援广西受灾一线，全力保障群众生活安置、一线抢险救援，精准助力灾区防汛救灾与特色产业复产，以担当汇聚起救灾的力量。以下是澎湃新闻CSR周刊对相关情况进行的汇总梳理： 连锁餐饮 ·蜜雪冰城向广西受灾地区捐赠1000万元，支援防汛救灾和产业恢复 ·喜茶再次捐赠200万元驰援广西防汛救灾 ·茉莉奶白捐赠100万元现金驰援广西洪灾救援 ·瑞幸咖啡紧急驰援抗洪救灾 ·驰援广西横州。', '广西、贵港、横州', '7月9日，记者在广西横州市马岭镇健康产业园物资接收点了解到，截至当天上午5时，该产业园已累计接收各类捐赠物资约43万件。', '["张雪", "刘宇宁", "魏大勋", "陆川", "龙卷风"]', '{"credibility_score": 0.761, "official_ratio": 0.611, "verified_ratio": 0.944, "plain_user_ratio": 0.056, "verification_dist": {"官方平台": 0.611, "认证机构": 0.194, "头部认证个人": 0.083, "认证个人": 0.056, "普通用户": 0.056}, "factors": ["well_sourced"]}', '{"key_nodes": [{"role": "首次官方媒体介入", "author": "青海日报", "platform": "人民网", "verification_type": "官方平台", "publish_time": "2026-06-20T09:26:26", "influence": 0.0, "title": "海东76吨果蔬运往地震灾区"}, {"role": "首次大V发声", "author": "荔枝新闻", "platform": "微博", "verification_type": "认证机构", "publish_time": "2026-07-07T13:20:55", "influence": 10083.4, "title": "【#周深捐赠物资驰援广西灾区##周深多次在灾情中极速响应#】受台风影响，广西多地"}, {"role": "初始爆料", "author": "邕江游仔", "platform": "知乎", "verification_type": "普通用户", "publish_time": "2026-07-09T23:14:14.000001", "influence": 7.0, "title": "广西水灾，横州水灾，捐款捐赠名单（全网最全版） - 知乎"}], "top_influencers": [{"author": "荔枝新闻", "platform": "微博", "verification_type": "认证机构", "publish_time": "2026-07-07T13:20:55", "influence": 10083.4, "repost_count": 3173, "like_count": 20513, "comment_count": 1513, "title": "【#周深捐赠物资驰援广西灾区##周深多次在灾情中极速响应#】受台风影响，广西多地"}, {"author": "纵览新闻", "platform": "微博", "verification_type": "认证机构", "publish_time": "2026-07-07T17:16:57", "influence": 4287.2, "repost_count": 1640, "like_count": 8119, "comment_count": 423, "title": "【#郝熠然向广西捐赠物资#】#郝熠然驰援广西灾区#近日，广西南宁、贵港等地因台风"}, {"author": "白鹿视频", "platform": "微博", "verification_type": "认证机构", "publish_time": "2026-07-07T16:26:17", "influence": 3735.2, "repost_count": 783, "like_count": 8994, "comment_count": 508, "title": "【#易烊千玺驰援广西灾区#】7月7日，@中国乡村发展基金会 发文：近日，受第10"}, {"author": "中华思源工程基金会", "platform": "微博", "verification_type": "认证机构", "publish_time": "2026-07-08T01:57:54", "influence": 3145.3, "repost_count": 833, "like_count": 6291, "comment_count": 850, "title": "【风雨同舟 共援广西】@单依纯 携手#中华思源工程基金会#驰援广西洪灾！ 受台风"}, {"author": "碎叫", "platform": "微博", "verification_type": "头部认证个人", "publish_time": "2026-07-09T07:08:31", "influence": 2238.7, "repost_count": 638, "like_count": 4864, "comment_count": 283, "title": "辟谣，广西灾区不管是什么救援队救人收费直接报警抓人。 蓝天救援队救援不收费，更不"}], "platform_chain": {"nodes": [{"name": "人民网", "count": 16, "first_seen": "2026-06-20T09:26:26"}, {"name": "微博", "count": 23, "first_seen": "2026-07-07T13:20:55"}, {"name": "澎湃新闻", "count": 4, "first_seen": "2026-07-09T15:10:00"}, {"name": "知乎", "count": 5, "first_seen": "2026-07-09T23:14:14.000001"}, {"name": "新浪新闻", "count": 17, "first_seen": "2026-07-11T08:32:31"}], "links": [{"source": "人民网", "target": "微博", "value": 23}, {"source": "微博", "target": "澎湃新闻", "value": 4}, {"source": "澎湃新闻", "target": "知乎", "value": 5}, {"source": "知乎", "target": "新浪新闻", "value": 17}]}}', '2026-07-15 22:17:29', '2026-07-15 22:17:29');
INSERT INTO event_keywords (event_id, word, weight, rank) VALUES (15, '万元', 1.0, 0);
INSERT INTO event_keywords (event_id, word, weight, rank) VALUES (15, '捐赠', 0.797, 1);
INSERT INTO event_keywords (event_id, word, weight, rank) VALUES (15, '物资', 0.629, 2);
INSERT INTO event_keywords (event_id, word, weight, rank) VALUES (15, '捐款', 0.491, 3);
INSERT INTO event_keywords (event_id, word, weight, rank) VALUES (15, '广西', 0.296, 4);
INSERT INTO event_keywords (event_id, word, weight, rank) VALUES (15, '安置', 0.241, 5);
INSERT INTO event_keywords (event_id, word, weight, rank) VALUES (15, '企业', 0.237, 6);
INSERT INTO event_keywords (event_id, word, weight, rank) VALUES (15, '集团', 0.194, 7);
INSERT INTO event_platforms (event_id, platform_name, ratio, rank) VALUES (15, '人民网', 0.319, 0);
INSERT INTO event_platforms (event_id, platform_name, ratio, rank) VALUES (15, '微博', 0.319, 1);
INSERT INTO event_platforms (event_id, platform_name, ratio, rank) VALUES (15, '新浪新闻', 0.236, 2);
INSERT INTO event_platforms (event_id, platform_name, ratio, rank) VALUES (15, '知乎', 0.069, 3);
INSERT INTO event_platforms (event_id, platform_name, ratio, rank) VALUES (15, '澎湃新闻', 0.056, 4);
INSERT INTO event_trend_daily (event_id, date, count, is_predicted) VALUES (15, '2026-06-20', 1, 0);
INSERT INTO event_trend_daily (event_id, date, count, is_predicted) VALUES (15, '2026-06-21', 0, 0);
INSERT INTO event_trend_daily (event_id, date, count, is_predicted) VALUES (15, '2026-06-22', 0, 0);
INSERT INTO event_trend_daily (event_id, date, count, is_predicted) VALUES (15, '2026-06-23', 0, 0);
INSERT INTO event_trend_daily (event_id, date, count, is_predicted) VALUES (15, '2026-06-24', 0, 0);
INSERT INTO event_trend_daily (event_id, date, count, is_predicted) VALUES (15, '2026-06-25', 0, 0);
INSERT INTO event_trend_daily (event_id, date, count, is_predicted) VALUES (15, '2026-06-26', 0, 0);
INSERT INTO event_trend_daily (event_id, date, count, is_predicted) VALUES (15, '2026-06-27', 0, 0);
INSERT INTO event_trend_daily (event_id, date, count, is_predicted) VALUES (15, '2026-06-28', 0, 0);
INSERT INTO event_trend_daily (event_id, date, count, is_predicted) VALUES (15, '2026-06-29', 0, 0);
INSERT INTO event_trend_daily (event_id, date, count, is_predicted) VALUES (15, '2026-06-30', 0, 0);
INSERT INTO event_trend_daily (event_id, date, count, is_predicted) VALUES (15, '2026-07-01', 0, 0);
INSERT INTO event_trend_daily (event_id, date, count, is_predicted) VALUES (15, '2026-07-02', 0, 0);
INSERT INTO event_trend_daily (event_id, date, count, is_predicted) VALUES (15, '2026-07-03', 0, 0);
INSERT INTO event_trend_daily (event_id, date, count, is_predicted) VALUES (15, '2026-07-04', 0, 0);
INSERT INTO event_trend_daily (event_id, date, count, is_predicted) VALUES (15, '2026-07-05', 0, 0);
INSERT INTO event_trend_daily (event_id, date, count, is_predicted) VALUES (15, '2026-07-06', 0, 0);
INSERT INTO event_trend_daily (event_id, date, count, is_predicted) VALUES (15, '2026-07-07', 3, 0);
INSERT INTO event_trend_daily (event_id, date, count, is_predicted) VALUES (15, '2026-07-08', 4, 0);
INSERT INTO event_trend_daily (event_id, date, count, is_predicted) VALUES (15, '2026-07-09', 5, 0);
INSERT INTO event_trend_daily (event_id, date, count, is_predicted) VALUES (15, '2026-07-10', 7, 0);
INSERT INTO event_trend_daily (event_id, date, count, is_predicted) VALUES (15, '2026-07-11', 4, 0);
INSERT INTO event_trend_daily (event_id, date, count, is_predicted) VALUES (15, '2026-07-12', 11, 0);
INSERT INTO event_trend_daily (event_id, date, count, is_predicted) VALUES (15, '2026-07-13', 13, 0);
INSERT INTO event_trend_daily (event_id, date, count, is_predicted) VALUES (15, '2026-07-14', 14, 0);
INSERT INTO event_trend_daily (event_id, date, count, is_predicted) VALUES (15, '2026-07-15', 3, 0);
INSERT INTO event_trend_daily (event_id, date, count, is_predicted, predict_heat, predict_count) VALUES (15, '2026-07-16', 0, 1, 0.0, 0.0);
INSERT INTO event_trend_daily (event_id, date, count, is_predicted, predict_heat, predict_count) VALUES (15, '2026-07-17', 0, 1, 0.0, 0.0);
INSERT INTO event_trend_daily (event_id, date, count, is_predicted, predict_heat, predict_count) VALUES (15, '2026-07-18', 0, 1, 0.0, 0.0);

INSERT INTO events (event_id, title, heat, report_count, duplicate_count, time_start, time_end, event_time, risk_level, stage, confidence, prob_latent, prob_growth, prob_peak, prob_decline, analysis, positive, neutral, negative, sources, summary, location, cause, people, authenticity, propagation, created_at, updated_at) VALUES (16, '沈阳暴雨街头现仰泳者', 14.211, 27, 0, '2026-07-12 08:45:48', '2026-07-15 18:00:00', '2026-07-14 12:00:00', 'mid_high', 'decline', 0.9, 0.0, 0.0, 0.1, 0.9, '当前事件报道数量持续下降，公众关注度减弱，处于衰退期。', 0.354, 0.569, 0.077, '["微博", "新浪新闻"]', '不，这个村早有“排水阵” 【暴雨围村。不，这个村早有“排水阵”】#北京这个村有绝妙的排水阵#三面环山，一村枕于浅山怀抱——这是顺义龙湾屯镇山里辛庄村的美，也是汛期的“险”。地处深山与平原的过渡带，地势低洼，暴雨一来，积水容易围村。', '沈阳、广西、东北', '不，这个村早有“排水阵” 【暴雨围村。', '["杨幂", "张凌赫"]', '{"credibility_score": 0.693, "official_ratio": 0.444, "verified_ratio": 0.852, "plain_user_ratio": 0.148, "verification_dist": {"官方平台": 0.444, "头部认证个人": 0.222, "认证机构": 0.148, "普通用户": 0.148, "认证个人": 0.037}, "factors": ["well_sourced"]}', '{"key_nodes": [{"role": "首次官方媒体介入", "author": "北京新闻广播", "platform": "新浪新闻", "verification_type": "官方平台", "publish_time": "2026-07-12T08:45:48", "influence": 0.0, "title": "暴雨围村？不，这个村早有“排水阵”"}, {"role": "首次大V发声", "author": "大皖新闻", "platform": "微博", "verification_type": "认证机构", "publish_time": "2026-07-13T11:45:00", "influence": 144.6, "title": "【转给更多人！#暴雨内涝避险教程#】#洪水来了往外跑还是往上跑# [话筒]如果身"}, {"role": "初始爆料", "author": "沈阳小飞侠群-盛京萌兔乐园", "platform": "微博", "verification_type": "普通用户", "publish_time": "2026-07-13T21:12:40", "influence": 8.9, "title": "山海相隔，善意相连。 沈阳小飞侠与城市网格携手中华志愿者协会，将满载心意的应急物"}, {"role": "传播高峰", "author": "白鸽衔百合", "platform": "微博", "verification_type": "认证个人", "publish_time": "2026-07-14T16:56:08", "influence": 990.5, "title": "到底是谁把东北人民的苦难娱乐化的,其实这次辽宁暴雨严重程度没比广西差多少,甚至在"}], "top_influencers": [{"author": "白鸽衔百合", "platform": "微博", "verification_type": "认证个人", "publish_time": "2026-07-14T16:56:08", "influence": 990.5, "repost_count": 25, "like_count": 3025, "comment_count": 116, "title": "到底是谁把东北人民的苦难娱乐化的,其实这次辽宁暴雨严重程度没比广西差多少,甚至在"}, {"author": "大皖新闻", "platform": "微博", "verification_type": "认证机构", "publish_time": "2026-07-13T11:45:00", "influence": 144.6, "repost_count": 66, "like_count": 202, "comment_count": 36, "title": "【转给更多人！#暴雨内涝避险教程#】#洪水来了往外跑还是往上跑# [话筒]如果身"}, {"author": "欣欣子的小然", "platform": "微博", "verification_type": "普通用户", "publish_time": "2026-07-14T13:53:57", "influence": 41.5, "repost_count": 4, "like_count": 95, "comment_count": 18, "title": "#沈阳暴雨大航海模式#不明白这个标题是正常人能想出来的吗，苦难娱乐化吗？东北现在"}, {"author": "妃妃_y", "platform": "微博", "verification_type": "头部认证个人", "publish_time": "2026-07-15T12:39:50", "influence": 33.6, "repost_count": 0, "like_count": 27, "comment_count": 51, "title": "#众星驰援沈阳#众星驰援沈阳消息真假难辨 近日沈阳遭遇暴雨洪灾，网友自发汇总明星"}, {"author": "泠泠味的风", "platform": "微博", "verification_type": "头部认证个人", "publish_time": "2026-07-14T20:46:29", "influence": 12.6, "repost_count": 0, "like_count": 42, "comment_count": 0, "title": "#西安暴雨# 广西暴雨、山东暴雨、沈阳暴雨，现在轮到西安暴雨了！这雨是要挨个点名"}], "platform_chain": {"nodes": [{"name": "新浪新闻", "count": 12, "first_seen": "2026-07-12T08:45:48"}, {"name": "微博", "count": 15, "first_seen": "2026-07-13T11:45:00"}], "links": [{"source": "新浪新闻", "target": "微博", "value": 15}]}}', '2026-07-15 22:17:29', '2026-07-15 22:17:29');
INSERT INTO event_keywords (event_id, word, weight, rank) VALUES (16, '驰援', 1.0, 0);
INSERT INTO event_keywords (event_id, word, weight, rank) VALUES (16, '暴雨', 0.879, 1);
INSERT INTO event_keywords (event_id, word, weight, rank) VALUES (16, '沈阳', 0.875, 2);
INSERT INTO event_keywords (event_id, word, weight, rank) VALUES (16, '积水', 0.813, 3);
INSERT INTO event_keywords (event_id, word, weight, rank) VALUES (16, '辽宁', 0.467, 4);
INSERT INTO event_keywords (event_id, word, weight, rank) VALUES (16, '避险', 0.363, 5);
INSERT INTO event_keywords (event_id, word, weight, rank) VALUES (16, '名单', 0.363, 6);
INSERT INTO event_keywords (event_id, word, weight, rank) VALUES (16, '排水', 0.347, 7);
INSERT INTO event_platforms (event_id, platform_name, ratio, rank) VALUES (16, '微博', 0.556, 0);
INSERT INTO event_platforms (event_id, platform_name, ratio, rank) VALUES (16, '新浪新闻', 0.444, 1);
INSERT INTO event_trend_daily (event_id, date, count, is_predicted) VALUES (16, '2026-07-12', 1, 0);
INSERT INTO event_trend_daily (event_id, date, count, is_predicted) VALUES (16, '2026-07-13', 7, 0);
INSERT INTO event_trend_daily (event_id, date, count, is_predicted) VALUES (16, '2026-07-14', 14, 0);
INSERT INTO event_trend_daily (event_id, date, count, is_predicted) VALUES (16, '2026-07-15', 5, 0);
INSERT INTO event_trend_daily (event_id, date, count, is_predicted, predict_heat, predict_count) VALUES (16, '2026-07-16', 0, 1, 4.0, 4.0);
INSERT INTO event_trend_daily (event_id, date, count, is_predicted, predict_heat, predict_count) VALUES (16, '2026-07-17', 0, 1, 3.0, 3.0);
INSERT INTO event_trend_daily (event_id, date, count, is_predicted, predict_heat, predict_count) VALUES (16, '2026-07-18', 0, 1, 2.0, 2.0);

INSERT INTO events (event_id, title, heat, report_count, duplicate_count, time_start, time_end, event_time, risk_level, stage, confidence, prob_latent, prob_growth, prob_peak, prob_decline, analysis, positive, neutral, negative, sources, summary, location, cause, people, authenticity, propagation, created_at, updated_at) VALUES (17, '暴雨洪水来袭记住这三点避险', 9.329, 18, 0, '2026-07-10 15:32:00', '2026-07-15 15:21:00', '2026-07-14 12:00:00', 'mid', 'peak', 0.9, 0.0, 0.05, 0.9, 0.05, '当前事件报道量已接近峰值，关注度趋于稳定，处于高潮期。', 0.467, 0.3, 0.233, '["微博", "新浪新闻"]', '据中国天气网消息，今天（7月15日），“巴威”对我国影响基本结束，不过强降雨并未退场，今后三天，在南海热带扰动影响下，两广地区局地有大暴雨或特大暴雨天气，同时四川盆地至黄淮一带强降雨将持续在线，相关部门和公众要防范暴雨可能引发的次生灾害。昨天到今晨，我国降水主要集中在三片区域。其一是在辽宁东部、吉林东部，受“巴威”远距离水汽输送影响，出现暴雨或大暴雨，沈阳赛艇中心雨势最强，雨量达到563.2毫米，相当于北方很多城市全年的降水。', '广西、台风、巴威', '广西暴雨转高温，警惕午后热雷雨 #气象科普# #广西加油共渡难关# 暴雨退去，高温来袭。', '["美莎克", "武宣", "黄淮"]', '{"credibility_score": 0.725, "official_ratio": 0.5, "verified_ratio": 0.944, "plain_user_ratio": 0.056, "verification_dist": {"官方平台": 0.5, "认证个人": 0.222, "认证机构": 0.167, "普通用户": 0.056, "头部认证个人": 0.056}, "factors": ["well_sourced"]}', '{"key_nodes": [{"role": "首次官方媒体介入", "author": "知识引力场", "platform": "新浪新闻", "verification_type": "官方平台", "publish_time": "2026-07-10T15:32:00", "influence": 0.0, "title": "广西暴雨转高温，警惕午后热雷雨"}, {"role": "初始爆料", "author": "用户7874430497", "platform": "微博", "verification_type": "普通用户", "publish_time": "2026-07-12T22:00:41", "influence": 0.0, "title": "广西暴雨加洪水太惨了，还有台风别来东北，我害怕我也不会游泳，但是怀念居家办公的日"}, {"role": "首次大V发声", "author": "广西气象", "platform": "微博", "verification_type": "认证机构", "publish_time": "2026-07-14T19:30:01", "influence": 0.9, "title": "预计未来三天，广西多降雨天气，在降雨的作用下，高温渐缓，不过由于空气湿度较大，体"}, {"role": "传播高峰", "author": "中国气象爱好者", "platform": "微博", "verification_type": "认证个人", "publish_time": "2026-07-15T11:53:54.000001", "influence": 165.5, "title": "#天气##暴雨##广西洪水# 广西最近与台风暴雨杠上了！月初美莎克极端暴雨才停没"}], "top_influencers": [{"author": "中国气象爱好者", "platform": "微博", "verification_type": "认证个人", "publish_time": "2026-07-15T11:53:54.000001", "influence": 165.5, "repost_count": 29, "like_count": 355, "comment_count": 60, "title": "#天气##暴雨##广西洪水# 广西最近与台风暴雨杠上了！月初美莎克极端暴雨才停没"}, {"author": "中羽酱天气关注者", "platform": "微博", "verification_type": "认证个人", "publish_time": "2026-07-14T10:14:28", "influence": 59.9, "repost_count": 1, "like_count": 78, "comment_count": 71, "title": "【华南后汛期】当前南海热带扰动99w逐步发展壮大，正在给华南地区制造强降雨过程，"}, {"author": "weather爱好者", "platform": "微博", "verification_type": "认证个人", "publish_time": "2026-07-15T08:23:14", "influence": 15.4, "repost_count": 0, "like_count": 38, "comment_count": 8, "title": "#气象观察团# 除了副高北侧有强降雨外，位于副高东南侧的华南中西部也有暖区对流暴"}, {"author": "中国天气", "platform": "微博", "verification_type": "认证机构", "publish_time": "2026-07-15T11:18:00", "influence": 11.9, "repost_count": 2, "like_count": 13, "comment_count": 12, "title": "【#广西暴雨大暴雨再度来袭# 】 在热带扰动的影响下，昨天到今晨，广西桂平、武宣"}, {"author": "广西气象", "platform": "微博", "verification_type": "认证机构", "publish_time": "2026-07-14T19:30:01", "influence": 0.9, "repost_count": 0, "like_count": 3, "comment_count": 0, "title": "预计未来三天，广西多降雨天气，在降雨的作用下，高温渐缓，不过由于空气湿度较大，体"}], "platform_chain": {"nodes": [{"name": "新浪新闻", "count": 9, "first_seen": "2026-07-10T15:32:00"}, {"name": "微博", "count": 9, "first_seen": "2026-07-12T22:00:41"}], "links": [{"source": "新浪新闻", "target": "微博", "value": 9}]}}', '2026-07-15 22:17:29', '2026-07-15 22:17:29');
INSERT INTO event_keywords (event_id, word, weight, rank) VALUES (17, '台风', 1.0, 0);
INSERT INTO event_keywords (event_id, word, weight, rank) VALUES (17, '大暴雨', 0.797, 1);
INSERT INTO event_keywords (event_id, word, weight, rank) VALUES (17, '可能', 0.652, 2);
INSERT INTO event_keywords (event_id, word, weight, rank) VALUES (17, '巴威', 0.626, 3);
INSERT INTO event_keywords (event_id, word, weight, rank) VALUES (17, '广西', 0.561, 4);
INSERT INTO event_keywords (event_id, word, weight, rank) VALUES (17, '降雨', 0.49, 5);
INSERT INTO event_keywords (event_id, word, weight, rank) VALUES (17, '扰动', 0.39, 6);
INSERT INTO event_keywords (event_id, word, weight, rank) VALUES (17, '暴雨', 0.374, 7);
INSERT INTO event_platforms (event_id, platform_name, ratio, rank) VALUES (17, '新浪新闻', 0.5, 0);
INSERT INTO event_platforms (event_id, platform_name, ratio, rank) VALUES (17, '微博', 0.5, 1);
INSERT INTO event_trend_daily (event_id, date, count, is_predicted) VALUES (17, '2026-07-10', 1, 0);
INSERT INTO event_trend_daily (event_id, date, count, is_predicted) VALUES (17, '2026-07-11', 0, 0);
INSERT INTO event_trend_daily (event_id, date, count, is_predicted) VALUES (17, '2026-07-12', 2, 0);
INSERT INTO event_trend_daily (event_id, date, count, is_predicted) VALUES (17, '2026-07-13', 3, 0);
INSERT INTO event_trend_daily (event_id, date, count, is_predicted) VALUES (17, '2026-07-14', 7, 0);
INSERT INTO event_trend_daily (event_id, date, count, is_predicted) VALUES (17, '2026-07-15', 5, 0);
INSERT INTO event_trend_daily (event_id, date, count, is_predicted, predict_heat, predict_count) VALUES (17, '2026-07-16', 0, 1, 6.0, 6.0);
INSERT INTO event_trend_daily (event_id, date, count, is_predicted, predict_heat, predict_count) VALUES (17, '2026-07-17', 0, 1, 7.0, 7.0);
INSERT INTO event_trend_daily (event_id, date, count, is_predicted, predict_heat, predict_count) VALUES (17, '2026-07-18', 0, 1, 8.0, 8.0);

INSERT INTO events (event_id, title, heat, report_count, duplicate_count, time_start, time_end, event_time, risk_level, stage, confidence, prob_latent, prob_growth, prob_peak, prob_decline, analysis, positive, neutral, negative, sources, summary, location, cause, people, authenticity, propagation, created_at, updated_at) VALUES (18, '山东多地救援队跨越千里驰援广西', 9.165, 38, 11, '2026-07-07 16:26:37', '2026-07-15 17:57:58', '2026-07-12 12:00:00', 'mid', 'decline', 0.9, 0.0, 0.0, 0.1, 0.9, '当前事件报道数量持续下降，公众关注度减弱，处于衰退期。', 0.784, 0.194, 0.022, '["微博", "新浪新闻", "知乎"]', '山东多地救援队跨越千里驰援广西 【#山东多地救援队跨越千里驰援广西#】 #救援队一句我是山东的太暖了#鲁桂同心。近日，山东多支救援队赶往广西救援，上演了一幕幕感人瞬间。无数山东儿女，用日夜的坚守，续写着关于“仗义山东”的更多故事……。', '广西、贵港、辽宁', '广西暴雨致洪灾，张雪机车团队摩托驰援 近期广西遭遇极端暴雨引发洪涝灾害，张雪机车团队紧急筹备救灾物资，调配多台越野摩托、组织专业车手奔赴灾区支援抢险救援。', '["王一博", "张云雷", "张翰", "张雪", "郑朋"]', '{"credibility_score": 0.453, "official_ratio": 0.105, "verified_ratio": 0.737, "plain_user_ratio": 0.263, "verification_dist": {"认证机构": 0.342, "普通用户": 0.263, "认证个人": 0.237, "官方平台": 0.105, "头部认证个人": 0.053}, "factors": []}', '{"key_nodes": [{"role": "首次大V发声", "author": "大河报", "platform": "微博", "verification_type": "认证机构", "publish_time": "2026-07-07T16:26:37", "influence": 6676.3, "title": "【#橹穆粉丝向广西灾区捐款#】近日，广西等地受台风“美莎克”影响，遭遇特大暴雨，"}, {"role": "初始爆料", "author": "肖湘虾", "platform": "微博", "verification_type": "普通用户", "publish_time": "2026-07-07T20:10:02", "influence": 2291.6, "title": "#肖战[超话]##肖战粉丝公益倡导##肖战公益一路有你# 🤲🏻以星为炬，驰援横州"}, {"role": "传播高峰", "author": "1005圆梦影享团", "platform": "微博", "verification_type": "普通用户", "publish_time": "2026-07-10T12:44:18", "influence": 23646.0, "title": "#肖战[超话]# 肖战粉丝小飞侠（圆梦）驰援广西贵港 —— 圆梦有你 ❤️ 坚守"}, {"role": "首次官方媒体介入", "author": "轻斟浅醉Violet", "platform": "新浪新闻", "verification_type": "官方平台", "publish_time": "2026-07-10T14:31:12", "influence": 0.0, "title": "广西暴雨致洪灾，张雪机车团队摩托驰援"}], "top_influencers": [{"author": "1005圆梦影享团", "platform": "微博", "verification_type": "普通用户", "publish_time": "2026-07-10T12:44:18", "influence": 23646.0, "repost_count": 13640, "like_count": 22965, "comment_count": 6233, "title": "#肖战[超话]# 肖战粉丝小飞侠（圆梦）驰援广西贵港 —— 圆梦有你 ❤️ 坚守"}, {"author": "深圳搞钱虾", "platform": "微博", "verification_type": "普通用户", "publish_time": "2026-07-10T17:42:39", "influence": 16878.8, "repost_count": 9519, "like_count": 17066, "comment_count": 4480, "title": "#肖战[超话]# 【全球十国联动·跨越山海的守护】 太平洋彼岸、地中海沿岸，北美"}, {"author": "极目新闻", "platform": "微博", "verification_type": "认证机构", "publish_time": "2026-07-08T10:04:26", "influence": 16555.4, "repost_count": 3622, "like_count": 35893, "comment_count": 4331, "title": "【点滴善意汇聚燎原星火，#橹穆粉丝为洪灾捐款超百万#】#橹穆粉丝把热忱化作驰援灾"}, {"author": "大河报", "platform": "微博", "verification_type": "认证机构", "publish_time": "2026-07-08T11:08:23", "influence": 12714.8, "repost_count": 3226, "like_count": 28361, "comment_count": 1961, "title": "【#甜玉米公益捐款超1400万元#】 近日，受台风“美莎克”影响，广西南宁遭遇持"}, {"author": "扬帆计划", "platform": "微博", "verification_type": "认证机构", "publish_time": "2026-07-14T16:40:15", "influence": 12118.0, "repost_count": 10151, "like_count": 5930, "comment_count": 376, "title": "#张翰[超话]# 【救灾进展播报 | 张翰爱心粉丝驰援物资整装启程】 #直击广西"}], "platform_chain": {"nodes": [{"name": "微博", "count": 32, "first_seen": "2026-07-07T16:26:37"}, {"name": "新浪新闻", "count": 4, "first_seen": "2026-07-10T14:31:12"}], "links": [{"source": "微博", "target": "新浪新闻", "value": 4}]}}', '2026-07-15 22:17:29', '2026-07-15 22:17:29');
INSERT INTO event_keywords (event_id, word, weight, rank) VALUES (18, '肖战', 1.0, 0);
INSERT INTO event_keywords (event_id, word, weight, rank) VALUES (18, '女士', 0.731, 1);
INSERT INTO event_keywords (event_id, word, weight, rank) VALUES (18, '甜玉米', 0.444, 2);
INSERT INTO event_keywords (event_id, word, weight, rank) VALUES (18, '黄某', 0.423, 3);
INSERT INTO event_keywords (event_id, word, weight, rank) VALUES (18, '救援队', 0.355, 4);
INSERT INTO event_keywords (event_id, word, weight, rank) VALUES (18, '广西', 0.351, 5);
INSERT INTO event_keywords (event_id, word, weight, rank) VALUES (18, '造谣', 0.346, 6);
INSERT INTO event_keywords (event_id, word, weight, rank) VALUES (18, '小飞侠', 0.322, 7);
INSERT INTO event_platforms (event_id, platform_name, ratio, rank) VALUES (18, '微博', 0.842, 0);
INSERT INTO event_platforms (event_id, platform_name, ratio, rank) VALUES (18, '新浪新闻', 0.105, 1);
INSERT INTO event_platforms (event_id, platform_name, ratio, rank) VALUES (18, '知乎', 0.053, 2);
INSERT INTO event_trend_daily (event_id, date, count, is_predicted) VALUES (18, '2026-07-07', 2, 0);
INSERT INTO event_trend_daily (event_id, date, count, is_predicted) VALUES (18, '2026-07-08', 3, 0);
INSERT INTO event_trend_daily (event_id, date, count, is_predicted) VALUES (18, '2026-07-09', 1, 0);
INSERT INTO event_trend_daily (event_id, date, count, is_predicted) VALUES (18, '2026-07-10', 5, 0);
INSERT INTO event_trend_daily (event_id, date, count, is_predicted) VALUES (18, '2026-07-11', 2, 0);
INSERT INTO event_trend_daily (event_id, date, count, is_predicted) VALUES (18, '2026-07-12', 8, 0);
INSERT INTO event_trend_daily (event_id, date, count, is_predicted) VALUES (18, '2026-07-13', 5, 0);
INSERT INTO event_trend_daily (event_id, date, count, is_predicted) VALUES (18, '2026-07-14', 8, 0);
INSERT INTO event_trend_daily (event_id, date, count, is_predicted) VALUES (18, '2026-07-15', 2, 0);
INSERT INTO event_trend_daily (event_id, date, count, is_predicted, predict_heat, predict_count) VALUES (18, '2026-07-16', 0, 1, 0.5, 0.5);
INSERT INTO event_trend_daily (event_id, date, count, is_predicted, predict_heat, predict_count) VALUES (18, '2026-07-17', 0, 1, 0.0, 0.0);
INSERT INTO event_trend_daily (event_id, date, count, is_predicted, predict_heat, predict_count) VALUES (18, '2026-07-18', 0, 1, 0.0, 0.0);

INSERT INTO events (event_id, title, heat, report_count, duplicate_count, time_start, time_end, event_time, risk_level, stage, confidence, prob_latent, prob_growth, prob_peak, prob_decline, analysis, positive, neutral, negative, sources, summary, location, cause, people, authenticity, propagation, created_at, updated_at) VALUES (19, '广西暴雨后：渡洪、空投、待花开', 7.551, 22, 10, '2026-07-11 12:03:28', '2026-07-15 13:39:00', '2026-07-12 12:00:00', 'mid', 'decline', 0.9, 0.0, 0.0, 0.1, 0.9, '当前事件报道数量持续下降，公众关注度减弱，处于衰退期。', 0.436, 0.436, 0.128, '["微博", "新浪新闻", "知乎"]', '大水退后，在对下一次花开的期待里，村民的生活还在往前。▲ 植保无人机机手 洪兴文 寻找信号最优接收角度。总策 划 | 宁 启 文 监制 | 杨志华 策划 | 张凤云 撰文 | 刘自艰 陈艺娇 编辑 | 刘自艰 陈艺娇 出品|农民日报社 自7月4日起，受第10号台风“美莎克”持续环流影响，广西迎来一场历史性极端强降雨，全区近七成乡镇降下暴雨及以上量级降水，江河漫溢、水库出险，内涝严重，多地乡镇沦为泽国。', '广西、大疆、横州', '无人机飞手不计损耗投送物资，各地群众千里运送蔬果、奔赴一线做饭送粮。', '["刘自艰", "陈艺娇"]', '{"credibility_score": 0.381, "official_ratio": 0.273, "verified_ratio": 0.545, "plain_user_ratio": 0.455, "verification_dist": {"普通用户": 0.455, "官方平台": 0.273, "认证个人": 0.227, "认证机构": 0.045}, "factors": ["high_duplicate_rate", "well_sourced"]}', '{"key_nodes": [{"role": "初始爆料", "author": "翼航数研", "platform": "知乎", "verification_type": "普通用户", "publish_time": "2026-07-12T07:56:11", "influence": 0.6, "title": "无人机应用越来越广，是可以发挥更大的作用。最近网上这里的争议点关键在于用无人机救"}, {"role": "首次官方媒体介入", "author": "海米提hamit", "platform": "新浪新闻", "verification_type": "官方平台", "publish_time": "2026-07-12T17:26:49", "influence": 0.0, "title": "广西洪水中的中国力量 近日，广西遭遇洪涝灾害…"}, {"role": "首次大V发声", "author": "好品山东官方微博", "platform": "微博", "verification_type": "认证机构", "publish_time": "2026-07-12T22:00:09", "influence": 0.0, "title": "【#菏泽大哥连夜酱700斤牛肉驰援广西#】近日，广西贵港遭遇洪涝灾害，灾区群众的"}, {"role": "传播高峰", "author": "马上谈", "platform": "微博", "verification_type": "认证个人", "publish_time": "2026-07-15T13:32:00", "influence": 254.3, "title": "广西洪水退去后，无人机360度环拍横州六蓝水库最新影像。这么严重的事故，我想肯定"}], "top_influencers": [{"author": "马上谈", "platform": "微博", "verification_type": "认证个人", "publish_time": "2026-07-15T13:32:00", "influence": 254.3, "repost_count": 57, "like_count": 451, "comment_count": 124, "title": "广西洪水退去后，无人机360度环拍横州六蓝水库最新影像。这么严重的事故，我想肯定"}, {"author": "低调转身的少年", "platform": "微博", "verification_type": "认证个人", "publish_time": "2026-07-12T12:22:01", "influence": 212.1, "repost_count": 34, "like_count": 557, "comment_count": 22, "title": "#六蓝水库下游村庄现状#肖战小飞侠捐赠的清淤抢修物资和大疆无人机设备都投入到使用"}, {"author": "金错刀", "platform": "知乎", "verification_type": "普通用户", "publish_time": "2026-07-12T09:27:49", "influence": 71.8, "repost_count": 0, "like_count": 196, "comment_count": 26, "title": "“主动塌房”的无人机，在广西洪灾中一夜封神 - 知乎"}, {"author": "躺赢板", "platform": "微博", "verification_type": "认证个人", "publish_time": "2026-07-11T12:03:28", "influence": 45.0, "repost_count": 3, "like_count": 110, "comment_count": 18, "title": "很心疼，知道价格之后更心疼了 ，那些在广西洪水里吊人救命的无人机，最便宜的五万多"}, {"author": "小糖豆", "platform": "知乎", "verification_type": "认证个人", "publish_time": "2026-07-14T10:12:28.999999", "influence": 6.0, "repost_count": 0, "like_count": 10, "comment_count": 6, "title": "看到相关视频后我热泪盈眶。国家的反应速度非常快，应急救援、军队第一时间赶到。翼龙"}], "platform_chain": {"nodes": [{"name": "微博", "count": 6, "first_seen": "2026-07-11T12:03:28"}, {"name": "知乎", "count": 10, "first_seen": "2026-07-12T07:56:11"}, {"name": "新浪新闻", "count": 6, "first_seen": "2026-07-12T17:26:49"}], "links": [{"source": "微博", "target": "知乎", "value": 10}, {"source": "知乎", "target": "新浪新闻", "value": 6}]}}', '2026-07-15 22:17:29', '2026-07-15 22:17:29');
INSERT INTO event_keywords (event_id, word, weight, rank) VALUES (19, '无人机', 1.0, 0);
INSERT INTO event_keywords (event_id, word, weight, rank) VALUES (19, '集群', 0.792, 1);
INSERT INTO event_keywords (event_id, word, weight, rank) VALUES (19, '低空', 0.593, 2);
INSERT INTO event_keywords (event_id, word, weight, rank) VALUES (19, 'drone', 0.565, 3);
INSERT INTO event_keywords (event_id, word, weight, rank) VALUES (19, '协同', 0.485, 4);
INSERT INTO event_keywords (event_id, word, weight, rank) VALUES (19, 'node', 0.436, 5);
INSERT INTO event_keywords (event_id, word, weight, rank) VALUES (19, 'self', 0.372, 6);
INSERT INTO event_keywords (event_id, word, weight, rank) VALUES (19, '单机', 0.355, 7);
INSERT INTO event_platforms (event_id, platform_name, ratio, rank) VALUES (19, '知乎', 0.455, 0);
INSERT INTO event_platforms (event_id, platform_name, ratio, rank) VALUES (19, '微博', 0.273, 1);
INSERT INTO event_platforms (event_id, platform_name, ratio, rank) VALUES (19, '新浪新闻', 0.273, 2);
INSERT INTO event_trend_daily (event_id, date, count, is_predicted) VALUES (19, '2026-07-11', 1, 0);
INSERT INTO event_trend_daily (event_id, date, count, is_predicted) VALUES (19, '2026-07-12', 9, 0);
INSERT INTO event_trend_daily (event_id, date, count, is_predicted) VALUES (19, '2026-07-13', 5, 0);
INSERT INTO event_trend_daily (event_id, date, count, is_predicted) VALUES (19, '2026-07-14', 4, 0);
INSERT INTO event_trend_daily (event_id, date, count, is_predicted) VALUES (19, '2026-07-15', 3, 0);
INSERT INTO event_trend_daily (event_id, date, count, is_predicted, predict_heat, predict_count) VALUES (19, '2026-07-16', 0, 1, 2.0, 2.0);
INSERT INTO event_trend_daily (event_id, date, count, is_predicted, predict_heat, predict_count) VALUES (19, '2026-07-17', 0, 1, 1.0, 1.0);
INSERT INTO event_trend_daily (event_id, date, count, is_predicted, predict_heat, predict_count) VALUES (19, '2026-07-18', 0, 1, 0.0, 0.0);

INSERT INTO events (event_id, title, heat, report_count, duplicate_count, time_start, time_end, event_time, risk_level, stage, confidence, prob_latent, prob_growth, prob_peak, prob_decline, analysis, positive, neutral, negative, sources, summary, location, cause, people, authenticity, propagation, created_at, updated_at) VALUES (20, '广西暴雨超8000人抗洪救援', 6.542, 33, 8, '2026-07-07 23:30:38', '2026-07-15 15:46:40', '2026-07-10 12:00:00', 'mid', 'decline', 0.9, 0.0, 0.0, 0.1, 0.9, '当前事件报道数量持续下降，公众关注度减弱，处于衰退期。', 0.794, 0.206, 0.0, '["微博", "新浪新闻", "知乎"]', '广西暴雨超8000人抗洪救援 #超8000人投入广西抗洪#连日暴雨席卷广西，城区积水围困家园，湍急洪水困住无数百姓，所幸超八千名救援人员火速奔赴一线，筑起一道坚实的生命防线，真正印证洪水无情，人间有爱。消防、民警、民兵、基层干部全员昼夜不休，驾冲锋舟穿梭在浑浊洪水里，挨家挨户搜寻被困群众。有人徒手清淤开路，有人蹚齐胸深水护送老人孩童，还有陌生路人主动跳水帮忙转移灾民，桶装婴儿被稳妥护在救援人员怀中安睡的画面，看得人热泪翻涌。', '广西、贵港、台风', '广西暴雨超8000人抗洪救援 #超8000人投入广西抗洪#连日暴雨席卷广西，城区积水围困家园，湍急洪水困住无数百姓，所幸超八千名救援人员火速奔赴一线，筑起一道坚实的生命防线，真正印证洪水无情，人间有爱。', '["陆军", "黄银贵", "方文浩", "孟煦", "李爱"]', '{"credibility_score": 0.588, "official_ratio": 0.485, "verified_ratio": 0.727, "plain_user_ratio": 0.273, "verification_dist": {"官方平台": 0.485, "普通用户": 0.273, "认证个人": 0.121, "头部认证个人": 0.061, "认证机构": 0.061}, "factors": ["well_sourced"]}', '{"key_nodes": [{"role": "初始爆料", "author": "渡川见心", "platform": "知乎", "verification_type": "普通用户", "publish_time": "2026-07-07T23:30:38.000001", "influence": 0.0, "title": "洪水过境贵港故土：见过无常，才懂平安是此生最大的福报 - 知乎"}, {"role": "首次大V发声", "author": "一曲彩虹k", "platform": "微博", "verification_type": "头部认证个人", "publish_time": "2026-07-09T10:31:33.999999", "influence": 5.8, "title": "#八方驰援抗台风广西同心护家园# 这些都是谣言！不听、不信、不转发！（剪辑：宁玉"}, {"role": "传播高峰", "author": "熊宝派对", "platform": "微博", "verification_type": "头部认证个人", "publish_time": "2026-07-09T16:47:12", "influence": 5414.4, "title": "论广西人的精神状态有多乐观超前！#广西洪水##乐观# http://t.cn/A"}, {"role": "首次官方媒体介入", "author": "爆闻速递小哥", "platform": "新浪新闻", "verification_type": "官方平台", "publish_time": "2026-07-10T07:36:46", "influence": 0.0, "title": "广西暴雨超8000人抗洪救援"}], "top_influencers": [{"author": "熊宝派对", "platform": "微博", "verification_type": "头部认证个人", "publish_time": "2026-07-09T16:47:12", "influence": 5414.4, "repost_count": 353, "like_count": 16393, "comment_count": 287, "title": "论广西人的精神状态有多乐观超前！#广西洪水##乐观# http://t.cn/A"}, {"author": "共青团中央", "platform": "微博", "verification_type": "认证机构", "publish_time": "2026-07-10T17:12:26", "influence": 4754.5, "repost_count": 484, "like_count": 11535, "comment_count": 1620, "title": "【#军嫂在洪水中与武警丈夫相遇#】7月9日，广西贵港。军嫂在洪水中被安全转移时，"}, {"author": "科技事儿", "platform": "微博", "verification_type": "认证个人", "publish_time": "2026-07-08T23:30:03", "influence": 4258.4, "repost_count": 527, "like_count": 11468, "comment_count": 582, "title": "#广西洪水现状#生活不易，可日子还是要继续。只要人在家园就还在，振作起来[祈祷]"}, {"author": "Creamy蕉", "platform": "微博", "verification_type": "认证个人", "publish_time": "2026-07-11T07:37:04.999999", "influence": 2994.1, "repost_count": 1068, "like_count": 6297, "comment_count": 74, "title": "#广西洪水# 广西老乡真的很有爱，洪水期间直接把陌生人的孩子接到家里提供食物住宿"}, {"author": "大又元", "platform": "知乎", "verification_type": "普通用户", "publish_time": "2026-07-11T09:12:10", "influence": 385.0, "repost_count": 0, "like_count": 1070, "comment_count": 128, "title": "命运反复出题，而你给出的答案一次比一次震撼！这个构图绝了，原则上无人机不能载人，"}], "platform_chain": {"nodes": [{"name": "知乎", "count": 6, "first_seen": "2026-07-07T23:30:38.000001"}, {"name": "微博", "count": 11, "first_seen": "2026-07-08T23:30:03"}, {"name": "新浪新闻", "count": 16, "first_seen": "2026-07-10T07:36:46"}], "links": [{"source": "知乎", "target": "微博", "value": 11}, {"source": "微博", "target": "新浪新闻", "value": 16}]}}', '2026-07-15 22:17:29', '2026-07-15 22:17:29');
INSERT INTO event_keywords (event_id, word, weight, rank) VALUES (20, '洪水', 1.0, 0);
INSERT INTO event_keywords (event_id, word, weight, rank) VALUES (20, '无人机', 0.956, 1);
INSERT INTO event_keywords (event_id, word, weight, rank) VALUES (20, '被困', 0.763, 2);
INSERT INTO event_keywords (event_id, word, weight, rank) VALUES (20, '救援', 0.61, 3);
INSERT INTO event_keywords (event_id, word, weight, rank) VALUES (20, '广西', 0.484, 4);
INSERT INTO event_keywords (event_id, word, weight, rank) VALUES (20, '暴雨', 0.446, 5);
INSERT INTO event_keywords (event_id, word, weight, rank) VALUES (20, '老人', 0.419, 6);
INSERT INTO event_keywords (event_id, word, weight, rank) VALUES (20, '同心', 0.401, 7);
INSERT INTO event_platforms (event_id, platform_name, ratio, rank) VALUES (20, '新浪新闻', 0.485, 0);
INSERT INTO event_platforms (event_id, platform_name, ratio, rank) VALUES (20, '微博', 0.333, 1);
INSERT INTO event_platforms (event_id, platform_name, ratio, rank) VALUES (20, '知乎', 0.182, 2);
INSERT INTO event_trend_daily (event_id, date, count, is_predicted) VALUES (20, '2026-07-07', 1, 0);
INSERT INTO event_trend_daily (event_id, date, count, is_predicted) VALUES (20, '2026-07-08', 1, 0);
INSERT INTO event_trend_daily (event_id, date, count, is_predicted) VALUES (20, '2026-07-09', 2, 0);
INSERT INTO event_trend_daily (event_id, date, count, is_predicted) VALUES (20, '2026-07-10', 6, 0);
INSERT INTO event_trend_daily (event_id, date, count, is_predicted) VALUES (20, '2026-07-11', 6, 0);
INSERT INTO event_trend_daily (event_id, date, count, is_predicted) VALUES (20, '2026-07-12', 6, 0);
INSERT INTO event_trend_daily (event_id, date, count, is_predicted) VALUES (20, '2026-07-13', 6, 0);
INSERT INTO event_trend_daily (event_id, date, count, is_predicted) VALUES (20, '2026-07-14', 3, 0);
INSERT INTO event_trend_daily (event_id, date, count, is_predicted) VALUES (20, '2026-07-15', 2, 0);
INSERT INTO event_trend_daily (event_id, date, count, is_predicted, predict_heat, predict_count) VALUES (20, '2026-07-16', 0, 1, 0.0, 0.0);
INSERT INTO event_trend_daily (event_id, date, count, is_predicted, predict_heat, predict_count) VALUES (20, '2026-07-17', 0, 1, 0.0, 0.0);
INSERT INTO event_trend_daily (event_id, date, count, is_predicted, predict_heat, predict_count) VALUES (20, '2026-07-18', 0, 1, 0.0, 0.0);

INSERT INTO events (event_id, title, heat, report_count, duplicate_count, time_start, time_end, event_time, risk_level, stage, confidence, prob_latent, prob_growth, prob_peak, prob_decline, analysis, positive, neutral, negative, sources, summary, location, cause, people, authenticity, propagation, created_at, updated_at) VALUES (21, '广西老表遇洪受难山西老醯千里驰援', 6.448, 9, 2, '2026-07-13 10:09:12', '2026-07-15 17:54:17', '2026-07-15 12:00:00', 'mid', 'peak', 0.9, 0.0, 0.05, 0.9, 0.05, '当前事件报道量已接近峰值，关注度趋于稳定，处于高潮期。', 0.418, 0.545, 0.036, '["微博", "新浪新闻"]', '河南小伙好样的。新乡17岁少年买站票千里赴广西志愿救援：趁年轻多去做有意义的事 #河南17岁小伙买站票千里驰援广西#【河南小伙好样的。新乡17岁少年买站票千里赴广西志愿救援：趁年轻多去做有意义的事】#父亲刷视频才知儿子千里驰援广西#近日，河南新乡长垣17岁少年蔡雨默，独自买火车站票，辗转多趟车，赶到1700公里外的广西灾区当志愿者。', '广西、山西、贵港', '19岁重庆小伙骑摩托车支援广西，“广西，雄起。', '["蔡雨默"]', '{"credibility_score": 0.919, "official_ratio": 0.889, "verified_ratio": 1.0, "plain_user_ratio": 0.0, "verification_dist": {"官方平台": 0.889, "认证机构": 0.111}, "factors": ["well_sourced"]}', '{"key_nodes": [{"role": "初始爆料", "author": "猛犸新闻", "platform": "新浪新闻", "verification_type": "官方平台", "publish_time": "2026-07-13T10:09:12", "influence": 0.0, "title": "19岁重庆小伙骑摩托车支援广西，“广西，雄起！”"}, {"role": "首次大V发声", "author": "黄河新闻网", "platform": "微博", "verification_type": "认证机构", "publish_time": "2026-07-15T17:54:17", "influence": 0.8, "title": "【#广西老表遇洪受难山西老醯千里驰援#】#有一种温暖叫山西# 连日来，广西多地遭"}], "top_influencers": [{"author": "黄河新闻网", "platform": "微博", "verification_type": "认证机构", "publish_time": "2026-07-15T17:54:17", "influence": 0.8, "repost_count": 0, "like_count": 1, "comment_count": 1, "title": "【#广西老表遇洪受难山西老醯千里驰援#】#有一种温暖叫山西# 连日来，广西多地遭"}], "platform_chain": {"nodes": [{"name": "新浪新闻", "count": 8, "first_seen": "2026-07-13T10:09:12"}, {"name": "微博", "count": 1, "first_seen": "2026-07-15T17:54:17"}], "links": [{"source": "新浪新闻", "target": "微博", "value": 1}]}}', '2026-07-15 22:17:29', '2026-07-15 22:17:29');
INSERT INTO event_keywords (event_id, word, weight, rank) VALUES (21, '广西', 1.0, 0);
INSERT INTO event_keywords (event_id, word, weight, rank) VALUES (21, '山西', 0.901, 1);
INSERT INTO event_keywords (event_id, word, weight, rank) VALUES (21, '小伙', 0.82, 2);
INSERT INTO event_keywords (event_id, word, weight, rank) VALUES (21, '驰援', 0.656, 3);
INSERT INTO event_keywords (event_id, word, weight, rank) VALUES (21, '千里', 0.624, 4);
INSERT INTO event_keywords (event_id, word, weight, rank) VALUES (21, '支援', 0.479, 5);
INSERT INTO event_keywords (event_id, word, weight, rank) VALUES (21, '意义', 0.479, 6);
INSERT INTO event_keywords (event_id, word, weight, rank) VALUES (21, '河南', 0.472, 7);
INSERT INTO event_platforms (event_id, platform_name, ratio, rank) VALUES (21, '新浪新闻', 0.889, 0);
INSERT INTO event_platforms (event_id, platform_name, ratio, rank) VALUES (21, '微博', 0.111, 1);
INSERT INTO event_trend_daily (event_id, date, count, is_predicted) VALUES (21, '2026-07-13', 1, 0);
INSERT INTO event_trend_daily (event_id, date, count, is_predicted) VALUES (21, '2026-07-14', 3, 0);
INSERT INTO event_trend_daily (event_id, date, count, is_predicted) VALUES (21, '2026-07-15', 5, 0);
INSERT INTO event_trend_daily (event_id, date, count, is_predicted, predict_heat, predict_count) VALUES (21, '2026-07-16', 0, 1, 7.0, 7.0);
INSERT INTO event_trend_daily (event_id, date, count, is_predicted, predict_heat, predict_count) VALUES (21, '2026-07-17', 0, 1, 9.0, 9.0);
INSERT INTO event_trend_daily (event_id, date, count, is_predicted, predict_heat, predict_count) VALUES (21, '2026-07-18', 0, 1, 11.0, 11.0);

INSERT INTO events (event_id, title, heat, report_count, duplicate_count, time_start, time_end, event_time, risk_level, stage, confidence, prob_latent, prob_growth, prob_peak, prob_decline, analysis, positive, neutral, negative, sources, summary, location, cause, people, authenticity, propagation, created_at, updated_at) VALUES (22, '馆长被广西抗洪感动哭', 6.129, 33, 13, '2026-07-10 17:42:54', '2026-07-14 20:38:49', '2026-07-12 12:00:00', 'mid', 'decline', 0.9, 0.0, 0.0, 0.1, 0.9, '当前事件报道数量持续下降，公众关注度减弱，处于衰退期。', 0.935, 0.065, 0.0, '["人民网", "微博", "新浪新闻", "澎湃新闻", "知乎"]', '救援队伍撤离广西百姓热情欢送 【#救援队伍撤离广西百姓热情欢送#】7月11日，广西贵港，汛情险情基本结束，消防救援队伍启程返程，当地百姓自发涌上街头夹道欢送，手捧特产向救援人员表达感激，当地壮族阿姨身着民族盛装含泪相送，用本地最隆重的礼节深深致敬人民子弟兵。', '广西、贵港、英雄', '民众自发欢送跨区域增援贵港的消防救援队伍 7月11日，广西贵港市民众自发欢送跨区域增援贵港的消防救援队伍。', '["高清", "毛宁", "张荣金", "梁焕"]', '{"credibility_score": 0.811, "official_ratio": 0.818, "verified_ratio": 0.97, "plain_user_ratio": 0.03, "verification_dist": {"官方平台": 0.818, "认证个人": 0.091, "认证机构": 0.03, "头部认证个人": 0.03, "普通用户": 0.03}, "factors": ["well_sourced"]}', '{"key_nodes": [{"role": "初始爆料", "author": "爱知乎爱生活", "platform": "知乎", "verification_type": "普通用户", "publish_time": "2026-07-10T19:41:06", "influence": 4.3, "title": "这一幕真的看哭啦！广西村民夹道欢送抗洪战士。这是最真诚地感谢，也是我们的军民鱼水"}, {"role": "首次官方媒体介入", "author": "澎湃新闻", "platform": "澎湃新闻", "verification_type": "官方平台", "publish_time": "2026-07-11T14:56:00", "influence": 0.0, "title": "民众自发欢送跨区域增援贵港的消防救援队伍_锋线视频_澎湃新闻-The Paper"}, {"role": "传播高峰", "author": "人民日报", "platform": "微博", "verification_type": "官方平台", "publish_time": "2026-07-12T23:08:36.000001", "influence": 9748.9, "title": "【#你好，明天#｜军民鱼水情，就是#清澈的爱#】近日，驰援广西贵港的救援队伍启程"}, {"role": "首次大V发声", "author": "软糖Ovq", "platform": "微博", "verification_type": "头部认证个人", "publish_time": "2026-07-13T17:16:51", "influence": 203.7, "title": "#抗洪战士撤离贵港市民赶着送特产##抗洪救援力量撤离贵港群众夹道欢送# 镜头向下"}], "top_influencers": [{"author": "人民日报", "platform": "微博", "verification_type": "官方平台", "publish_time": "2026-07-12T23:08:36.000001", "influence": 9748.9, "repost_count": 968, "like_count": 27443, "comment_count": 1096, "title": "【#你好，明天#｜军民鱼水情，就是#清澈的爱#】近日，驰援广西贵港的救援队伍启程"}, {"author": "人民日报", "platform": "微博", "verification_type": "官方平台", "publish_time": "2026-07-11T16:37:44.999999", "influence": 2898.0, "repost_count": 634, "like_count": 6365, "comment_count": 709, "title": "【辛苦了！#贵港群众夹道欢送救援队伍返程#】#欢送抗洪救援车队的人群望不到头# "}, {"author": "江湖李傅相", "platform": "微博", "verification_type": "认证个人", "publish_time": "2026-07-10T17:42:54", "influence": 1171.2, "repost_count": 54, "like_count": 3664, "comment_count": 36, "title": "这张图真的封神了[good][good][good] #广西洪水##广西#"}, {"author": "空天砺剑", "platform": "微博", "verification_type": "认证个人", "publish_time": "2026-07-10T23:50:36", "influence": 1053.4, "repost_count": 78, "like_count": 3123, "comment_count": 77, "title": "救援人员离开贵港转战横州，群众夹道欢送！ http://t.cn/AXKwhgp"}, {"author": "软糖Ovq", "platform": "微博", "verification_type": "头部认证个人", "publish_time": "2026-07-13T17:16:51", "influence": 203.7, "repost_count": 15, "like_count": 619, "comment_count": 6, "title": "#抗洪战士撤离贵港市民赶着送特产##抗洪救援力量撤离贵港群众夹道欢送# 镜头向下"}], "platform_chain": {"nodes": [{"name": "微博", "count": 7, "first_seen": "2026-07-10T17:42:54"}, {"name": "知乎", "count": 1, "first_seen": "2026-07-10T19:41:06"}, {"name": "澎湃新闻", "count": 2, "first_seen": "2026-07-11T14:56:00"}, {"name": "人民网", "count": 1, "first_seen": "2026-07-11T17:34:24"}, {"name": "新浪新闻", "count": 22, "first_seen": "2026-07-12T09:30:31"}], "links": [{"source": "微博", "target": "知乎", "value": 1}, {"source": "知乎", "target": "澎湃新闻", "value": 2}, {"source": "澎湃新闻", "target": "人民网", "value": 1}, {"source": "人民网", "target": "新浪新闻", "value": 22}]}}', '2026-07-15 22:17:29', '2026-07-15 22:17:29');
INSERT INTO event_keywords (event_id, word, weight, rank) VALUES (22, '救援', 1.0, 0);
INSERT INTO event_keywords (event_id, word, weight, rank) VALUES (22, '抗洪', 0.767, 1);
INSERT INTO event_keywords (event_id, word, weight, rank) VALUES (22, '送别', 0.705, 2);
INSERT INTO event_keywords (event_id, word, weight, rank) VALUES (22, '返程', 0.695, 3);
INSERT INTO event_keywords (event_id, word, weight, rank) VALUES (22, '欢送', 0.678, 4);
INSERT INTO event_keywords (event_id, word, weight, rank) VALUES (22, '子弟兵', 0.673, 5);
INSERT INTO event_keywords (event_id, word, weight, rank) VALUES (22, '馆长', 0.672, 6);
INSERT INTO event_keywords (event_id, word, weight, rank) VALUES (22, '人员', 0.67, 7);
INSERT INTO event_platforms (event_id, platform_name, ratio, rank) VALUES (22, '新浪新闻', 0.667, 0);
INSERT INTO event_platforms (event_id, platform_name, ratio, rank) VALUES (22, '微博', 0.212, 1);
INSERT INTO event_platforms (event_id, platform_name, ratio, rank) VALUES (22, '澎湃新闻', 0.061, 2);
INSERT INTO event_platforms (event_id, platform_name, ratio, rank) VALUES (22, '人民网', 0.03, 3);
INSERT INTO event_platforms (event_id, platform_name, ratio, rank) VALUES (22, '知乎', 0.03, 4);
INSERT INTO event_trend_daily (event_id, date, count, is_predicted) VALUES (22, '2026-07-10', 3, 0);
INSERT INTO event_trend_daily (event_id, date, count, is_predicted) VALUES (22, '2026-07-11', 4, 0);
INSERT INTO event_trend_daily (event_id, date, count, is_predicted) VALUES (22, '2026-07-12', 12, 0);
INSERT INTO event_trend_daily (event_id, date, count, is_predicted) VALUES (22, '2026-07-13', 12, 0);
INSERT INTO event_trend_daily (event_id, date, count, is_predicted) VALUES (22, '2026-07-14', 2, 0);
INSERT INTO event_trend_daily (event_id, date, count, is_predicted, predict_heat, predict_count) VALUES (22, '2026-07-15', 0, 1, 0.0, 0.0);
INSERT INTO event_trend_daily (event_id, date, count, is_predicted, predict_heat, predict_count) VALUES (22, '2026-07-16', 0, 1, 0.0, 0.0);
INSERT INTO event_trend_daily (event_id, date, count, is_predicted, predict_heat, predict_count) VALUES (22, '2026-07-17', 0, 1, 0.0, 0.0);

INSERT INTO events (event_id, title, heat, report_count, duplicate_count, time_start, time_end, event_time, risk_level, stage, confidence, prob_latent, prob_growth, prob_peak, prob_decline, analysis, positive, neutral, negative, sources, summary, location, cause, people, authenticity, propagation, created_at, updated_at) VALUES (23, '广西洪涝救灾的泪目瞬间', 5.98, 13, 0, '2026-07-12 21:57:08', '2026-07-15 17:54:58', '2026-07-12 12:00:00', 'mid', 'peak', 0.9, 0.0, 0.05, 0.9, 0.05, '当前事件报道量已接近峰值，关注度趋于稳定，处于高潮期。', 0.331, 0.364, 0.305, '["微博", "新浪新闻"]', '台风美莎克致贵港洪涝，子弟兵逆行守护 #洪水中的逆行守护#受台风“美莎克”影响，广西贵港遭遇持续强降水，部分地区发生严重洪涝灾害。裹满泥浆的身影、蹚过洪水的肩膀、累到靠墙睡着的脸庞……每一个画面，都是子弟兵守护这片土地的证明。洪水面前，有他们在，就安心。', '广西、台风、贵港', '广西横州：救援中的暖心瞬间。', '["高中学生"]', '{"credibility_score": 0.596, "official_ratio": 0.308, "verified_ratio": 1.0, "plain_user_ratio": 0.0, "verification_dist": {"认证个人": 0.385, "官方平台": 0.308, "头部认证个人": 0.231, "认证机构": 0.077}, "factors": ["well_sourced"]}', '{"key_nodes": [{"role": "初始爆料", "author": "慕娱芯子", "platform": "微博", "verification_type": "头部认证个人", "publish_time": "2026-07-12T21:57:08", "influence": 0.0, "title": "#这些救援中的暖心瞬间#先让孩子吃饱饭再说 故人不独亲其亲，不独子其子，是谓大同"}, {"role": "首次官方媒体介入", "author": "看看新闻KNEWS", "platform": "新浪新闻", "verification_type": "官方平台", "publish_time": "2026-07-13T09:10:54", "influence": 0.0, "title": "广西横州：救援中的暖心瞬间"}, {"role": "传播高峰", "author": "麒炜投资", "platform": "微博", "verification_type": "认证个人", "publish_time": "2026-07-13T09:20:00", "influence": 1015.2, "title": "贵港网友拍下的一幕……这就是产品最好的广告！ http://t.cn/AXKfQ"}], "top_influencers": [{"author": "麒炜投资", "platform": "微博", "verification_type": "认证个人", "publish_time": "2026-07-13T09:20:00", "influence": 1015.2, "repost_count": 171, "like_count": 2594, "comment_count": 132, "title": "贵港网友拍下的一幕……这就是产品最好的广告！ http://t.cn/AXKfQ"}, {"author": "中国气象爱好者", "platform": "微博", "verification_type": "认证个人", "publish_time": "2026-07-12T22:59:20", "influence": 271.0, "repost_count": 48, "like_count": 665, "comment_count": 47, "title": "#贵港##广西洪水##台风美莎克# 广西洪水溃坝：极端台风下无法避免的气候灾难 "}, {"author": "丹麦迷歌", "platform": "微博", "verification_type": "认证个人", "publish_time": "2026-07-14T11:22:59", "influence": 165.8, "repost_count": 2, "like_count": 496, "comment_count": 30, "title": "一方有难，八方支援，希望广西洪水早日退去！#广西洪水# http://t.cn/"}, {"author": "李生论金", "platform": "微博", "verification_type": "头部认证个人", "publish_time": "2026-07-15T16:37:09", "influence": 0.6, "repost_count": 0, "like_count": 2, "comment_count": 0, "title": "分享视频 http://t.cn/AXKp2gZJ"}], "platform_chain": {"nodes": [{"name": "微博", "count": 9, "first_seen": "2026-07-12T21:57:08"}, {"name": "新浪新闻", "count": 4, "first_seen": "2026-07-13T09:10:54"}], "links": [{"source": "微博", "target": "新浪新闻", "value": 4}]}}', '2026-07-15 22:17:29', '2026-07-15 22:17:29');
INSERT INTO event_keywords (event_id, word, weight, rank) VALUES (23, '洪水', 1.0, 0);
INSERT INTO event_keywords (event_id, word, weight, rank) VALUES (23, '广西', 0.683, 1);
INSERT INTO event_keywords (event_id, word, weight, rank) VALUES (23, '瞬间', 0.556, 2);
INSERT INTO event_keywords (event_id, word, weight, rank) VALUES (23, '台风', 0.519, 3);
INSERT INTO event_keywords (event_id, word, weight, rank) VALUES (23, '子弟兵', 0.493, 4);
INSERT INTO event_keywords (event_id, word, weight, rank) VALUES (23, '视频', 0.464, 5);
INSERT INTO event_keywords (event_id, word, weight, rank) VALUES (23, '洪涝', 0.464, 6);
INSERT INTO event_keywords (event_id, word, weight, rank) VALUES (23, '不独', 0.43, 7);
INSERT INTO event_platforms (event_id, platform_name, ratio, rank) VALUES (23, '微博', 0.692, 0);
INSERT INTO event_platforms (event_id, platform_name, ratio, rank) VALUES (23, '新浪新闻', 0.308, 1);
INSERT INTO event_trend_daily (event_id, date, count, is_predicted) VALUES (23, '2026-07-12', 4, 0);
INSERT INTO event_trend_daily (event_id, date, count, is_predicted) VALUES (23, '2026-07-13', 3, 0);
INSERT INTO event_trend_daily (event_id, date, count, is_predicted) VALUES (23, '2026-07-14', 3, 0);
INSERT INTO event_trend_daily (event_id, date, count, is_predicted) VALUES (23, '2026-07-15', 3, 0);
INSERT INTO event_trend_daily (event_id, date, count, is_predicted, predict_heat, predict_count) VALUES (23, '2026-07-16', 0, 1, 3.0, 3.0);
INSERT INTO event_trend_daily (event_id, date, count, is_predicted, predict_heat, predict_count) VALUES (23, '2026-07-17', 0, 1, 3.0, 3.0);
INSERT INTO event_trend_daily (event_id, date, count, is_predicted, predict_heat, predict_count) VALUES (23, '2026-07-18', 0, 1, 3.0, 3.0);

INSERT INTO events (event_id, title, heat, report_count, duplicate_count, time_start, time_end, event_time, risk_level, stage, confidence, prob_latent, prob_growth, prob_peak, prob_decline, analysis, positive, neutral, negative, sources, summary, location, cause, people, authenticity, propagation, created_at, updated_at) VALUES (24, '国产动力舟桥救援广西学子脱险', 5.832, 57, 43, '2026-07-07 22:38:00', '2026-07-13 22:10:01', '2026-07-12 12:00:00', 'mid', 'decline', 0.9, 0.0, 0.0, 0.1, 0.9, '当前事件报道数量持续下降，公众关注度减弱，处于衰退期。', 0.592, 0.408, 0.0, '["人民网", "微博", "新浪新闻", "澎湃新闻", "知乎"]', '单次可载五百余人，救援人员携“水上救援航母”转运广西贵港被洪水围困的学生 近日，台风暴雨引发广西贵港部分地区发生内涝，贵港市广西物流职业技术学院6000余名学生被困。7月8日17时，中国安能组装应急动力舟桥前往该学校转移被困学生。队员介绍应急动力舟桥自带动力、架设快速、机动灵活，可快速搭建形成水上作业平台，单次可运载500余人，被誉为“水上救援航母”。', '广西、贵港、舟桥', '7月7日晚，广西贵港市教育局通报该市城区部分学校物资保障情况及学生安置情况，全文如下： 关于贵港市城区高中学校物资保障及学生安置情况的通报受近期台风影响，我市城区部分学校出现严重内涝，其中贵港市高级中学、达开高级中学、大将高级中学等高中校园积水较深，导致师生出行受阻，学习生活受到一定影响。', '["廖小华", "高喊", "李蕊", "武警官兵", "唐燕丽"]', '{"credibility_score": 0.73, "official_ratio": 0.684, "verified_ratio": 0.93, "plain_user_ratio": 0.07, "verification_dist": {"官方平台": 0.684, "认证机构": 0.14, "普通用户": 0.07, "认证个人": 0.053, "头部认证个人": 0.053}, "factors": ["high_duplicate_rate", "well_sourced"]}', '{"key_nodes": [{"role": "首次官方媒体介入", "author": "澎湃新闻", "platform": "澎湃新闻", "verification_type": "官方平台", "publish_time": "2026-07-07T22:38:00", "influence": 0.0, "title": "广西贵港市多所高中严重内涝学生出行受阻，多部门联动确保学生安全和物资保障_直击现"}, {"role": "首次大V发声", "author": "百姓关注", "platform": "微博", "verification_type": "认证机构", "publish_time": "2026-07-09T13:15:47.999999", "influence": 4447.9, "title": "【“它也想哭了，累得动不了” 广东蓝天#救援队转移学生顺手捞上无助小猪# 】7月"}, {"role": "传播高峰", "author": "央视新闻", "platform": "微博", "verification_type": "官方平台", "publish_time": "2026-07-09T18:00:00", "influence": 9989.2, "title": "【硬核救援！#救援航母出现那一刻安全感拉满#】#救援航母上响起歌唱祖国# 近日，"}, {"role": "初始爆料", "author": "LECOME乐康优品", "platform": "知乎", "verification_type": "普通用户", "publish_time": "2026-07-10T10:06:16", "influence": 0.3, "title": "贵港1.2万师生被困“孤岛”，解放军冲锋舟劈开洪水：灾难面前的“中国速度”是怎么"}], "top_influencers": [{"author": "央视新闻", "platform": "微博", "verification_type": "官方平台", "publish_time": "2026-07-09T18:00:00", "influence": 9989.2, "repost_count": 1916, "like_count": 24739, "comment_count": 1303, "title": "【硬核救援！#救援航母出现那一刻安全感拉满#】#救援航母上响起歌唱祖国# 近日，"}, {"author": "央视新闻", "platform": "微博", "verification_type": "官方平台", "publish_time": "2026-07-09T10:21:12", "influence": 9906.9, "repost_count": 1311, "like_count": 26883, "comment_count": 1062, "title": "【#当救援航母驶入洪水校园#[心]】#动力舟桥洪水中化身生命方舟# 近日，广西贵"}, {"author": "绿茶发言大赏", "platform": "微博", "verification_type": "认证个人", "publish_time": "2026-07-10T20:03:27", "influence": 6381.2, "repost_count": 581, "like_count": 18819, "comment_count": 309, "title": "感觉这张照片可以上《感动中国》了[苦涩] 广西贵港洪灾区蓝天救援队在转移贵港高中"}, {"author": "中国新闻网", "platform": "微博", "verification_type": "认证机构", "publish_time": "2026-07-09T19:09:13", "influence": 6346.1, "repost_count": 907, "like_count": 16407, "comment_count": 1034, "title": "【致敬！#贵港救援人员席地而坐冒雨吃饭#】广西贵港一线救援人员席地而坐，在雨中休"}, {"author": "秦祎墨", "platform": "微博", "verification_type": "认证个人", "publish_time": "2026-07-11T13:40:39", "influence": 5182.4, "repost_count": 1694, "like_count": 11523, "comment_count": 63, "title": "最近有两个新闻： 第一个新闻：广西洪水，有很多学生被困学校，转以后其实接走的都不"}], "platform_chain": {"nodes": [{"name": "澎湃新闻", "count": 7, "first_seen": "2026-07-07T22:38:00"}, {"name": "微博", "count": 18, "first_seen": "2026-07-09T09:33:00"}, {"name": "人民网", "count": 6, "first_seen": "2026-07-09T17:56:24"}, {"name": "新浪新闻", "count": 20, "first_seen": "2026-07-10T09:00:00"}, {"name": "知乎", "count": 5, "first_seen": "2026-07-10T10:06:16"}], "links": [{"source": "澎湃新闻", "target": "微博", "value": 18}, {"source": "微博", "target": "人民网", "value": 6}, {"source": "人民网", "target": "新浪新闻", "value": 20}, {"source": "新浪新闻", "target": "知乎", "value": 5}]}}', '2026-07-15 22:17:29', '2026-07-15 22:17:29');
INSERT INTO event_keywords (event_id, word, weight, rank) VALUES (24, '本科', 1.0, 0);
INSERT INTO event_keywords (event_id, word, weight, rank) VALUES (24, '招生', 0.917, 1);
INSERT INTO event_keywords (event_id, word, weight, rank) VALUES (24, '民办', 0.896, 2);
INSERT INTO event_keywords (event_id, word, weight, rank) VALUES (24, '救援', 0.814, 3);
INSERT INTO event_keywords (event_id, word, weight, rank) VALUES (24, '舟桥', 0.602, 4);
INSERT INTO event_keywords (event_id, word, weight, rank) VALUES (24, '学生', 0.596, 5);
INSERT INTO event_keywords (event_id, word, weight, rank) VALUES (24, '院校', 0.548, 6);
INSERT INTO event_keywords (event_id, word, weight, rank) VALUES (24, '动力', 0.519, 7);
INSERT INTO event_platforms (event_id, platform_name, ratio, rank) VALUES (24, '新浪新闻', 0.351, 0);
INSERT INTO event_platforms (event_id, platform_name, ratio, rank) VALUES (24, '微博', 0.316, 1);
INSERT INTO event_platforms (event_id, platform_name, ratio, rank) VALUES (24, '澎湃新闻', 0.14, 2);
INSERT INTO event_platforms (event_id, platform_name, ratio, rank) VALUES (24, '人民网', 0.105, 3);
INSERT INTO event_platforms (event_id, platform_name, ratio, rank) VALUES (24, '知乎', 0.088, 4);
INSERT INTO event_trend_daily (event_id, date, count, is_predicted) VALUES (24, '2026-07-07', 1, 0);
INSERT INTO event_trend_daily (event_id, date, count, is_predicted) VALUES (24, '2026-07-08', 0, 0);
INSERT INTO event_trend_daily (event_id, date, count, is_predicted) VALUES (24, '2026-07-09', 12, 0);
INSERT INTO event_trend_daily (event_id, date, count, is_predicted) VALUES (24, '2026-07-10', 9, 0);
INSERT INTO event_trend_daily (event_id, date, count, is_predicted) VALUES (24, '2026-07-11', 9, 0);
INSERT INTO event_trend_daily (event_id, date, count, is_predicted) VALUES (24, '2026-07-12', 16, 0);
INSERT INTO event_trend_daily (event_id, date, count, is_predicted) VALUES (24, '2026-07-13', 9, 0);
INSERT INTO event_trend_daily (event_id, date, count, is_predicted, predict_heat, predict_count) VALUES (24, '2026-07-14', 0, 1, 9.0, 9.0);
INSERT INTO event_trend_daily (event_id, date, count, is_predicted, predict_heat, predict_count) VALUES (24, '2026-07-15', 0, 1, 9.0, 9.0);
INSERT INTO event_trend_daily (event_id, date, count, is_predicted, predict_heat, predict_count) VALUES (24, '2026-07-16', 0, 1, 9.0, 9.0);

INSERT INTO events (event_id, title, heat, report_count, duplicate_count, time_start, time_end, event_time, risk_level, stage, confidence, prob_latent, prob_growth, prob_peak, prob_decline, analysis, positive, neutral, negative, sources, summary, location, cause, people, authenticity, propagation, created_at, updated_at) VALUES (25, '河南将迎暴雨或大暴雨', 5.832, 9, 1, '2026-07-13 16:57:09', '2026-07-15 10:11:01', '2026-07-15 12:00:00', 'mid', 'growth', 0.9, 0.05, 0.9, 0.05, 0.0, '当前事件报道数量持续增加，公众关注度快速提升，处于成长期。', 0.312, 0.312, 0.375, '["微博", "新浪新闻"]', '河南将迎暴雨或大暴雨，两预警拉响防内涝 bs#河南将迎暴雨或大暴雨#不中了不中了，这台风后的强对流天气都直接影响到内陆去了，两个预警直接拉响，一定要注意水浸和内涝。', '河南、广西、甘肃', '你熟睡的深夜，他们在暴雨中逆行守护 你熟睡的深夜，他们在暴雨中逆行守护#甘肃卫视##甘肃卫视法治伴你行##临夏州##防汛##降雨天气##排查隐患##保障安全#。', '["黄淮"]', '{"credibility_score": 0.943, "official_ratio": 0.889, "verified_ratio": 1.0, "plain_user_ratio": 0.0, "verification_dist": {"官方平台": 0.889, "认证机构": 0.111}, "factors": ["well_sourced"]}', '{"key_nodes": [{"role": "初始爆料", "author": "信阳网信", "platform": "微博", "verification_type": "认证机构", "publish_time": "2026-07-13T16:57:09", "influence": 0.0, "title": "#哪里需要帮助哪里就有河南人#【“又是河南！哪里有难哪里就有河南人”】 “河南志"}, {"role": "首次官方媒体介入", "author": "人民网", "platform": "微博", "verification_type": "官方平台", "publish_time": "2026-07-13T20:20:07", "influence": 39.0, "title": "【#感谢洪水中逆行的他们#】救援人员怀中的婴儿在滂沱大雨中安稳入眠；河南爱心人士"}], "top_influencers": [{"author": "人民网", "platform": "微博", "verification_type": "官方平台", "publish_time": "2026-07-13T20:20:07", "influence": 39.0, "repost_count": 5, "like_count": 60, "comment_count": 32, "title": "【#感谢洪水中逆行的他们#】救援人员怀中的婴儿在滂沱大雨中安稳入眠；河南爱心人士"}], "platform_chain": {"nodes": [{"name": "微博", "count": 2, "first_seen": "2026-07-13T16:57:09"}, {"name": "新浪新闻", "count": 7, "first_seen": "2026-07-14T11:03:43"}], "links": [{"source": "微博", "target": "新浪新闻", "value": 7}]}}', '2026-07-15 22:17:29', '2026-07-15 22:17:29');
INSERT INTO event_keywords (event_id, word, weight, rank) VALUES (25, '河南', 1.0, 0);
INSERT INTO event_keywords (event_id, word, weight, rank) VALUES (25, '哪里', 0.97, 1);
INSERT INTO event_keywords (event_id, word, weight, rank) VALUES (25, '暴雨', 0.818, 2);
INSERT INTO event_keywords (event_id, word, weight, rank) VALUES (25, '大暴雨', 0.73, 3);
INSERT INTO event_keywords (event_id, word, weight, rank) VALUES (25, '预警', 0.692, 4);
INSERT INTO event_keywords (event_id, word, weight, rank) VALUES (25, '拉响', 0.491, 5);
INSERT INTO event_keywords (event_id, word, weight, rank) VALUES (25, '河南人', 0.485, 6);
INSERT INTO event_keywords (event_id, word, weight, rank) VALUES (25, '守护', 0.427, 7);
INSERT INTO event_platforms (event_id, platform_name, ratio, rank) VALUES (25, '新浪新闻', 0.778, 0);
INSERT INTO event_platforms (event_id, platform_name, ratio, rank) VALUES (25, '微博', 0.222, 1);
INSERT INTO event_trend_daily (event_id, date, count, is_predicted) VALUES (25, '2026-07-13', 2, 0);
INSERT INTO event_trend_daily (event_id, date, count, is_predicted) VALUES (25, '2026-07-14', 2, 0);
INSERT INTO event_trend_daily (event_id, date, count, is_predicted) VALUES (25, '2026-07-15', 5, 0);
INSERT INTO event_trend_daily (event_id, date, count, is_predicted, predict_heat, predict_count) VALUES (25, '2026-07-16', 0, 1, 6.5, 6.5);
INSERT INTO event_trend_daily (event_id, date, count, is_predicted, predict_heat, predict_count) VALUES (25, '2026-07-17', 0, 1, 8.0, 8.0);
INSERT INTO event_trend_daily (event_id, date, count, is_predicted, predict_heat, predict_count) VALUES (25, '2026-07-18', 0, 1, 9.5, 9.5);

INSERT INTO events (event_id, title, heat, report_count, duplicate_count, time_start, time_end, event_time, risk_level, stage, confidence, prob_latent, prob_growth, prob_peak, prob_decline, analysis, positive, neutral, negative, sources, summary, location, cause, people, authenticity, propagation, created_at, updated_at) VALUES (26, '广西洪水肆虐子弟兵星夜驰援', 5.585, 16, 6, '2026-07-12 21:58:45', '2026-07-15 17:08:00', '2026-07-13 12:00:00', 'mid', 'decline', 0.9, 0.0, 0.0, 0.1, 0.9, '当前事件报道数量持续下降，公众关注度减弱，处于衰退期。', 0.87, 0.13, 0.0, '["微博", "新浪新闻"]', '青岛16勇士驰援广西两天转运200余村民 【青岛故事｜#青岛16勇士驰援广西两天转运200余村民#，#青岛16名志愿者跨两千余里驰援广西#】7月9日，青岛胶州的16名勇士跨越2300公里，驰援受台风 “美莎克” 影响遭遇极端强降雨的广西。截至7月12日下午，救援队已转运当地200余人，重点转运患病群众就医。当地高温潮湿环境让队员们身生痱子、衣物湿透，却收获当地群众送龙眼、老人致谢等暖心瞬间。', '广西、江西、贵港', '广西洪水肆虐子弟兵星夜驰援 #中国海军奋进新时代[超话]# 广西洪水肆虐，子弟兵星夜驰援。', '["李宗明", "陆军", "武警官兵"]', '{"credibility_score": 0.835, "official_ratio": 0.75, "verified_ratio": 1.0, "plain_user_ratio": 0.0, "verification_dist": {"官方平台": 0.75, "认证机构": 0.188, "认证个人": 0.062}, "factors": ["well_sourced"]}', '{"key_nodes": [{"role": "初始爆料", "author": "土楼先生", "platform": "微博", "verification_type": "认证个人", "publish_time": "2026-07-12T21:58:45", "influence": 0.0, "title": "为扛楼战神波哥点赞。素有扛楼战神之称的波哥，主动奔赴受灾村落。进村道路被洪水淤泥"}, {"role": "首次官方媒体介入", "author": "北锋迷彩情报站", "platform": "新浪新闻", "verification_type": "官方平台", "publish_time": "2026-07-13T06:10:44", "influence": 0.0, "title": "广西洪水肆虐子弟兵星夜驰援"}, {"role": "首次大V发声", "author": "央视军事报道", "platform": "微博", "verification_type": "认证机构", "publish_time": "2026-07-13T20:55:54", "influence": 0.8, "title": "#抢险救援 子弟兵在行动#经过几天的救援，广西横州洪水逐步减退。今天，解放军和武"}], "top_influencers": [{"author": "央视军事报道", "platform": "微博", "verification_type": "认证机构", "publish_time": "2026-07-13T20:55:54", "influence": 0.8, "repost_count": 0, "like_count": 1, "comment_count": 1, "title": "#抢险救援 子弟兵在行动#经过几天的救援，广西横州洪水逐步减退。今天，解放军和武"}], "platform_chain": {"nodes": [{"name": "微博", "count": 4, "first_seen": "2026-07-12T21:58:45"}, {"name": "新浪新闻", "count": 12, "first_seen": "2026-07-13T06:10:44"}], "links": [{"source": "微博", "target": "新浪新闻", "value": 12}]}}', '2026-07-15 22:17:29', '2026-07-15 22:17:29');
INSERT INTO event_keywords (event_id, word, weight, rank) VALUES (26, '江西', 1.0, 0);
INSERT INTO event_keywords (event_id, word, weight, rank) VALUES (26, '广西', 0.582, 1);
INSERT INTO event_keywords (event_id, word, weight, rank) VALUES (26, '退去', 0.5, 2);
INSERT INTO event_keywords (event_id, word, weight, rank) VALUES (26, '驰援', 0.499, 3);
INSERT INTO event_keywords (event_id, word, weight, rank) VALUES (26, '青岛', 0.447, 4);
INSERT INTO event_keywords (event_id, word, weight, rank) VALUES (26, '子弟兵', 0.428, 5);
INSERT INTO event_keywords (event_id, word, weight, rank) VALUES (26, '当地', 0.383, 6);
INSERT INTO event_keywords (event_id, word, weight, rank) VALUES (26, '转运', 0.319, 7);
INSERT INTO event_platforms (event_id, platform_name, ratio, rank) VALUES (26, '新浪新闻', 0.75, 0);
INSERT INTO event_platforms (event_id, platform_name, ratio, rank) VALUES (26, '微博', 0.25, 1);
INSERT INTO event_trend_daily (event_id, date, count, is_predicted) VALUES (26, '2026-07-12', 1, 0);
INSERT INTO event_trend_daily (event_id, date, count, is_predicted) VALUES (26, '2026-07-13', 10, 0);
INSERT INTO event_trend_daily (event_id, date, count, is_predicted) VALUES (26, '2026-07-14', 4, 0);
INSERT INTO event_trend_daily (event_id, date, count, is_predicted) VALUES (26, '2026-07-15', 1, 0);
INSERT INTO event_trend_daily (event_id, date, count, is_predicted, predict_heat, predict_count) VALUES (26, '2026-07-16', 0, 1, 0.0, 0.0);
INSERT INTO event_trend_daily (event_id, date, count, is_predicted, predict_heat, predict_count) VALUES (26, '2026-07-17', 0, 1, 0.0, 0.0);
INSERT INTO event_trend_daily (event_id, date, count, is_predicted, predict_heat, predict_count) VALUES (26, '2026-07-18', 0, 1, 0.0, 0.0);

INSERT INTO events (event_id, title, heat, report_count, duplicate_count, time_start, time_end, event_time, risk_level, stage, confidence, prob_latent, prob_growth, prob_peak, prob_decline, analysis, positive, neutral, negative, sources, summary, location, cause, people, authenticity, propagation, created_at, updated_at) VALUES (27, '洪水暴雨中他们用肩膀扛起希望', 5.513, 15, 4, '2026-07-11 06:07:22', '2026-07-14 19:28:24', '2026-07-14 12:00:00', 'mid', 'decline', 0.9, 0.0, 0.0, 0.1, 0.9, '当前事件报道数量持续下降，公众关注度减弱，处于衰退期。', 0.651, 0.163, 0.186, '["微博", "新浪新闻", "知乎"]', '阿根廷队宣布向广西灾区捐赠物资回馈中国球迷 这就是足球的温度。阿根廷国家队官宣想给广西洪灾灾区捐赠物资，说是为了回馈世界杯期间中国球迷的呐喊与支持。水杯、毛巾、球衣……这些带着球队印记的周边，此刻不再是简单的商品，而是跨越山海的牵挂。', '广西、中国、甘肃', '发布时间：2026-07-12 13:47:56 来源：中国长安网 简介： #致敬乘风破浪的人#【#洪水暴雨中他们用肩膀扛起希望#】南宁、贵港、钦州、防城港、柳州、北海……广西多地遭遇洪涝，民警蹚着齐腰浑水挨家挨户搜救。', '["毛巾"]', '{"credibility_score": 0.687, "official_ratio": 0.467, "verified_ratio": 0.933, "plain_user_ratio": 0.067, "verification_dist": {"官方平台": 0.467, "认证机构": 0.267, "认证个人": 0.2, "普通用户": 0.067}, "factors": ["well_sourced"]}', '{"key_nodes": [{"role": "初始爆料", "author": "济局小乐火车运转", "platform": "知乎", "verification_type": "普通用户", "publish_time": "2026-07-11T06:07:22", "influence": 0.6, "title": "希望社会吸取教训，增加洪水高效疏解措施和防风建筑"}, {"role": "首次官方媒体介入", "author": "中国长安网", "platform": "新浪新闻", "verification_type": "官方平台", "publish_time": "2026-07-12T13:47:55.999999", "influence": 0.0, "title": "洪水暴雨中他们用肩膀扛起希望"}, {"role": "首次大V发声", "author": "央视频", "platform": "微博", "verification_type": "认证机构", "publish_time": "2026-07-12T15:03:48", "influence": 11.4, "title": "【#广西救援水陆空接力送希望#[心]】 #一天往返60多趟的生命摆渡# 一天往返"}, {"role": "传播高峰", "author": "阿根廷国家足球队", "platform": "微博", "verification_type": "认证机构", "publish_time": "2026-07-14T01:08:17", "influence": 14944.1, "title": "我们看到了中国广西洪水的新闻，非常希望为中国的阿根廷球迷、广西的阿根廷球迷做些什"}], "top_influencers": [{"author": "阿根廷国家足球队", "platform": "微博", "verification_type": "认证机构", "publish_time": "2026-07-14T01:08:17", "influence": 14944.1, "repost_count": 2626, "like_count": 37882, "comment_count": 1907, "title": "我们看到了中国广西洪水的新闻，非常希望为中国的阿根廷球迷、广西的阿根廷球迷做些什"}, {"author": "UNISKIN优时颜", "platform": "微博", "verification_type": "认证机构", "publish_time": "2026-07-13T19:06:14", "influence": 7776.3, "repost_count": 2584, "like_count": 15301, "comment_count": 1204, "title": "风雨同舟，接力希望。ALH携手@JBL中国 、UNISKIN优时颜、 @MIST"}, {"author": "观察者网", "platform": "微博", "verification_type": "认证机构", "publish_time": "2026-07-14T08:23:22", "influence": 817.7, "repost_count": 25, "like_count": 2039, "comment_count": 362, "title": "#阿根廷队想给广西捐赠物资#【阿根廷队：愿为广西捐赠物资】7月14日，@阿根廷国"}, {"author": "包容万物恒河水", "platform": "微博", "verification_type": "认证个人", "publish_time": "2026-07-14T10:01:07", "influence": 426.8, "repost_count": 15, "like_count": 1121, "comment_count": 151, "title": "🔻这个态度可以。挺好。 #阿根廷队想给广西捐赠物资##海外新鲜事##非正经观战世"}, {"author": "央视频", "platform": "微博", "verification_type": "认证机构", "publish_time": "2026-07-12T15:03:48", "influence": 11.4, "repost_count": 2, "like_count": 28, "comment_count": 2, "title": "【#广西救援水陆空接力送希望#[心]】 #一天往返60多趟的生命摆渡# 一天往返"}], "platform_chain": {"nodes": [{"name": "知乎", "count": 1, "first_seen": "2026-07-11T06:07:22"}, {"name": "新浪新闻", "count": 7, "first_seen": "2026-07-12T13:47:55.999999"}, {"name": "微博", "count": 7, "first_seen": "2026-07-12T15:03:48"}], "links": [{"source": "知乎", "target": "新浪新闻", "value": 7}, {"source": "新浪新闻", "target": "微博", "value": 7}]}}', '2026-07-15 22:17:29', '2026-07-15 22:17:29');
INSERT INTO event_keywords (event_id, word, weight, rank) VALUES (27, '阿根廷', 1.0, 0);
INSERT INTO event_keywords (event_id, word, weight, rank) VALUES (27, '阿根廷队', 0.93, 1);
INSERT INTO event_keywords (event_id, word, weight, rank) VALUES (27, '中国', 0.916, 2);
INSERT INTO event_keywords (event_id, word, weight, rank) VALUES (27, '球迷', 0.879, 3);
INSERT INTO event_keywords (event_id, word, weight, rank) VALUES (27, '捐赠', 0.812, 4);
INSERT INTO event_keywords (event_id, word, weight, rank) VALUES (27, '跨越', 0.526, 5);
INSERT INTO event_keywords (event_id, word, weight, rank) VALUES (27, '广西', 0.524, 6);
INSERT INTO event_keywords (event_id, word, weight, rank) VALUES (27, '一天', 0.505, 7);
INSERT INTO event_platforms (event_id, platform_name, ratio, rank) VALUES (27, '新浪新闻', 0.467, 0);
INSERT INTO event_platforms (event_id, platform_name, ratio, rank) VALUES (27, '微博', 0.467, 1);
INSERT INTO event_platforms (event_id, platform_name, ratio, rank) VALUES (27, '知乎', 0.067, 2);
INSERT INTO event_trend_daily (event_id, date, count, is_predicted) VALUES (27, '2026-07-11', 1, 0);
INSERT INTO event_trend_daily (event_id, date, count, is_predicted) VALUES (27, '2026-07-12', 2, 0);
INSERT INTO event_trend_daily (event_id, date, count, is_predicted) VALUES (27, '2026-07-13', 2, 0);
INSERT INTO event_trend_daily (event_id, date, count, is_predicted) VALUES (27, '2026-07-14', 10, 0);
INSERT INTO event_trend_daily (event_id, date, count, is_predicted, predict_heat, predict_count) VALUES (27, '2026-07-15', 0, 1, 14.0, 14.0);
INSERT INTO event_trend_daily (event_id, date, count, is_predicted, predict_heat, predict_count) VALUES (27, '2026-07-16', 0, 1, 18.0, 18.0);
INSERT INTO event_trend_daily (event_id, date, count, is_predicted, predict_heat, predict_count) VALUES (27, '2026-07-17', 0, 1, 22.0, 22.0);

INSERT INTO events (event_id, title, heat, report_count, duplicate_count, time_start, time_end, event_time, risk_level, stage, confidence, prob_latent, prob_growth, prob_peak, prob_decline, analysis, positive, neutral, negative, sources, summary, location, cause, people, authenticity, propagation, created_at, updated_at) VALUES (28, '六蓝水库洪灾已致26人死亡', 5.022, 28, 4, '2026-07-07 20:35:58', '2026-07-15 17:46:27', '2026-07-12 12:00:00', 'mid', 'peak', 0.9, 0.0, 0.05, 0.9, 0.05, '当前事件报道量已接近峰值，关注度趋于稳定，处于高潮期。', 0.182, 0.455, 0.364, '["人民网", "微博", "新浪新闻", "澎湃新闻", "知乎"]', '7月9日，广西南宁市召开第三次新闻发布会，通报南宁市、横州市、宾阳县防汛救灾进展情况并回答记者提问。截至今天上午11时，全市共转移安置6.45万人。横州市应转移人数5.45万人，宾阳县应转移人数9321人，均已全部安全转移安置到位。', '广西、台风、贵港', '7月7日，有多位网民在微信群聊、社交媒体平台发布信息称，“贵港园博园附近的养蛇场被淹，毒蛇出逃，多人被蛇咬伤”，引发群众关注及恐慌。', '["刘英聪", "陆绍相", "付华周", "付华"]', '{"credibility_score": 0.555, "official_ratio": 0.321, "verified_ratio": 0.75, "plain_user_ratio": 0.25, "verification_dist": {"官方平台": 0.321, "普通用户": 0.25, "认证机构": 0.179, "认证个人": 0.143, "头部认证个人": 0.107}, "factors": ["well_sourced"]}', '{"key_nodes": [{"role": "首次官方媒体介入", "author": "央视新闻", "platform": "微博", "verification_type": "官方平台", "publish_time": "2026-07-07T20:35:58", "influence": 2054.0, "title": "【#广西因灾死亡6人失联11人#】#广西受灾人口37.5万人# #广西防汛救灾发"}, {"role": "首次大V发声", "author": "钱江视频", "platform": "微博", "verification_type": "认证机构", "publish_time": "2026-07-07T22:21:54", "influence": 630.5, "title": "【#广西辟谣贵港养蛇场有蛇出逃#：不存在蛇外逃、扩散的风险情况】#广西因灾死亡6"}, {"role": "初始爆料", "author": "中飞航空", "platform": "知乎", "verification_type": "普通用户", "publish_time": "2026-07-10T09:39:42", "influence": 0.0, "title": "警钟长鸣！南宁六蓝水库溃口灾情敲响防汛警钟 - 知乎"}], "top_influencers": [{"author": "央视新闻", "platform": "微博", "verification_type": "官方平台", "publish_time": "2026-07-07T20:35:58", "influence": 2054.0, "repost_count": 532, "like_count": 4075, "comment_count": 599, "title": "【#广西因灾死亡6人失联11人#】#广西受灾人口37.5万人# #广西防汛救灾发"}, {"author": "钱江视频", "platform": "微博", "verification_type": "认证机构", "publish_time": "2026-07-07T22:21:54", "influence": 630.5, "repost_count": 60, "like_count": 1705, "comment_count": 118, "title": "【#广西辟谣贵港养蛇场有蛇出逃#：不存在蛇外逃、扩散的风险情况】#广西因灾死亡6"}, {"author": "費德外科", "platform": "微博", "verification_type": "普通用户", "publish_time": "2026-07-15T15:17:18", "influence": 32.1, "repost_count": 25, "like_count": 22, "comment_count": 1, "title": "南方周末这篇六蓝水库溃口前24h的报道在chinadigitaltimes有存档"}, {"author": "健康与自", "platform": "微博", "verification_type": "头部认证个人", "publish_time": "2026-07-12T00:11:37", "influence": 3.6, "repost_count": 0, "like_count": 12, "comment_count": 0, "title": "#广西洪水#2026年7月，受台风“美莎克”影响，广西遭遇历史罕见极端暴雨，多条"}, {"author": "是幸运的千问哇", "platform": "微博", "verification_type": "头部认证个人", "publish_time": "2026-07-12T20:52:55.000001", "influence": 3.3, "repost_count": 0, "like_count": 11, "comment_count": 0, "title": "#台风美莎克#警惕！受台风“美莎克”残余环流影响，广西多地正遭遇历史罕见的持续性"}], "platform_chain": {"nodes": [{"name": "微博", "count": 17, "first_seen": "2026-07-07T20:35:58"}, {"name": "澎湃新闻", "count": 4, "first_seen": "2026-07-08T10:10:00"}, {"name": "知乎", "count": 3, "first_seen": "2026-07-09T09:40:37"}, {"name": "人民网", "count": 1, "first_seen": "2026-07-09T14:37:40"}, {"name": "新浪新闻", "count": 3, "first_seen": "2026-07-09T16:02:28"}], "links": [{"source": "微博", "target": "澎湃新闻", "value": 4}, {"source": "澎湃新闻", "target": "知乎", "value": 3}, {"source": "知乎", "target": "人民网", "value": 1}, {"source": "人民网", "target": "新浪新闻", "value": 3}]}}', '2026-07-15 22:17:29', '2026-07-15 22:17:29');
INSERT INTO event_keywords (event_id, word, weight, rank) VALUES (28, '洪水', 1.0, 0);
INSERT INTO event_keywords (event_id, word, weight, rank) VALUES (28, '死亡', 0.74, 1);
INSERT INTO event_keywords (event_id, word, weight, rank) VALUES (28, '出逃', 0.706, 2);
INSERT INTO event_keywords (event_id, word, weight, rank) VALUES (28, '南宁市', 0.706, 3);
INSERT INTO event_keywords (event_id, word, weight, rank) VALUES (28, '广西', 0.7, 4);
INSERT INTO event_keywords (event_id, word, weight, rank) VALUES (28, '洪灾', 0.682, 5);
INSERT INTO event_keywords (event_id, word, weight, rank) VALUES (28, '物资', 0.586, 6);
INSERT INTO event_keywords (event_id, word, weight, rank) VALUES (28, '群众', 0.581, 7);
INSERT INTO event_platforms (event_id, platform_name, ratio, rank) VALUES (28, '微博', 0.607, 0);
INSERT INTO event_platforms (event_id, platform_name, ratio, rank) VALUES (28, '澎湃新闻', 0.143, 1);
INSERT INTO event_platforms (event_id, platform_name, ratio, rank) VALUES (28, '新浪新闻', 0.107, 2);
INSERT INTO event_platforms (event_id, platform_name, ratio, rank) VALUES (28, '知乎', 0.107, 3);
INSERT INTO event_platforms (event_id, platform_name, ratio, rank) VALUES (28, '人民网', 0.036, 4);
INSERT INTO event_trend_daily (event_id, date, count, is_predicted) VALUES (28, '2026-07-07', 2, 0);
INSERT INTO event_trend_daily (event_id, date, count, is_predicted) VALUES (28, '2026-07-08', 2, 0);
INSERT INTO event_trend_daily (event_id, date, count, is_predicted) VALUES (28, '2026-07-09', 5, 0);
INSERT INTO event_trend_daily (event_id, date, count, is_predicted) VALUES (28, '2026-07-10', 2, 0);
INSERT INTO event_trend_daily (event_id, date, count, is_predicted) VALUES (28, '2026-07-11', 0, 0);
INSERT INTO event_trend_daily (event_id, date, count, is_predicted) VALUES (28, '2026-07-12', 14, 0);
INSERT INTO event_trend_daily (event_id, date, count, is_predicted) VALUES (28, '2026-07-13', 0, 0);
INSERT INTO event_trend_daily (event_id, date, count, is_predicted) VALUES (28, '2026-07-14', 0, 0);
INSERT INTO event_trend_daily (event_id, date, count, is_predicted) VALUES (28, '2026-07-15', 3, 0);
INSERT INTO event_trend_daily (event_id, date, count, is_predicted, predict_heat, predict_count) VALUES (28, '2026-07-16', 0, 1, 4.5, 4.5);
INSERT INTO event_trend_daily (event_id, date, count, is_predicted, predict_heat, predict_count) VALUES (28, '2026-07-17', 0, 1, 6.0, 6.0);
INSERT INTO event_trend_daily (event_id, date, count, is_predicted, predict_heat, predict_count) VALUES (28, '2026-07-18', 0, 1, 7.5, 7.5);

-- gold_price.json: 8/18 clusters (heat >= 5.0)
INSERT INTO events (event_id, title, heat, report_count, duplicate_count, time_start, time_end, event_time, risk_level, stage, confidence, prob_latent, prob_growth, prob_peak, prob_decline, analysis, positive, neutral, negative, sources, summary, location, cause, people, authenticity, propagation, created_at, updated_at) VALUES (29, '美联储为何保留加息选项', 37.353, 62, 3, '2026-07-11 12:00:00', '2026-07-15 17:20:19', '2026-07-14 12:00:00', 'high', 'decline', 0.9, 0.0, 0.0, 0.1, 0.9, '当前事件报道数量持续下降，公众关注度减弱，处于衰退期。', 0.643, 0.238, 0.119, '["微博", "新浪新闻", "知乎"]', '（来源：今日金价行情） 周三(7月15日)亚市早盘，现货黄金价格维持坚挺走势，金价目前交投在4055美元/盎司附近。上一交易日，受疲软美国CPI数据影响，金价暴涨逾50美元。FXStreet分析师Christian Borjon Valencia最新撰文，对金价走势进行分析。', '美国、美伊、中东', '汇通网 汇通财经APP讯—— 本月上旬，美元走弱带动黄金短暂走高，当时市场普遍认为上涨行情会延续，但美联储 公开市场委员会（FOMC）会议纪要发布之后局势逆转。', '["白银", "特朗普", "高盛", "沃勒", "黄金周"]', '{"credibility_score": 0.485, "official_ratio": 0.274, "verified_ratio": 0.823, "plain_user_ratio": 0.177, "verification_dist": {"认证个人": 0.371, "官方平台": 0.274, "头部认证个人": 0.177, "普通用户": 0.177}, "factors": ["well_sourced"]}', '{"key_nodes": [{"role": "首次大V发声", "author": "Hydrocracking大地采集者", "platform": "微博", "verification_type": "头部认证个人", "publish_time": "2026-07-13T15:12:00", "influence": 1.2, "title": "#金价# 黄金跌破4050美元，跌超1.6%——这回不是中东炮火吓的，而是美国通"}, {"role": "首次官方媒体介入", "author": "实时速报", "platform": "新浪新闻", "verification_type": "官方平台", "publish_time": "2026-07-13T20:06:20", "influence": 0.0, "title": "金价走势取决于CPI数据、沃什表态以及霍尔木兹海峡地缘风险"}, {"role": "初始爆料", "author": "华尔街之犬-老狼", "platform": "微博", "verification_type": "普通用户", "publish_time": "2026-07-13T20:21:01", "influence": 0.0, "title": "中东冲突推高油价，引发通胀担忧，美联储9月加息概率飙升，美元强势直接压制了黄金。"}, {"role": "传播高峰", "author": "要不我来试试水", "platform": "微博", "verification_type": "认证个人", "publish_time": "2026-07-14T21:04:15", "influence": 72.3, "title": "美国的6月CPI环比下降0.4% 同比增长3.5% 美国短期利率期货大幅跳涨，交"}], "top_influencers": [{"author": "要不我来试试水", "platform": "微博", "verification_type": "认证个人", "publish_time": "2026-07-14T21:04:15", "influence": 72.3, "repost_count": 0, "like_count": 211, "comment_count": 18, "title": "美国的6月CPI环比下降0.4% 同比增长3.5% 美国短期利率期货大幅跳涨，交"}, {"author": "央央是小可爱", "platform": "微博", "verification_type": "头部认证个人", "publish_time": "2026-07-15T10:24:25", "influence": 58.8, "repost_count": 0, "like_count": 151, "comment_count": 27, "title": "好意外哦 昨晚美国的CPI数据不及预期。 市场预判只跌 0.1%~0.2%，实际"}, {"author": "黄金达人-胡威", "platform": "微博", "verification_type": "头部认证个人", "publish_time": "2026-07-15T11:57:16", "influence": 30.6, "repost_count": 0, "like_count": 102, "comment_count": 0, "title": "消息面方面，隔夜 CPI 通胀数据大幅走弱，降息预期升温带动黄金暴力冲高至 41"}, {"author": "宋鸿兵", "platform": "微博", "verification_type": "认证个人", "publish_time": "2026-07-11T12:00:00", "influence": 19.9, "repost_count": 5, "like_count": 48, "comment_count": 1, "title": "#V+粉丝订阅# #美联储要加息，恐慌席卷全球市场，更猛烈的风暴要来了？# 【制"}, {"author": "陈添财论市", "platform": "微博", "verification_type": "头部认证个人", "publish_time": "2026-07-14T22:17:28", "influence": 16.3, "repost_count": 6, "like_count": 16, "comment_count": 11, "title": "全球资本市场利好来了，降息的预期又加强了 美国最新CPI通胀数据比市场预想的更低"}], "platform_chain": {"nodes": [{"name": "微博", "count": 42, "first_seen": "2026-07-11T12:00:00"}, {"name": "新浪新闻", "count": 17, "first_seen": "2026-07-13T20:06:20"}, {"name": "知乎", "count": 3, "first_seen": "2026-07-14T09:03:49"}], "links": [{"source": "微博", "target": "新浪新闻", "value": 17}, {"source": "新浪新闻", "target": "知乎", "value": 3}]}}', '2026-07-15 22:17:29', '2026-07-15 22:17:29');
INSERT INTO event_keywords (event_id, word, weight, rank) VALUES (29, '美元', 1.0, 0);
INSERT INTO event_keywords (event_id, word, weight, rank) VALUES (29, '通胀', 0.774, 1);
INSERT INTO event_keywords (event_id, word, weight, rank) VALUES (29, '金价', 0.734, 2);
INSERT INTO event_keywords (event_id, word, weight, rank) VALUES (29, '环比', 0.638, 3);
INSERT INTO event_keywords (event_id, word, weight, rank) VALUES (29, '美国', 0.603, 4);
INSERT INTO event_keywords (event_id, word, weight, rank) VALUES (29, '盎司', 0.456, 5);
INSERT INTO event_keywords (event_id, word, weight, rank) VALUES (29, '黄金', 0.411, 6);
INSERT INTO event_keywords (event_id, word, weight, rank) VALUES (29, '价格', 0.367, 7);
INSERT INTO event_platforms (event_id, platform_name, ratio, rank) VALUES (29, '微博', 0.677, 0);
INSERT INTO event_platforms (event_id, platform_name, ratio, rank) VALUES (29, '新浪新闻', 0.274, 1);
INSERT INTO event_platforms (event_id, platform_name, ratio, rank) VALUES (29, '知乎', 0.048, 2);
INSERT INTO event_trend_daily (event_id, date, count, is_predicted) VALUES (29, '2026-07-11', 1, 0);
INSERT INTO event_trend_daily (event_id, date, count, is_predicted) VALUES (29, '2026-07-12', 0, 0);
INSERT INTO event_trend_daily (event_id, date, count, is_predicted) VALUES (29, '2026-07-13', 15, 0);
INSERT INTO event_trend_daily (event_id, date, count, is_predicted) VALUES (29, '2026-07-14', 31, 0);
INSERT INTO event_trend_daily (event_id, date, count, is_predicted) VALUES (29, '2026-07-15', 15, 0);
INSERT INTO event_trend_daily (event_id, date, count, is_predicted, predict_heat, predict_count) VALUES (29, '2026-07-16', 0, 1, 15.0, 15.0);
INSERT INTO event_trend_daily (event_id, date, count, is_predicted, predict_heat, predict_count) VALUES (29, '2026-07-17', 0, 1, 15.0, 15.0);
INSERT INTO event_trend_daily (event_id, date, count, is_predicted, predict_heat, predict_count) VALUES (29, '2026-07-18', 0, 1, 15.0, 15.0);

INSERT INTO events (event_id, title, heat, report_count, duplicate_count, time_start, time_end, event_time, risk_level, stage, confidence, prob_latent, prob_growth, prob_peak, prob_decline, analysis, positive, neutral, negative, sources, summary, location, cause, people, authenticity, propagation, created_at, updated_at) VALUES (30, '金价下跌，备婚刚需省小一万', 17.16, 36, 14, '2026-07-09 07:09:41', '2026-07-15 17:20:23', '2026-07-14 12:00:00', 'mid_high', 'decline', 0.9, 0.0, 0.0, 0.1, 0.9, '当前事件报道数量持续下降，公众关注度减弱，处于衰退期。', 0.622, 0.267, 0.111, '["微博", "新浪新闻", "知乎"]', '7月13日，国际金价再次跳水，现货黄金价格跌破4100美元关口。国内金饰价格也应声下跌，周生生足金饰品报1238元/克，较前一日1251元/克跌13元。老凤祥足金饰品报1240元/克，较前一日跌5元。', '上海、福州、深圳', '#老凤祥周生生周大福金价集体下调#这轮金价还在向下砸。', '["周生生", "周大福", "黄金首饰", "白银", "布伦特"]', '{"credibility_score": 0.538, "official_ratio": 0.361, "verified_ratio": 0.75, "plain_user_ratio": 0.25, "verification_dist": {"官方平台": 0.361, "普通用户": 0.25, "认证个人": 0.139, "认证机构": 0.139, "头部认证个人": 0.111}, "factors": ["well_sourced"]}', '{"key_nodes": [{"role": "首次官方媒体介入", "author": "星辰失控者", "platform": "新浪新闻", "verification_type": "官方平台", "publish_time": "2026-07-09T07:09:41", "influence": 0.0, "title": "这轮金价还在向下砸！何为底？你觉得呢？"}, {"role": "首次大V发声", "author": "金本聪在线", "platform": "微博", "verification_type": "头部认证个人", "publish_time": "2026-07-11T13:42:35", "influence": 8.4, "title": "#黄金[超话]#7.11下周金价怎么看？#黄金##金价##今日金价##期货##财"}, {"role": "初始爆料", "author": "momo", "platform": "知乎", "verification_type": "普通用户", "publish_time": "2026-07-12T00:08:40", "influence": 1.6, "title": "建议韭菜们不要盲目相信各种大忽悠，自行分析利弊。不利金价的因素自己找数据，画出近"}, {"role": "传播高峰", "author": "拉面一定要加香菜", "platform": "微博", "verification_type": "普通用户", "publish_time": "2026-07-14T17:06:33", "influence": 236.4, "title": "#金饰价格又崩了# 明明黄金价格都跌到800+了 凭什么金店还是1200+，之前"}], "top_influencers": [{"author": "拉面一定要加香菜", "platform": "微博", "verification_type": "普通用户", "publish_time": "2026-07-14T17:06:33", "influence": 236.4, "repost_count": 6, "like_count": 643, "comment_count": 75, "title": "#金饰价格又崩了# 明明黄金价格都跌到800+了 凭什么金店还是1200+，之前"}, {"author": "新浪新闻", "platform": "微博", "verification_type": "认证机构", "publish_time": "2026-07-14T17:21:24", "influence": 99.2, "repost_count": 67, "like_count": 94, "comment_count": 8, "title": "【油价大涨！#金价又绷不住了#，#买50克三金半年便宜近2万元#！】7月14日早"}, {"author": "老许的投资笔记", "platform": "微博", "verification_type": "认证个人", "publish_time": "2026-07-15T10:43:07", "influence": 79.6, "repost_count": 0, "like_count": 147, "comment_count": 71, "title": "#金价# 最近一个月金价多次上攻均以失败告终，请各位老板注意金价继续📉的风险，不"}, {"author": "游戏投投机", "platform": "微博", "verification_type": "认证个人", "publish_time": "2026-07-14T07:13:32", "influence": 56.3, "repost_count": 10, "like_count": 126, "comment_count": 17, "title": "#黄金##金价﻿# 金价又又大跌了，现货黄金跌破4000，金价跌到871，金价经"}, {"author": "任泽平", "platform": "微博", "verification_type": "认证个人", "publish_time": "2026-07-13T11:45:22", "influence": 52.6, "repost_count": 18, "like_count": 67, "comment_count": 29, "title": "黄金为什么大跌？未来还能不能买？ 6月26日，国际金价跌到4000美元/盎司左右"}], "platform_chain": {"nodes": [{"name": "新浪新闻", "count": 13, "first_seen": "2026-07-09T07:09:41"}, {"name": "微博", "count": 17, "first_seen": "2026-07-10T09:55:41"}, {"name": "知乎", "count": 6, "first_seen": "2026-07-12T00:08:40"}], "links": [{"source": "新浪新闻", "target": "微博", "value": 17}, {"source": "微博", "target": "知乎", "value": 6}]}}', '2026-07-15 22:17:29', '2026-07-15 22:17:29');
INSERT INTO event_keywords (event_id, word, weight, rank) VALUES (30, '金价', 1.0, 0);
INSERT INTO event_keywords (event_id, word, weight, rank) VALUES (30, '黄金', 0.763, 1);
INSERT INTO event_keywords (event_id, word, weight, rank) VALUES (30, '美元', 0.736, 2);
INSERT INTO event_keywords (event_id, word, weight, rank) VALUES (30, '下调', 0.681, 3);
INSERT INTO event_keywords (event_id, word, weight, rank) VALUES (30, '一日', 0.527, 4);
INSERT INTO event_keywords (event_id, word, weight, rank) VALUES (30, '品牌', 0.462, 5);
INSERT INTO event_keywords (event_id, word, weight, rank) VALUES (30, '金饰', 0.451, 6);
INSERT INTO event_keywords (event_id, word, weight, rank) VALUES (30, '跌幅', 0.439, 7);
INSERT INTO event_platforms (event_id, platform_name, ratio, rank) VALUES (30, '微博', 0.472, 0);
INSERT INTO event_platforms (event_id, platform_name, ratio, rank) VALUES (30, '新浪新闻', 0.361, 1);
INSERT INTO event_platforms (event_id, platform_name, ratio, rank) VALUES (30, '知乎', 0.167, 2);
INSERT INTO event_trend_daily (event_id, date, count, is_predicted) VALUES (30, '2026-07-09', 1, 0);
INSERT INTO event_trend_daily (event_id, date, count, is_predicted) VALUES (30, '2026-07-10', 3, 0);
INSERT INTO event_trend_daily (event_id, date, count, is_predicted) VALUES (30, '2026-07-11', 1, 0);
INSERT INTO event_trend_daily (event_id, date, count, is_predicted) VALUES (30, '2026-07-12', 3, 0);
INSERT INTO event_trend_daily (event_id, date, count, is_predicted) VALUES (30, '2026-07-13', 5, 0);
INSERT INTO event_trend_daily (event_id, date, count, is_predicted) VALUES (30, '2026-07-14', 14, 0);
INSERT INTO event_trend_daily (event_id, date, count, is_predicted) VALUES (30, '2026-07-15', 9, 0);
INSERT INTO event_trend_daily (event_id, date, count, is_predicted, predict_heat, predict_count) VALUES (30, '2026-07-16', 0, 1, 11.0, 11.0);
INSERT INTO event_trend_daily (event_id, date, count, is_predicted, predict_heat, predict_count) VALUES (30, '2026-07-17', 0, 1, 13.0, 13.0);
INSERT INTO event_trend_daily (event_id, date, count, is_predicted, predict_heat, predict_count) VALUES (30, '2026-07-18', 0, 1, 15.0, 15.0);

INSERT INTO events (event_id, title, heat, report_count, duplicate_count, time_start, time_end, event_time, risk_level, stage, confidence, prob_latent, prob_growth, prob_peak, prob_decline, analysis, positive, neutral, negative, sources, summary, location, cause, people, authenticity, propagation, created_at, updated_at) VALUES (31, '香港加速角逐亚洲黄金枢纽', 15.115, 168, 152, '2026-06-01 09:05:01', '2026-07-15 16:12:00', '2026-07-13 12:00:00', 'mid_high', 'decline', 0.9, 0.0, 0.0, 0.1, 0.9, '当前事件报道数量持续下降，公众关注度减弱，处于衰退期。', 0.415, 0.342, 0.244, '["人民网", "微博", "新浪新闻", "澎湃新闻", "知乎"]', '【金价开启“震荡修复”模式 三季度或仍有补涨预期】7月份以来，国际金价进入震荡修复行情，持续围绕4100美元/盎司关口弱势震荡。截至7月10日，伦敦现货黄金开盘4124.9美元/盎司。对于近期黄金价格震荡修复的逻辑，黄金ETF博时基金经理王祥分析认为，黄金作为利率敏感性资产，在之前紧缩预期的压制下表现疲弱，上周内数据与美联储主席沃什的讲话令市场对之前过于忧虑的流动性前景进行了修正，也促使金价展开一定反弹。', '美国、伊朗、美伊', '【市场数据】 截至6月16日收盘，上证综指跌0.11%，报4091.89点。', '["白银", "特朗普", "周生生", "高盛", "布伦特"]', '{"credibility_score": 0.625, "official_ratio": 0.643, "verified_ratio": 0.792, "plain_user_ratio": 0.208, "verification_dist": {"官方平台": 0.643, "普通用户": 0.208, "认证个人": 0.083, "头部认证个人": 0.036, "认证机构": 0.03}, "factors": ["high_duplicate_rate", "well_sourced"]}', '{"key_nodes": [{"role": "首次官方媒体介入", "author": "证券日报", "platform": "人民网", "verification_type": "官方平台", "publish_time": "2026-06-01T09:05:01", "influence": 0.0, "title": "金价5月份“过山车”后去向何方？--经济·科技--人民网"}, {"role": "首次大V发声", "author": "新浪财经", "platform": "微博", "verification_type": "认证机构", "publish_time": "2026-06-09T09:36:33", "influence": 80.3, "title": "#油价存在失控风险#【中金财富期货：目前黄金市场在流动性短缺和通胀压力的双重挤压"}, {"role": "初始爆料", "author": "三相三悟", "platform": "知乎", "verification_type": "普通用户", "publish_time": "2026-06-20T11:26:13", "influence": 0.3, "title": "美联储加息周期对黄金价格、实物金饰的完整传导逻辑 - 知乎"}, {"role": "传播高峰", "author": "陈杰交易笔记", "platform": "微博", "verification_type": "认证个人", "publish_time": "2026-07-12T20:07:15", "influence": 120.9, "title": "7.12陈杰下周行情展望 下周市场将迎来美国CPI与PPI等重磅通胀数据。从技术"}], "top_influencers": [{"author": "陈杰交易笔记", "platform": "微博", "verification_type": "认证个人", "publish_time": "2026-07-12T20:07:15", "influence": 120.9, "repost_count": 77, "like_count": 93, "comment_count": 32, "title": "7.12陈杰下周行情展望 下周市场将迎来美国CPI与PPI等重磅通胀数据。从技术"}, {"author": "央视网", "platform": "微博", "verification_type": "认证机构", "publish_time": "2026-06-29T10:25:24", "influence": 117.0, "repost_count": 39, "like_count": 215, "comment_count": 27, "title": "【#白银单周大跌超10%#】#黄金也扛不住了#！4000美元关口失守。市场对美联"}, {"author": "三联生活周刊", "platform": "微博", "verification_type": "认证机构", "publish_time": "2026-07-10T12:52:51", "influence": 82.0, "repost_count": 25, "like_count": 160, "comment_count": 18, "title": "#金价暴跌普通人现在还能抄底买金吗# 最近，国际黄金价格一度跌破4000美元/盎"}, {"author": "新浪财经", "platform": "微博", "verification_type": "认证机构", "publish_time": "2026-06-09T09:36:33", "influence": 80.3, "repost_count": 28, "like_count": 126, "comment_count": 29, "title": "#油价存在失控风险#【中金财富期货：目前黄金市场在流动性短缺和通胀压力的双重挤压"}, {"author": "小茉儿宝", "platform": "微博", "verification_type": "认证个人", "publish_time": "2026-06-13T08:31:58", "influence": 79.5, "repost_count": 8, "like_count": 215, "comment_count": 14, "title": "黄金上涨原因 避险情绪瞬间反转 美伊局势急转弯，油价跌了降息近了，黄金想不涨都难"}], "platform_chain": {"nodes": [{"name": "人民网", "count": 8, "first_seen": "2026-06-01T09:05:01"}, {"name": "微博", "count": 14, "first_seen": "2026-06-09T09:36:33"}, {"name": "澎湃新闻", "count": 28, "first_seen": "2026-06-17T00:00:00"}, {"name": "知乎", "count": 42, "first_seen": "2026-06-20T11:26:13"}, {"name": "新浪新闻", "count": 35, "first_seen": "2026-07-09T07:47:51"}], "links": [{"source": "人民网", "target": "微博", "value": 14}, {"source": "微博", "target": "澎湃新闻", "value": 28}, {"source": "澎湃新闻", "target": "知乎", "value": 42}, {"source": "知乎", "target": "新浪新闻", "value": 35}]}}', '2026-07-15 22:17:29', '2026-07-15 22:17:29');
INSERT INTO event_keywords (event_id, word, weight, rank) VALUES (31, '黄金', 1.0, 0);
INSERT INTO event_keywords (event_id, word, weight, rank) VALUES (31, '美元', 0.519, 1);
INSERT INTO event_keywords (event_id, word, weight, rank) VALUES (31, '金价', 0.405, 2);
INSERT INTO event_keywords (event_id, word, weight, rank) VALUES (31, '亿元', 0.156, 3);
INSERT INTO event_keywords (event_id, word, weight, rank) VALUES (31, 'ETF', 0.152, 4);
INSERT INTO event_keywords (event_id, word, weight, rank) VALUES (31, '美联储', 0.15, 5);
INSERT INTO event_keywords (event_id, word, weight, rank) VALUES (31, '市场', 0.14, 6);
INSERT INTO event_keywords (event_id, word, weight, rank) VALUES (31, '央行', 0.132, 7);
INSERT INTO event_platforms (event_id, platform_name, ratio, rank) VALUES (31, '澎湃新闻', 0.28, 0);
INSERT INTO event_platforms (event_id, platform_name, ratio, rank) VALUES (31, '知乎', 0.25, 1);
INSERT INTO event_platforms (event_id, platform_name, ratio, rank) VALUES (31, '新浪新闻', 0.208, 2);
INSERT INTO event_platforms (event_id, platform_name, ratio, rank) VALUES (31, '人民网', 0.155, 3);
INSERT INTO event_platforms (event_id, platform_name, ratio, rank) VALUES (31, '微博', 0.107, 4);
INSERT INTO event_trend_daily (event_id, date, count, is_predicted) VALUES (31, '2026-06-01', 1, 0);
INSERT INTO event_trend_daily (event_id, date, count, is_predicted) VALUES (31, '2026-06-02', 0, 0);
INSERT INTO event_trend_daily (event_id, date, count, is_predicted) VALUES (31, '2026-06-03', 0, 0);
INSERT INTO event_trend_daily (event_id, date, count, is_predicted) VALUES (31, '2026-06-04', 0, 0);
INSERT INTO event_trend_daily (event_id, date, count, is_predicted) VALUES (31, '2026-06-05', 0, 0);
INSERT INTO event_trend_daily (event_id, date, count, is_predicted) VALUES (31, '2026-06-06', 0, 0);
INSERT INTO event_trend_daily (event_id, date, count, is_predicted) VALUES (31, '2026-06-07', 0, 0);
INSERT INTO event_trend_daily (event_id, date, count, is_predicted) VALUES (31, '2026-06-08', 0, 0);
INSERT INTO event_trend_daily (event_id, date, count, is_predicted) VALUES (31, '2026-06-09', 1, 0);
INSERT INTO event_trend_daily (event_id, date, count, is_predicted) VALUES (31, '2026-06-10', 1, 0);
INSERT INTO event_trend_daily (event_id, date, count, is_predicted) VALUES (31, '2026-06-11', 2, 0);
INSERT INTO event_trend_daily (event_id, date, count, is_predicted) VALUES (31, '2026-06-12', 0, 0);
INSERT INTO event_trend_daily (event_id, date, count, is_predicted) VALUES (31, '2026-06-13', 1, 0);
INSERT INTO event_trend_daily (event_id, date, count, is_predicted) VALUES (31, '2026-06-14', 0, 0);
INSERT INTO event_trend_daily (event_id, date, count, is_predicted) VALUES (31, '2026-06-15', 2, 0);
INSERT INTO event_trend_daily (event_id, date, count, is_predicted) VALUES (31, '2026-06-16', 0, 0);
INSERT INTO event_trend_daily (event_id, date, count, is_predicted) VALUES (31, '2026-06-17', 1, 0);
INSERT INTO event_trend_daily (event_id, date, count, is_predicted) VALUES (31, '2026-06-18', 0, 0);
INSERT INTO event_trend_daily (event_id, date, count, is_predicted) VALUES (31, '2026-06-19', 2, 0);
INSERT INTO event_trend_daily (event_id, date, count, is_predicted) VALUES (31, '2026-06-20', 2, 0);
INSERT INTO event_trend_daily (event_id, date, count, is_predicted) VALUES (31, '2026-06-21', 0, 0);
INSERT INTO event_trend_daily (event_id, date, count, is_predicted) VALUES (31, '2026-06-22', 0, 0);
INSERT INTO event_trend_daily (event_id, date, count, is_predicted) VALUES (31, '2026-06-23', 3, 0);
INSERT INTO event_trend_daily (event_id, date, count, is_predicted) VALUES (31, '2026-06-24', 3, 0);
INSERT INTO event_trend_daily (event_id, date, count, is_predicted) VALUES (31, '2026-06-25', 2, 0);
INSERT INTO event_trend_daily (event_id, date, count, is_predicted) VALUES (31, '2026-06-26', 1, 0);
INSERT INTO event_trend_daily (event_id, date, count, is_predicted) VALUES (31, '2026-06-27', 0, 0);
INSERT INTO event_trend_daily (event_id, date, count, is_predicted) VALUES (31, '2026-06-28', 0, 0);
INSERT INTO event_trend_daily (event_id, date, count, is_predicted) VALUES (31, '2026-06-29', 3, 0);
INSERT INTO event_trend_daily (event_id, date, count, is_predicted) VALUES (31, '2026-06-30', 1, 0);
INSERT INTO event_trend_daily (event_id, date, count, is_predicted) VALUES (31, '2026-07-01', 3, 0);
INSERT INTO event_trend_daily (event_id, date, count, is_predicted) VALUES (31, '2026-07-02', 7, 0);
INSERT INTO event_trend_daily (event_id, date, count, is_predicted) VALUES (31, '2026-07-03', 6, 0);
INSERT INTO event_trend_daily (event_id, date, count, is_predicted) VALUES (31, '2026-07-04', 4, 0);
INSERT INTO event_trend_daily (event_id, date, count, is_predicted) VALUES (31, '2026-07-05', 1, 0);
INSERT INTO event_trend_daily (event_id, date, count, is_predicted) VALUES (31, '2026-07-06', 1, 0);
INSERT INTO event_trend_daily (event_id, date, count, is_predicted) VALUES (31, '2026-07-07', 6, 0);
INSERT INTO event_trend_daily (event_id, date, count, is_predicted) VALUES (31, '2026-07-08', 4, 0);
INSERT INTO event_trend_daily (event_id, date, count, is_predicted) VALUES (31, '2026-07-09', 10, 0);
INSERT INTO event_trend_daily (event_id, date, count, is_predicted) VALUES (31, '2026-07-10', 8, 0);
INSERT INTO event_trend_daily (event_id, date, count, is_predicted) VALUES (31, '2026-07-11', 6, 0);
INSERT INTO event_trend_daily (event_id, date, count, is_predicted) VALUES (31, '2026-07-12', 13, 0);
INSERT INTO event_trend_daily (event_id, date, count, is_predicted) VALUES (31, '2026-07-13', 20, 0);
INSERT INTO event_trend_daily (event_id, date, count, is_predicted) VALUES (31, '2026-07-14', 10, 0);
INSERT INTO event_trend_daily (event_id, date, count, is_predicted) VALUES (31, '2026-07-15', 2, 0);
INSERT INTO event_trend_daily (event_id, date, count, is_predicted, predict_heat, predict_count) VALUES (31, '2026-07-16', 0, 1, 0.0, 0.0);
INSERT INTO event_trend_daily (event_id, date, count, is_predicted, predict_heat, predict_count) VALUES (31, '2026-07-17', 0, 1, 0.0, 0.0);
INSERT INTO event_trend_daily (event_id, date, count, is_predicted, predict_heat, predict_count) VALUES (31, '2026-07-18', 0, 1, 0.0, 0.0);

INSERT INTO events (event_id, title, heat, report_count, duplicate_count, time_start, time_end, event_time, risk_level, stage, confidence, prob_latent, prob_growth, prob_peak, prob_decline, analysis, positive, neutral, negative, sources, summary, location, cause, people, authenticity, propagation, created_at, updated_at) VALUES (32, '现货黄金失守3950将下探3895', 12.386, 28, 0, '2026-07-12 17:58:47', '2026-07-15 16:12:13', '2026-07-13 12:00:00', 'mid', 'decline', 0.9, 0.0, 0.0, 0.1, 0.9, '当前事件报道数量持续下降，公众关注度减弱，处于衰退期。', 0.619, 0.19, 0.19, '["微博", "新浪新闻"]', '分析师提醒追多黄金风险，止损需设3940关键位 高收益常伴随高风险。计划在4020追多黄金。分析师提醒，这笔交易风险不小，止损必须设置在3940关键支撑位。', '美伊、中东、上市', '现货黄金失守3950将下探3895 #现货黄金# 跳出现象看本质问题就会变得简单，现阶段趋势沽顺势安排没毛病。', '["利多", "欧佩克", "白银", "王生", "恩泽"]', '{"credibility_score": 0.375, "official_ratio": 0.107, "verified_ratio": 0.75, "plain_user_ratio": 0.25, "verification_dist": {"认证个人": 0.393, "头部认证个人": 0.25, "普通用户": 0.25, "官方平台": 0.107}, "factors": []}', '{"key_nodes": [{"role": "首次大V发声", "author": "东方红一笑而过", "platform": "微博", "verification_type": "头部认证个人", "publish_time": "2026-07-12T17:58:47.000001", "influence": 4.2, "title": "海力士上市首日是涨的，涨了一成多 目前情况是扑朔迷离的 好消息坏消息不断传出来 "}, {"role": "初始爆料", "author": "黄金原油喊单王-老谢", "platform": "微博", "verification_type": "普通用户", "publish_time": "2026-07-13T18:37:33.999999", "influence": 0.9, "title": "【今日重点关注的财经数据与事件：2026年7月13日 周一】 ① 待定 欧佩克公"}, {"role": "首次官方媒体介入", "author": "大学生小青年", "platform": "新浪新闻", "verification_type": "官方平台", "publish_time": "2026-07-13T23:38:28", "influence": 0.0, "title": "现货黄金失守3950将下探3895"}, {"role": "传播高峰", "author": "现货黄金操盘官-老钱", "platform": "微博", "verification_type": "普通用户", "publish_time": "2026-07-14T18:18:22.999999", "influence": 33.4, "title": "黄金昨日受美伊局势升级恶化影响，承压在均线带下方弱势震荡，晚间美伊局势进一步升级"}], "top_influencers": [{"author": "现货黄金操盘官-老钱", "platform": "微博", "verification_type": "普通用户", "publish_time": "2026-07-14T18:18:22.999999", "influence": 33.4, "repost_count": 0, "like_count": 103, "comment_count": 5, "title": "黄金昨日受美伊局势升级恶化影响，承压在均线带下方弱势震荡，晚间美伊局势进一步升级"}, {"author": "七哥专注黄金12年", "platform": "微博", "verification_type": "头部认证个人", "publish_time": "2026-07-14T21:52:32", "influence": 21.1, "repost_count": 2, "like_count": 17, "comment_count": 28, "title": "3990-3983多单如期抵达百点空间，数据利多，那么后续则要关注美伊局势动向，"}, {"author": "东风等黄金", "platform": "微博", "verification_type": "头部认证个人", "publish_time": "2026-07-14T10:49:23", "influence": 16.1, "repost_count": 1, "like_count": 32, "comment_count": 11, "title": "昨日黄金受美伊局势恶化影响，持续承压于均线带下方弱势震荡。晚间局势再度升级、美指"}, {"author": "黄金六点半", "platform": "微博", "verification_type": "认证个人", "publish_time": "2026-07-14T01:42:05", "influence": 13.0, "repost_count": 2, "like_count": 25, "comment_count": 7, "title": "#黄金[超话]# 战争一响，黄金万两，目前美伊局势打打停停，按道理利多黄金，为啥"}, {"author": "金沐论金", "platform": "微博", "verification_type": "头部认证个人", "publish_time": "2026-07-15T16:12:13", "influence": 9.6, "repost_count": 2, "like_count": 22, "comment_count": 2, "title": "#黄金[超话]# 今日第一胜（江苏陈小姐 5000 帆苍第 8胜） 4033 进"}], "platform_chain": {"nodes": [{"name": "微博", "count": 25, "first_seen": "2026-07-12T17:58:47.000001"}, {"name": "新浪新闻", "count": 3, "first_seen": "2026-07-13T23:38:28"}], "links": [{"source": "微博", "target": "新浪新闻", "value": 3}]}}', '2026-07-15 22:17:29', '2026-07-15 22:17:29');
INSERT INTO event_keywords (event_id, word, weight, rank) VALUES (32, '黄金', 1.0, 0);
INSERT INTO event_keywords (event_id, word, weight, rank) VALUES (32, '震荡', 0.308, 1);
INSERT INTO event_keywords (event_id, word, weight, rank) VALUES (32, '原油', 0.265, 2);
INSERT INTO event_keywords (event_id, word, weight, rank) VALUES (32, '均线', 0.265, 3);
INSERT INTO event_keywords (event_id, word, weight, rank) VALUES (32, '升级', 0.249, 4);
INSERT INTO event_keywords (event_id, word, weight, rank) VALUES (32, '分析', 0.227, 5);
INSERT INTO event_keywords (event_id, word, weight, rank) VALUES (32, '止损', 0.21, 6);
INSERT INTO event_keywords (event_id, word, weight, rank) VALUES (32, '局势', 0.2, 7);
INSERT INTO event_platforms (event_id, platform_name, ratio, rank) VALUES (32, '微博', 0.893, 0);
INSERT INTO event_platforms (event_id, platform_name, ratio, rank) VALUES (32, '新浪新闻', 0.107, 1);
INSERT INTO event_trend_daily (event_id, date, count, is_predicted) VALUES (32, '2026-07-12', 4, 0);
INSERT INTO event_trend_daily (event_id, date, count, is_predicted) VALUES (32, '2026-07-13', 11, 0);
INSERT INTO event_trend_daily (event_id, date, count, is_predicted) VALUES (32, '2026-07-14', 10, 0);
INSERT INTO event_trend_daily (event_id, date, count, is_predicted) VALUES (32, '2026-07-15', 3, 0);
INSERT INTO event_trend_daily (event_id, date, count, is_predicted, predict_heat, predict_count) VALUES (32, '2026-07-16', 0, 1, 0.0, 0.0);
INSERT INTO event_trend_daily (event_id, date, count, is_predicted, predict_heat, predict_count) VALUES (32, '2026-07-17', 0, 1, 0.0, 0.0);
INSERT INTO event_trend_daily (event_id, date, count, is_predicted, predict_heat, predict_count) VALUES (32, '2026-07-18', 0, 1, 0.0, 0.0);

INSERT INTO events (event_id, title, heat, report_count, duplicate_count, time_start, time_end, event_time, risk_level, stage, confidence, prob_latent, prob_growth, prob_peak, prob_decline, analysis, positive, neutral, negative, sources, summary, location, cause, people, authenticity, propagation, created_at, updated_at) VALUES (33, '油价一夜大涨10%，黄金的"黄金坑"来了吗？', 9.707, 76, 64, '2026-06-02 11:02:58', '2026-07-15 14:54:11', '2026-07-10 12:00:00', 'mid', 'peak', 0.9, 0.0, 0.05, 0.9, 0.05, '当前事件报道量已接近峰值，关注度趋于稳定，处于高潮期。', 0.404, 0.352, 0.244, '["微博", "新浪新闻", "知乎"]', '（来源：有点乾以后） 最坏的事情，最终还是发生了。美国和伊朗，又重新打起来了。霍尔木兹海峡——这条承载全球三分之一石油运输的咽喉要道——现在不仅伊朗要收费，美国也要收费。', '美国、伊朗、美伊', '黄金从年初的高点最大跌了将近30%，很多人非常难受。', '["耶耶", "布伦特", "特朗普", "黄金周", "许可"]', '{"credibility_score": 0.183, "official_ratio": 0.039, "verified_ratio": 0.316, "plain_user_ratio": 0.684, "verification_dist": {"普通用户": 0.684, "认证个人": 0.171, "头部认证个人": 0.105, "官方平台": 0.039}, "factors": ["official_absent", "high_duplicate_rate"]}', '{"key_nodes": [{"role": "初始爆料", "author": "alex01", "platform": "知乎", "verification_type": "普通用户", "publish_time": "2026-07-02T16:20:11", "influence": 42.2, "title": "先说加息，昨天的Fed美联储主席的话说明：Fed美联储距离端出大动作还早得很，因"}, {"role": "首次大V发声", "author": "金浪逐峰", "platform": "微博", "verification_type": "头部认证个人", "publish_time": "2026-07-04T22:51:56", "influence": 9.6, "title": "非农爆冷迎地缘大考，黄金周一怎么走？ 本周宏观日程罕见错位，美国6月非农提前至7"}, {"role": "传播高峰", "author": "TopView", "platform": "知乎", "verification_type": "头部认证个人", "publish_time": "2026-07-09T22:13:04", "influence": 174.2, "title": "2026年7月8日，伦敦金现收在4047美元。今年1月29号，它最高摸到过558"}, {"role": "首次官方媒体介入", "author": "星辰失控者", "platform": "新浪新闻", "verification_type": "官方平台", "publish_time": "2026-07-13T16:58:07", "influence": 0.0, "title": "黄金跌势暗藏信号！央行越跌越买，背后藏着人民币的关键布局"}], "top_influencers": [{"author": "TopView", "platform": "知乎", "verification_type": "头部认证个人", "publish_time": "2026-07-09T22:13:04", "influence": 174.2, "repost_count": 0, "like_count": 474, "comment_count": 64, "title": "2026年7月8日，伦敦金现收在4047美元。今年1月29号，它最高摸到过558"}, {"author": "环中星鉴", "platform": "知乎", "verification_type": "普通用户", "publish_time": "2026-07-03T13:32:08", "influence": 138.7, "repost_count": 0, "like_count": 354, "comment_count": 65, "title": "我一直在监测的几个构成黄金反弹的条件，昨天全都激活了，所以昨天的文章已经预告过，"}, {"author": "派大星皮皮", "platform": "知乎", "verification_type": "认证个人", "publish_time": "2026-07-03T17:32:15", "influence": 122.2, "repost_count": 0, "like_count": 214, "comment_count": 116, "title": "涨了看涨、跌了看跌，两头都有理由？那独立思考的意义又如何体现！关于加息以及对黄金"}, {"author": "秦钰恒", "platform": "微博", "verification_type": "认证个人", "publish_time": "2026-06-02T11:02:58", "influence": 76.1, "repost_count": 2, "like_count": 102, "comment_count": 87, "title": "发布了头条文章：《秦钰恒：黄金陷入“谈谈打打”困局！4460-4520震荡磨底》"}, {"author": "随便什么名字", "platform": "知乎", "verification_type": "普通用户", "publish_time": "2026-07-05T02:48:10", "influence": 76.1, "repost_count": 0, "like_count": 127, "comment_count": 76, "title": "连美联储的美元潮汐周期都不知道，就敢过来玩黄金？还好意思说什么中长线，价值投资？"}], "platform_chain": {"nodes": [{"name": "微博", "count": 14, "first_seen": "2026-06-02T11:02:58"}, {"name": "知乎", "count": 58, "first_seen": "2026-07-02T16:20:11"}, {"name": "新浪新闻", "count": 3, "first_seen": "2026-07-13T16:58:07"}], "links": [{"source": "微博", "target": "知乎", "value": 58}, {"source": "知乎", "target": "新浪新闻", "value": 3}]}}', '2026-07-15 22:17:29', '2026-07-15 22:17:29');
INSERT INTO event_keywords (event_id, word, weight, rank) VALUES (33, '黄金', 1.0, 0);
INSERT INTO event_keywords (event_id, word, weight, rank) VALUES (33, '白银', 0.979, 1);
INSERT INTO event_keywords (event_id, word, weight, rank) VALUES (33, '规划', 0.577, 2);
INSERT INTO event_keywords (event_id, word, weight, rank) VALUES (33, '帝国', 0.489, 3);
INSERT INTO event_keywords (event_id, word, weight, rank) VALUES (33, '反弹', 0.342, 4);
INSERT INTO event_keywords (event_id, word, weight, rank) VALUES (33, '加息', 0.272, 5);
INSERT INTO event_keywords (event_id, word, weight, rank) VALUES (33, 'A股', 0.229, 6);
INSERT INTO event_keywords (event_id, word, weight, rank) VALUES (33, '任何', 0.227, 7);
INSERT INTO event_platforms (event_id, platform_name, ratio, rank) VALUES (33, '知乎', 0.763, 0);
INSERT INTO event_platforms (event_id, platform_name, ratio, rank) VALUES (33, '微博', 0.197, 1);
INSERT INTO event_platforms (event_id, platform_name, ratio, rank) VALUES (33, '新浪新闻', 0.039, 2);
INSERT INTO event_trend_daily (event_id, date, count, is_predicted) VALUES (33, '2026-06-02', 1, 0);
INSERT INTO event_trend_daily (event_id, date, count, is_predicted) VALUES (33, '2026-06-03', 0, 0);
INSERT INTO event_trend_daily (event_id, date, count, is_predicted) VALUES (33, '2026-06-04', 0, 0);
INSERT INTO event_trend_daily (event_id, date, count, is_predicted) VALUES (33, '2026-06-05', 0, 0);
INSERT INTO event_trend_daily (event_id, date, count, is_predicted) VALUES (33, '2026-06-06', 0, 0);
INSERT INTO event_trend_daily (event_id, date, count, is_predicted) VALUES (33, '2026-06-07', 0, 0);
INSERT INTO event_trend_daily (event_id, date, count, is_predicted) VALUES (33, '2026-06-08', 0, 0);
INSERT INTO event_trend_daily (event_id, date, count, is_predicted) VALUES (33, '2026-06-09', 0, 0);
INSERT INTO event_trend_daily (event_id, date, count, is_predicted) VALUES (33, '2026-06-10', 0, 0);
INSERT INTO event_trend_daily (event_id, date, count, is_predicted) VALUES (33, '2026-06-11', 0, 0);
INSERT INTO event_trend_daily (event_id, date, count, is_predicted) VALUES (33, '2026-06-12', 0, 0);
INSERT INTO event_trend_daily (event_id, date, count, is_predicted) VALUES (33, '2026-06-13', 0, 0);
INSERT INTO event_trend_daily (event_id, date, count, is_predicted) VALUES (33, '2026-06-14', 0, 0);
INSERT INTO event_trend_daily (event_id, date, count, is_predicted) VALUES (33, '2026-06-15', 0, 0);
INSERT INTO event_trend_daily (event_id, date, count, is_predicted) VALUES (33, '2026-06-16', 0, 0);
INSERT INTO event_trend_daily (event_id, date, count, is_predicted) VALUES (33, '2026-06-17', 0, 0);
INSERT INTO event_trend_daily (event_id, date, count, is_predicted) VALUES (33, '2026-06-18', 0, 0);
INSERT INTO event_trend_daily (event_id, date, count, is_predicted) VALUES (33, '2026-06-19', 0, 0);
INSERT INTO event_trend_daily (event_id, date, count, is_predicted) VALUES (33, '2026-06-20', 0, 0);
INSERT INTO event_trend_daily (event_id, date, count, is_predicted) VALUES (33, '2026-06-21', 0, 0);
INSERT INTO event_trend_daily (event_id, date, count, is_predicted) VALUES (33, '2026-06-22', 0, 0);
INSERT INTO event_trend_daily (event_id, date, count, is_predicted) VALUES (33, '2026-06-23', 0, 0);
INSERT INTO event_trend_daily (event_id, date, count, is_predicted) VALUES (33, '2026-06-24', 0, 0);
INSERT INTO event_trend_daily (event_id, date, count, is_predicted) VALUES (33, '2026-06-25', 0, 0);
INSERT INTO event_trend_daily (event_id, date, count, is_predicted) VALUES (33, '2026-06-26', 0, 0);
INSERT INTO event_trend_daily (event_id, date, count, is_predicted) VALUES (33, '2026-06-27', 0, 0);
INSERT INTO event_trend_daily (event_id, date, count, is_predicted) VALUES (33, '2026-06-28', 0, 0);
INSERT INTO event_trend_daily (event_id, date, count, is_predicted) VALUES (33, '2026-06-29', 0, 0);
INSERT INTO event_trend_daily (event_id, date, count, is_predicted) VALUES (33, '2026-06-30', 0, 0);
INSERT INTO event_trend_daily (event_id, date, count, is_predicted) VALUES (33, '2026-07-01', 0, 0);
INSERT INTO event_trend_daily (event_id, date, count, is_predicted) VALUES (33, '2026-07-02', 2, 0);
INSERT INTO event_trend_daily (event_id, date, count, is_predicted) VALUES (33, '2026-07-03', 6, 0);
INSERT INTO event_trend_daily (event_id, date, count, is_predicted) VALUES (33, '2026-07-04', 3, 0);
INSERT INTO event_trend_daily (event_id, date, count, is_predicted) VALUES (33, '2026-07-05', 4, 0);
INSERT INTO event_trend_daily (event_id, date, count, is_predicted) VALUES (33, '2026-07-06', 2, 0);
INSERT INTO event_trend_daily (event_id, date, count, is_predicted) VALUES (33, '2026-07-07', 3, 0);
INSERT INTO event_trend_daily (event_id, date, count, is_predicted) VALUES (33, '2026-07-08', 8, 0);
INSERT INTO event_trend_daily (event_id, date, count, is_predicted) VALUES (33, '2026-07-09', 4, 0);
INSERT INTO event_trend_daily (event_id, date, count, is_predicted) VALUES (33, '2026-07-10', 12, 0);
INSERT INTO event_trend_daily (event_id, date, count, is_predicted) VALUES (33, '2026-07-11', 6, 0);
INSERT INTO event_trend_daily (event_id, date, count, is_predicted) VALUES (33, '2026-07-12', 6, 0);
INSERT INTO event_trend_daily (event_id, date, count, is_predicted) VALUES (33, '2026-07-13', 10, 0);
INSERT INTO event_trend_daily (event_id, date, count, is_predicted) VALUES (33, '2026-07-14', 5, 0);
INSERT INTO event_trend_daily (event_id, date, count, is_predicted) VALUES (33, '2026-07-15', 3, 0);
INSERT INTO event_trend_daily (event_id, date, count, is_predicted, predict_heat, predict_count) VALUES (33, '2026-07-16', 0, 1, 0.0, 0.0);
INSERT INTO event_trend_daily (event_id, date, count, is_predicted, predict_heat, predict_count) VALUES (33, '2026-07-17', 0, 1, 0.0, 0.0);
INSERT INTO event_trend_daily (event_id, date, count, is_predicted, predict_heat, predict_count) VALUES (33, '2026-07-18', 0, 1, 0.0, 0.0);

INSERT INTO events (event_id, title, heat, report_count, duplicate_count, time_start, time_end, event_time, risk_level, stage, confidence, prob_latent, prob_growth, prob_peak, prob_decline, analysis, positive, neutral, negative, sources, summary, location, cause, people, authenticity, propagation, created_at, updated_at) VALUES (34, '国际油价13日大幅上涨', 8.969, 42, 36, '2026-06-24 00:00:00', '2026-07-15 16:24:22', '2026-07-13 12:00:00', 'mid', 'decline', 0.9, 0.0, 0.0, 0.1, 0.9, '当前事件报道数量持续下降，公众关注度减弱，处于衰退期。', 0.65, 0.35, 0.0, '["微博", "新浪新闻", "澎湃新闻", "知乎"]', '苹果博通签超300亿美元芯片大单油价飙升金价大跌 【#苹果博通签超300亿美元芯片大单##油价飙升金价大跌#】当地时间周三，美国总统特朗普在北约峰会上说，他认为美伊谅解备忘录“已终结”，中东局势再度紧张，油价飙升，美国三大股指当天收盘走势分化，道指下跌1.09%，标普500指数下跌0.28%，纳指小幅上涨0.2%。板块方面，材料和金融板块跌幅较大，能源和科技板块则是普遍上涨，热门中概股多数上涨，纳斯达克中国金龙指数上涨2.05%。阿里巴巴涨超11%，爱奇艺涨超5%。', '美国、伊朗、美伊', '美股三大股指周二集体收跌，标普500指数跌1.44%，纳指跌2.21%。', '["布伦特", "白银", "特斯拉", "亚马逊", "埃克森"]', '{"credibility_score": 0.657, "official_ratio": 0.548, "verified_ratio": 0.929, "plain_user_ratio": 0.071, "verification_dist": {"官方平台": 0.548, "认证机构": 0.167, "认证个人": 0.119, "头部认证个人": 0.095, "普通用户": 0.071}, "factors": ["high_duplicate_rate", "well_sourced"]}', '{"key_nodes": [{"role": "首次官方媒体介入", "author": "澎湃新闻", "platform": "澎湃新闻", "verification_type": "官方平台", "publish_time": "2026-06-24T00:00:00", "influence": 0.0, "title": "美股三大股指集体收跌：纳指跌2.21%，大型科技股多数下跌_牛市点线面_澎湃新闻"}, {"role": "初始爆料", "author": "币世界忠本聪", "platform": "微博", "verification_type": "普通用户", "publish_time": "2026-07-07T01:32:30.999999", "influence": 136.4, "title": "周一美股指，纳斯达克指数盘中涨幅1.2%，标普500指数涨幅0.6%，黄金跌幅0"}, {"role": "首次大V发声", "author": "红星新闻", "platform": "微博", "verification_type": "认证机构", "publish_time": "2026-07-08T08:06:20", "influence": 60.4, "title": "【#一觉醒来黄金又跌了#】#黄金又跌破4100美元了# 北京时间7月8日，国际油"}, {"role": "传播高峰", "author": "提车战法", "platform": "微博", "verification_type": "认证个人", "publish_time": "2026-07-14T06:05:02", "influence": 294.1, "title": "#东方财富##股票#【全球市场：美股三大指数集体收跌 存储概念股普跌 国际油价大"}], "top_influencers": [{"author": "提车战法", "platform": "微博", "verification_type": "认证个人", "publish_time": "2026-07-14T06:05:02", "influence": 294.1, "repost_count": 3, "like_count": 907, "comment_count": 38, "title": "#东方财富##股票#【全球市场：美股三大指数集体收跌 存储概念股普跌 国际油价大"}, {"author": "山人I", "platform": "微博", "verification_type": "认证个人", "publish_time": "2026-07-13T07:51:06.999999", "influence": 190.5, "repost_count": 1, "like_count": 570, "comment_count": 37, "title": "石油大涨，纳指跌，黄金白银跌。 估计今天大盘指数不乐观。"}, {"author": "币世界忠本聪", "platform": "微博", "verification_type": "普通用户", "publish_time": "2026-07-07T01:32:30.999999", "influence": 136.4, "repost_count": 2, "like_count": 248, "comment_count": 120, "title": "周一美股指，纳斯达克指数盘中涨幅1.2%，标普500指数涨幅0.6%，黄金跌幅0"}, {"author": "红星新闻", "platform": "微博", "verification_type": "认证机构", "publish_time": "2026-07-08T08:06:20", "influence": 60.4, "repost_count": 16, "like_count": 103, "comment_count": 27, "title": "【#一觉醒来黄金又跌了#】#黄金又跌破4100美元了# 北京时间7月8日，国际油"}, {"author": "陈哥战车", "platform": "微博", "verification_type": "认证个人", "publish_time": "2026-07-08T07:44:54", "influence": 31.3, "repost_count": 3, "like_count": 66, "comment_count": 17, "title": "【周三财经早餐2026年7月8日】 美伊局势叠加三星财报，纳指100盘中跌超2%"}], "platform_chain": {"nodes": [{"name": "澎湃新闻", "count": 11, "first_seen": "2026-06-24T00:00:00"}, {"name": "微博", "count": 16, "first_seen": "2026-07-07T01:32:30.999999"}, {"name": "知乎", "count": 2, "first_seen": "2026-07-08T17:29:38"}, {"name": "新浪新闻", "count": 12, "first_seen": "2026-07-09T07:25:13"}], "links": [{"source": "澎湃新闻", "target": "微博", "value": 16}, {"source": "微博", "target": "知乎", "value": 2}, {"source": "知乎", "target": "新浪新闻", "value": 12}]}}', '2026-07-15 22:17:29', '2026-07-15 22:17:29');
INSERT INTO event_keywords (event_id, word, weight, rank) VALUES (34, '伊朗', 1.0, 0);
INSERT INTO event_keywords (event_id, word, weight, rank) VALUES (34, '跌超', 0.803, 1);
INSERT INTO event_keywords (event_id, word, weight, rank) VALUES (34, '指数', 0.764, 2);
INSERT INTO event_keywords (event_id, word, weight, rank) VALUES (34, '涨超', 0.687, 3);
INSERT INTO event_keywords (event_id, word, weight, rank) VALUES (34, '美元', 0.579, 4);
INSERT INTO event_keywords (event_id, word, weight, rank) VALUES (34, '美联储', 0.512, 5);
INSERT INTO event_keywords (event_id, word, weight, rank) VALUES (34, '下跌', 0.346, 6);
INSERT INTO event_keywords (event_id, word, weight, rank) VALUES (34, '美国', 0.337, 7);
INSERT INTO event_platforms (event_id, platform_name, ratio, rank) VALUES (34, '微博', 0.405, 0);
INSERT INTO event_platforms (event_id, platform_name, ratio, rank) VALUES (34, '新浪新闻', 0.286, 1);
INSERT INTO event_platforms (event_id, platform_name, ratio, rank) VALUES (34, '澎湃新闻', 0.262, 2);
INSERT INTO event_platforms (event_id, platform_name, ratio, rank) VALUES (34, '知乎', 0.048, 3);
INSERT INTO event_trend_daily (event_id, date, count, is_predicted) VALUES (34, '2026-06-24', 1, 0);
INSERT INTO event_trend_daily (event_id, date, count, is_predicted) VALUES (34, '2026-06-25', 0, 0);
INSERT INTO event_trend_daily (event_id, date, count, is_predicted) VALUES (34, '2026-06-26', 0, 0);
INSERT INTO event_trend_daily (event_id, date, count, is_predicted) VALUES (34, '2026-06-27', 0, 0);
INSERT INTO event_trend_daily (event_id, date, count, is_predicted) VALUES (34, '2026-06-28', 0, 0);
INSERT INTO event_trend_daily (event_id, date, count, is_predicted) VALUES (34, '2026-06-29', 0, 0);
INSERT INTO event_trend_daily (event_id, date, count, is_predicted) VALUES (34, '2026-06-30', 0, 0);
INSERT INTO event_trend_daily (event_id, date, count, is_predicted) VALUES (34, '2026-07-01', 0, 0);
INSERT INTO event_trend_daily (event_id, date, count, is_predicted) VALUES (34, '2026-07-02', 0, 0);
INSERT INTO event_trend_daily (event_id, date, count, is_predicted) VALUES (34, '2026-07-03', 0, 0);
INSERT INTO event_trend_daily (event_id, date, count, is_predicted) VALUES (34, '2026-07-04', 0, 0);
INSERT INTO event_trend_daily (event_id, date, count, is_predicted) VALUES (34, '2026-07-05', 0, 0);
INSERT INTO event_trend_daily (event_id, date, count, is_predicted) VALUES (34, '2026-07-06', 0, 0);
INSERT INTO event_trend_daily (event_id, date, count, is_predicted) VALUES (34, '2026-07-07', 2, 0);
INSERT INTO event_trend_daily (event_id, date, count, is_predicted) VALUES (34, '2026-07-08', 7, 0);
INSERT INTO event_trend_daily (event_id, date, count, is_predicted) VALUES (34, '2026-07-09', 4, 0);
INSERT INTO event_trend_daily (event_id, date, count, is_predicted) VALUES (34, '2026-07-10', 5, 0);
INSERT INTO event_trend_daily (event_id, date, count, is_predicted) VALUES (34, '2026-07-11', 2, 0);
INSERT INTO event_trend_daily (event_id, date, count, is_predicted) VALUES (34, '2026-07-12', 0, 0);
INSERT INTO event_trend_daily (event_id, date, count, is_predicted) VALUES (34, '2026-07-13', 9, 0);
INSERT INTO event_trend_daily (event_id, date, count, is_predicted) VALUES (34, '2026-07-14', 9, 0);
INSERT INTO event_trend_daily (event_id, date, count, is_predicted) VALUES (34, '2026-07-15', 2, 0);
INSERT INTO event_trend_daily (event_id, date, count, is_predicted, predict_heat, predict_count) VALUES (34, '2026-07-16', 0, 1, 0.0, 0.0);
INSERT INTO event_trend_daily (event_id, date, count, is_predicted, predict_heat, predict_count) VALUES (34, '2026-07-17', 0, 1, 0.0, 0.0);
INSERT INTO event_trend_daily (event_id, date, count, is_predicted, predict_heat, predict_count) VALUES (34, '2026-07-18', 0, 1, 0.0, 0.0);

INSERT INTO events (event_id, title, heat, report_count, duplicate_count, time_start, time_end, event_time, risk_level, stage, confidence, prob_latent, prob_growth, prob_peak, prob_decline, analysis, positive, neutral, negative, sources, summary, location, cause, people, authenticity, propagation, created_at, updated_at) VALUES (35, '体验沉浸式黄金融料', 7.155, 10, 1, '2026-07-12 10:25:20', '2026-07-15 17:04:29', '2026-07-15 12:00:00', 'mid', 'growth', 0.9, 0.05, 0.9, 0.05, 0.0, '当前事件报道数量持续增加，公众关注度快速提升，处于成长期。', 0.467, 0.333, 0.2, '["微博", "新浪新闻"]', '王楚钦谈运动员黄金期：20到30岁为国争光是宝贵财富 #王楚钦说运动员时期可遇不可求#王楚钦说，运动员的黄金时期最宝贵、可遇不可求。20到30岁这十年，能站在赛场比赛、为国争光，是一辈子的财富。他珍惜每一次上场机会，把汗水、压力都当成成长养分，也更坚定、专注地走下去。', '大湾', '王楚钦谈运动员黄金期：20到30岁为国争光是宝贵财富 #王楚钦说运动员时期可遇不可求#王楚钦说，运动员的黄金时期最宝贵、可遇不可求。', '["王楚钦"]', '{"credibility_score": 0.574, "official_ratio": 0.3, "verified_ratio": 1.0, "plain_user_ratio": 0.0, "verification_dist": {"头部认证个人": 0.4, "官方平台": 0.3, "认证个人": 0.3}, "factors": ["well_sourced"]}', '{"key_nodes": [{"role": "初始爆料", "author": "带你看体育", "platform": "新浪新闻", "verification_type": "官方平台", "publish_time": "2026-07-12T10:25:20", "influence": 0.0, "title": "王楚钦谈运动员黄金期：20到30岁为国争光是宝贵财富"}, {"role": "传播高峰", "author": "李大霄", "platform": "微博", "verification_type": "认证个人", "publish_time": "2026-07-14T20:12:00", "influence": 22.4, "title": "本轮黄金价格波动的原因#微博视频号迎新计划##金饰价格又崩了# http://t"}, {"role": "首次大V发声", "author": "李生论金", "platform": "微博", "verification_type": "头部认证个人", "publish_time": "2026-07-15T16:37:09", "influence": 0.6, "title": "分享视频 http://t.cn/AXKp2gZJ"}], "top_influencers": [{"author": "李大霄", "platform": "微博", "verification_type": "认证个人", "publish_time": "2026-07-14T20:12:00", "influence": 22.4, "repost_count": 8, "like_count": 43, "comment_count": 3, "title": "本轮黄金价格波动的原因#微博视频号迎新计划##金饰价格又崩了# http://t"}, {"author": "文史趣谈君", "platform": "微博", "verification_type": "认证个人", "publish_time": "2026-07-14T21:27:26", "influence": 3.8, "repost_count": 2, "like_count": 1, "comment_count": 3, "title": "从2000亿市值拿到1万亿，我靠《道德经》里这句话 http://t.cn/AX"}, {"author": "李生论金", "platform": "微博", "verification_type": "头部认证个人", "publish_time": "2026-07-15T16:37:09", "influence": 0.6, "repost_count": 0, "like_count": 2, "comment_count": 0, "title": "分享视频 http://t.cn/AXKp2gZJ"}], "platform_chain": {"nodes": [{"name": "新浪新闻", "count": 3, "first_seen": "2026-07-12T10:25:20"}, {"name": "微博", "count": 7, "first_seen": "2026-07-14T20:12:00"}], "links": [{"source": "新浪新闻", "target": "微博", "value": 7}]}}', '2026-07-15 22:17:29', '2026-07-15 22:17:29');
INSERT INTO event_keywords (event_id, word, weight, rank) VALUES (35, '美联储', 1.0, 0);
INSERT INTO event_keywords (event_id, word, weight, rank) VALUES (35, '降息', 0.8, 1);
INSERT INTO event_keywords (event_id, word, weight, rank) VALUES (35, 'http', 0.721, 2);
INSERT INTO event_keywords (event_id, word, weight, rank) VALUES (35, '黄金', 0.719, 3);
INSERT INTO event_keywords (event_id, word, weight, rank) VALUES (35, '王楚', 0.538, 4);
INSERT INTO event_keywords (event_id, word, weight, rank) VALUES (35, '运动员', 0.538, 5);
INSERT INTO event_keywords (event_id, word, weight, rank) VALUES (35, '美股', 0.538, 6);
INSERT INTO event_keywords (event_id, word, weight, rank) VALUES (35, '财经', 0.457, 7);
INSERT INTO event_platforms (event_id, platform_name, ratio, rank) VALUES (35, '微博', 0.7, 0);
INSERT INTO event_platforms (event_id, platform_name, ratio, rank) VALUES (35, '新浪新闻', 0.3, 1);
INSERT INTO event_trend_daily (event_id, date, count, is_predicted) VALUES (35, '2026-07-12', 1, 0);
INSERT INTO event_trend_daily (event_id, date, count, is_predicted) VALUES (35, '2026-07-13', 0, 0);
INSERT INTO event_trend_daily (event_id, date, count, is_predicted) VALUES (35, '2026-07-14', 4, 0);
INSERT INTO event_trend_daily (event_id, date, count, is_predicted) VALUES (35, '2026-07-15', 5, 0);
INSERT INTO event_trend_daily (event_id, date, count, is_predicted, predict_heat, predict_count) VALUES (35, '2026-07-16', 0, 1, 7.5, 7.5);
INSERT INTO event_trend_daily (event_id, date, count, is_predicted, predict_heat, predict_count) VALUES (35, '2026-07-17', 0, 1, 10.0, 10.0);
INSERT INTO event_trend_daily (event_id, date, count, is_predicted, predict_heat, predict_count) VALUES (35, '2026-07-18', 0, 1, 12.5, 12.5);

INSERT INTO events (event_id, title, heat, report_count, duplicate_count, time_start, time_end, event_time, risk_level, stage, confidence, prob_latent, prob_growth, prob_peak, prob_decline, analysis, positive, neutral, negative, sources, summary, location, cause, people, authenticity, propagation, created_at, updated_at) VALUES (36, '黄金现在属于震荡期了吧！', 6.27, 10, 0, '2026-07-14 17:32:14', '2026-07-15 17:20:15', '2026-07-14 12:00:00', 'mid', 'decline', 0.9, 0.0, 0.0, 0.1, 0.9, '当前事件报道数量持续下降，公众关注度减弱，处于衰退期。', 0.348, 0.406, 0.246, '["微博", "新浪新闻"]', '黄金现在属于震荡期了吧。#金饰价格又崩了#黄金现在属于震荡期了吧。', '东西、上海', '#金饰价格又崩了#黄金现在属于震荡期了吧。', '["钱一克", "白银"]', '{"credibility_score": 0.44, "official_ratio": 0.2, "verified_ratio": 0.9, "plain_user_ratio": 0.1, "verification_dist": {"认证个人": 0.6, "官方平台": 0.2, "头部认证个人": 0.1, "普通用户": 0.1}, "factors": []}', '{"key_nodes": [{"role": "传播高峰", "author": "毒舌数码", "platform": "微博", "verification_type": "认证个人", "publish_time": "2026-07-14T17:32:14", "influence": 145.8, "title": "#金饰价格又崩了#？？？1200多叫崩吗。这样不痛不痒的降一点刺激不了消费，我说"}, {"role": "首次官方媒体介入", "author": "星辰失控者", "platform": "新浪新闻", "verification_type": "官方平台", "publish_time": "2026-07-14T17:51:34", "influence": 0.0, "title": "黄金现在属于震荡期了吧！"}, {"role": "首次大V发声", "author": "暖宝宝宝宝宝宝_", "platform": "微博", "verification_type": "头部认证个人", "publish_time": "2026-07-14T17:58:48", "influence": 8.8, "title": "#金饰价格又崩了#好几天没打开看金价了[泪奔]"}, {"role": "初始爆料", "author": "TANGJIA85", "platform": "微博", "verification_type": "普通用户", "publish_time": "2026-07-14T22:04:10", "influence": 0.0, "title": "[单身狗]现在的金价不知道该不该入手 不想买那么多金子 俺妈又催着我买"}], "top_influencers": [{"author": "毒舌数码", "platform": "微博", "verification_type": "认证个人", "publish_time": "2026-07-14T17:32:14", "influence": 145.8, "repost_count": 7, "like_count": 391, "comment_count": 43, "title": "#金饰价格又崩了#？？？1200多叫崩吗。这样不痛不痒的降一点刺激不了消费，我说"}, {"author": "游戏投投机", "platform": "微博", "verification_type": "认证个人", "publish_time": "2026-07-15T02:03:22", "influence": 64.0, "repost_count": 9, "like_count": 145, "comment_count": 23, "title": "#金价又绷不住了##金饰价格又崩了# 金价又绷不住了，金饰价格又崩了，金价金饰先"}, {"author": "清纯痣", "platform": "微博", "verification_type": "认证个人", "publish_time": "2026-07-14T17:43:57.000001", "influence": 50.3, "repost_count": 6, "like_count": 111, "comment_count": 22, "title": "#金饰价格又崩了# 天塌了，1100买的39.38克现在跌价了 不买一直涨，买了"}, {"author": "若水守静", "platform": "微博", "verification_type": "认证个人", "publish_time": "2026-07-14T20:03:01", "influence": 47.1, "repost_count": 0, "like_count": 137, "comment_count": 12, "title": "#金饰价格又崩了# 金价跌成这样，到底是抄底的好时机，还是该赶紧把手里的金子变现"}, {"author": "拓虎纪", "platform": "微博", "verification_type": "认证个人", "publish_time": "2026-07-14T18:07:05", "influence": 38.4, "repost_count": 4, "like_count": 103, "comment_count": 7, "title": "#金饰价格又崩了#黄金真的会跌到800吗？我先给出我的回答：不会，黄金行情分析 "}], "platform_chain": {"nodes": [{"name": "微博", "count": 8, "first_seen": "2026-07-14T17:32:14"}, {"name": "新浪新闻", "count": 2, "first_seen": "2026-07-14T17:51:34"}], "links": [{"source": "微博", "target": "新浪新闻", "value": 2}]}}', '2026-07-15 22:17:29', '2026-07-15 22:17:29');
INSERT INTO event_keywords (event_id, word, weight, rank) VALUES (36, '金价', 1.0, 0);
INSERT INTO event_keywords (event_id, word, weight, rank) VALUES (36, '黄金', 0.995, 1);
INSERT INTO event_keywords (event_id, word, weight, rank) VALUES (36, '现在', 0.712, 2);
INSERT INTO event_keywords (event_id, word, weight, rank) VALUES (36, '价格', 0.668, 3);
INSERT INTO event_keywords (event_id, word, weight, rank) VALUES (36, '金饰', 0.607, 4);
INSERT INTO event_keywords (event_id, word, weight, rank) VALUES (36, '一直', 0.547, 5);
INSERT INTO event_keywords (event_id, word, weight, rank) VALUES (36, '分析', 0.547, 6);
INSERT INTO event_keywords (event_id, word, weight, rank) VALUES (36, '不住', 0.547, 7);
INSERT INTO event_platforms (event_id, platform_name, ratio, rank) VALUES (36, '微博', 0.8, 0);
INSERT INTO event_platforms (event_id, platform_name, ratio, rank) VALUES (36, '新浪新闻', 0.2, 1);
INSERT INTO event_trend_daily (event_id, date, count, is_predicted) VALUES (36, '2026-07-14', 8, 0);
INSERT INTO event_trend_daily (event_id, date, count, is_predicted) VALUES (36, '2026-07-15', 2, 0);
INSERT INTO event_trend_daily (event_id, date, count, is_predicted, predict_heat, predict_count) VALUES (36, '2026-07-16', 0, 1, 0.0, 0.0);
INSERT INTO event_trend_daily (event_id, date, count, is_predicted, predict_heat, predict_count) VALUES (36, '2026-07-17', 0, 1, 0.0, 0.0);
INSERT INTO event_trend_daily (event_id, date, count, is_predicted, predict_heat, predict_count) VALUES (36, '2026-07-18', 0, 1, 0.0, 0.0);

-- missile.json: 1/18 clusters (heat >= 5.0)
INSERT INTO events (event_id, title, heat, report_count, duplicate_count, time_start, time_end, event_time, risk_level, stage, confidence, prob_latent, prob_growth, prob_peak, prob_decline, analysis, positive, neutral, negative, sources, summary, location, cause, people, authenticity, propagation, created_at, updated_at) VALUES (37, '我国“三位一体”核力量再升级！', 12.792, 163, 176, '2026-07-06 12:23:20', '2026-07-15 17:16:00', '2026-07-07 12:00:00', 'mid', 'decline', 0.9, 0.0, 0.0, 0.1, 0.9, '当前事件报道数量持续下降，公众关注度减弱，处于衰退期。', 0.598, 0.299, 0.103, '["人民网", "微博", "新浪新闻", "澎湃新闻", "知乎"]', '中国海军巨浪出鞘，美国沉默、日本着急。7月6日，中国海军一枚潜射战略导弹飞行8000公里后，精准命中所罗门群岛以东、萨摩亚群岛以西的南太平洋广阔公海。8000公里还不是这枚导弹的极限，而是从渤海到所罗门群岛的极限。', '中国、日本、太平洋', '7月6日12时01分，中国人民解放军海军1艘战略核潜艇向太平洋相关公海海域，成功发射1发携载训练模拟弹头的潜射战略导弹，准确落入预定海域。', '["陆基", "吕特", "特朗普", "雷达", "毛宁"]', '{"credibility_score": 0.436, "official_ratio": 0.307, "verified_ratio": 0.712, "plain_user_ratio": 0.288, "verification_dist": {"官方平台": 0.307, "普通用户": 0.288, "认证个人": 0.239, "认证机构": 0.104, "头部认证个人": 0.061}, "factors": ["high_duplicate_rate", "well_sourced"]}', '{"key_nodes": [{"role": "首次官方媒体介入", "author": "澎湃新闻", "platform": "澎湃新闻", "verification_type": "官方平台", "publish_time": "2026-07-06T13:01:00", "influence": 0.0, "title": "中国海军成功组织潜射战略导弹试射_国防聚焦_澎湃新闻-The Paper"}, {"role": "传播高峰", "author": "央视新闻", "platform": "微博", "verification_type": "官方平台", "publish_time": "2026-07-06T13:01:43", "influence": 1756.1, "title": "#潜射战略导弹试射#【#海军成功组织潜射战略导弹试射#】7月6日12时01分，中"}, {"role": "首次大V发声", "author": "北京日报", "platform": "微博", "verification_type": "认证机构", "publish_time": "2026-07-06T15:17:04", "influence": 1257.8, "title": "#中方试射导弹不针对任何特定国家# 【#中方回应潜射战略导弹试射#】#中方试射导"}, {"role": "初始爆料", "author": "达哥有点味", "platform": "知乎", "verification_type": "普通用户", "publish_time": "2026-07-06T17:37:08", "influence": 12.5, "title": "我军向太平洋成功发射一枚潜射战略导弹 - 知乎"}], "top_influencers": [{"author": "央视新闻", "platform": "微博", "verification_type": "官方平台", "publish_time": "2026-07-06T13:01:43", "influence": 1756.1, "repost_count": 674, "like_count": 3022, "comment_count": 351, "title": "#潜射战略导弹试射#【#海军成功组织潜射战略导弹试射#】7月6日12时01分，中"}, {"author": "央视新闻", "platform": "微博", "verification_type": "官方平台", "publish_time": "2026-07-06T18:09:47", "influence": 1646.1, "repost_count": 645, "like_count": 2782, "comment_count": 333, "title": "#导弹出水升空瞬间#【#潜射战略导弹试射现场画面#[威武]骄傲转发！】7月6日1"}, {"author": "央视新闻", "platform": "微博", "verification_type": "官方平台", "publish_time": "2026-07-06T18:47:43", "influence": 1555.2, "repost_count": 594, "like_count": 2684, "comment_count": 312, "title": "#导弹出水升空瞬间#【震撼现场！#潜射战略导弹试射如蛟龙出海#[威武]】7月6日"}, {"author": "北京日报", "platform": "微博", "verification_type": "认证机构", "publish_time": "2026-07-06T15:17:04", "influence": 1257.8, "repost_count": 184, "like_count": 3136, "comment_count": 266, "title": "#中方试射导弹不针对任何特定国家# 【#中方回应潜射战略导弹试射#】#中方试射导"}, {"author": "Jokielicious", "platform": "微博", "verification_type": "认证个人", "publish_time": "2026-07-06T14:38:41", "influence": 1189.9, "repost_count": 114, "like_count": 3213, "comment_count": 224, "title": "产经新闻报道了 #海外新鲜事# #中国海军成功组织潜射战略导弹试射##幽默牢日#"}], "platform_chain": {"nodes": [{"name": "微博", "count": 68, "first_seen": "2026-07-06T12:23:20"}, {"name": "澎湃新闻", "count": 9, "first_seen": "2026-07-06T13:01:00"}, {"name": "人民网", "count": 8, "first_seen": "2026-07-06T13:13:52"}, {"name": "知乎", "count": 48, "first_seen": "2026-07-06T17:37:08"}, {"name": "新浪新闻", "count": 29, "first_seen": "2026-07-07T09:04:03"}], "links": [{"source": "微博", "target": "澎湃新闻", "value": 9}, {"source": "澎湃新闻", "target": "人民网", "value": 8}, {"source": "人民网", "target": "知乎", "value": 48}, {"source": "知乎", "target": "新浪新闻", "value": 29}]}}', '2026-07-15 22:17:29', '2026-07-15 22:17:29');
INSERT INTO event_keywords (event_id, word, weight, rank) VALUES (37, '中国', 1.0, 0);
INSERT INTO event_keywords (event_id, word, weight, rank) VALUES (37, '巨浪', 1.0, 1);
INSERT INTO event_keywords (event_id, word, weight, rank) VALUES (37, '日本', 0.867, 2);
INSERT INTO event_keywords (event_id, word, weight, rank) VALUES (37, '发射', 0.652, 3);
INSERT INTO event_keywords (event_id, word, weight, rank) VALUES (37, '导弹', 0.573, 4);
INSERT INTO event_keywords (event_id, word, weight, rank) VALUES (37, '北约', 0.511, 5);
INSERT INTO event_keywords (event_id, word, weight, rank) VALUES (37, '战略', 0.475, 6);
INSERT INTO event_keywords (event_id, word, weight, rank) VALUES (37, '美国', 0.413, 7);
INSERT INTO event_platforms (event_id, platform_name, ratio, rank) VALUES (37, '微博', 0.417, 0);
INSERT INTO event_platforms (event_id, platform_name, ratio, rank) VALUES (37, '知乎', 0.301, 1);
INSERT INTO event_platforms (event_id, platform_name, ratio, rank) VALUES (37, '新浪新闻', 0.178, 2);
INSERT INTO event_platforms (event_id, platform_name, ratio, rank) VALUES (37, '澎湃新闻', 0.055, 3);
INSERT INTO event_platforms (event_id, platform_name, ratio, rank) VALUES (37, '人民网', 0.049, 4);
INSERT INTO event_trend_daily (event_id, date, count, is_predicted) VALUES (37, '2026-07-06', 34, 0);
INSERT INTO event_trend_daily (event_id, date, count, is_predicted) VALUES (37, '2026-07-07', 42, 0);
INSERT INTO event_trend_daily (event_id, date, count, is_predicted) VALUES (37, '2026-07-08', 22, 0);
INSERT INTO event_trend_daily (event_id, date, count, is_predicted) VALUES (37, '2026-07-09', 13, 0);
INSERT INTO event_trend_daily (event_id, date, count, is_predicted) VALUES (37, '2026-07-10', 16, 0);
INSERT INTO event_trend_daily (event_id, date, count, is_predicted) VALUES (37, '2026-07-11', 6, 0);
INSERT INTO event_trend_daily (event_id, date, count, is_predicted) VALUES (37, '2026-07-12', 14, 0);
INSERT INTO event_trend_daily (event_id, date, count, is_predicted) VALUES (37, '2026-07-13', 5, 0);
INSERT INTO event_trend_daily (event_id, date, count, is_predicted) VALUES (37, '2026-07-14', 3, 0);
INSERT INTO event_trend_daily (event_id, date, count, is_predicted) VALUES (37, '2026-07-15', 7, 0);
INSERT INTO event_trend_daily (event_id, date, count, is_predicted, predict_heat, predict_count) VALUES (37, '2026-07-16', 0, 1, 8.0, 8.0);
INSERT INTO event_trend_daily (event_id, date, count, is_predicted, predict_heat, predict_count) VALUES (37, '2026-07-17', 0, 1, 9.0, 9.0);
INSERT INTO event_trend_daily (event_id, date, count, is_predicted, predict_heat, predict_count) VALUES (37, '2026-07-18', 0, 1, 10.0, 10.0);

-- cc_backdoor.json: 2/19 clusters (heat >= 5.0)
INSERT INTO events (event_id, title, heat, report_count, duplicate_count, time_start, time_end, event_time, risk_level, stage, confidence, prob_latent, prob_growth, prob_peak, prob_decline, analysis, positive, neutral, negative, sources, summary, location, cause, people, authenticity, propagation, created_at, updated_at) VALUES (38, '工信部提示Claude存安全后门隐患', 16.479, 110, 108, '2026-07-03 18:45:46', '2026-07-15 16:49:35', '2026-07-08 12:00:00', 'mid_high', 'decline', 0.9, 0.0, 0.0, 0.1, 0.9, '当前事件报道数量持续下降，公众关注度减弱，处于衰退期。', 0.578, 0.272, 0.15, '["微博", "新浪新闻", "澎湃新闻", "知乎"]', '近日，工业和信息化部网络安全威胁和漏洞信息共享平台（NVDB）发布风险提示：AI编程工具Claude Code存在安全后门隐患，受影响版本为2.1.91至2.1.196。相关单位和用户应立即开展排查，对受影响版本及时卸载或升级。随着生成式人工智能快速发展，AI编程工具正在被越来越多开发者使用。', '中国、美国、外联', '阿里全员卸载Claude，周鸿祎称大量中国用户被封号 #阿里 全员卸载Claude#周鸿祎：大量中国用户被封号，背后释放了什么重要信号。', '["阿里", "阿里巴巴", "特洛伊木马", "许可", "严重性"]', '{"credibility_score": 0.317, "official_ratio": 0.164, "verified_ratio": 0.509, "plain_user_ratio": 0.491, "verification_dist": {"普通用户": 0.491, "认证个人": 0.182, "官方平台": 0.164, "认证机构": 0.091, "头部认证个人": 0.073}, "factors": ["high_duplicate_rate"]}', '{"key_nodes": [{"role": "初始爆料", "author": "atoncrescent", "platform": "知乎", "verification_type": "普通用户", "publish_time": "2026-07-03T18:45:46", "influence": 1.8, "title": "几个月前，工信部进行风险提示，你们都不当回事，现在阿里说了你们才相信。"}, {"role": "首次官方媒体介入", "author": "奇闻风向标", "platform": "新浪新闻", "verification_type": "官方平台", "publish_time": "2026-07-08T11:53:59", "influence": 0.0, "title": "阿里全员卸载Claude，周鸿祎称大量中国用户被封号"}, {"role": "首次大V发声", "author": "短的发布会", "platform": "微博", "verification_type": "头部认证个人", "publish_time": "2026-07-08T12:36:30", "influence": 40.3, "title": "#阿里 全员卸载Claude# 工信部发布针对Claude Code的风险提示，"}, {"role": "传播高峰", "author": "野路子Robin", "platform": "微博", "verification_type": "认证个人", "publish_time": "2026-07-13T22:08:45", "influence": 538.5, "title": "如果你会翻墙，还会用AI，你已经超过99%的国人！！！ 1、会翻墙+会AI，信息"}], "top_influencers": [{"author": "野路子Robin", "platform": "微博", "verification_type": "认证个人", "publish_time": "2026-07-13T22:08:45", "influence": 538.5, "repost_count": 343, "like_count": 625, "comment_count": 16, "title": "如果你会翻墙，还会用AI，你已经超过99%的国人！！！ 1、会翻墙+会AI，信息"}, {"author": "梁赛", "platform": "微博", "verification_type": "认证个人", "publish_time": "2026-07-08T13:56:37", "influence": 249.3, "repost_count": 77, "like_count": 536, "comment_count": 23, "title": "工信部发布关于防范AI编程工具Claude Code安全后门隐患的风险提示"}, {"author": "央视新闻", "platform": "微博", "verification_type": "官方平台", "publish_time": "2026-07-10T08:59:00", "influence": 222.1, "repost_count": 74, "like_count": 347, "comment_count": 88, "title": "#ClaudeCode安全风险提示#【#ClaudeCode回传中国用户信息#】"}, {"author": "手握科技", "platform": "微博", "verification_type": "认证个人", "publish_time": "2026-07-08T11:05:32", "influence": 154.6, "repost_count": 30, "like_count": 357, "comment_count": 35, "title": "#阿里 全员卸载Claude#今天工信部发布了公告，提醒Claude存在后门隐患"}, {"author": "红星资本局", "platform": "微博", "verification_type": "认证机构", "publish_time": "2026-07-08T14:03:37", "influence": 144.1, "repost_count": 50, "like_count": 242, "comment_count": 43, "title": "#工信部提示ClaudeCode风险#【#工信部发布风险提示#：AI编程工具Cl"}], "platform_chain": {"nodes": [{"name": "知乎", "count": 52, "first_seen": "2026-07-03T18:45:46"}, {"name": "微博", "count": 41, "first_seen": "2026-07-08T11:05:32"}, {"name": "新浪新闻", "count": 16, "first_seen": "2026-07-08T11:53:59"}, {"name": "澎湃新闻", "count": 1, "first_seen": "2026-07-08T14:03:00"}], "links": [{"source": "知乎", "target": "微博", "value": 41}, {"source": "微博", "target": "新浪新闻", "value": 16}, {"source": "新浪新闻", "target": "澎湃新闻", "value": 1}]}}', '2026-07-15 22:17:29', '2026-07-15 22:17:29');
INSERT INTO event_keywords (event_id, word, weight, rank) VALUES (38, 'AI', 1.0, 0);
INSERT INTO event_keywords (event_id, word, weight, rank) VALUES (38, '工具', 0.639, 1);
INSERT INTO event_keywords (event_id, word, weight, rank) VALUES (38, '企业', 0.584, 2);
INSERT INTO event_keywords (event_id, word, weight, rank) VALUES (38, 'Claude', 0.499, 3);
INSERT INTO event_keywords (event_id, word, weight, rank) VALUES (38, '代码', 0.461, 4);
INSERT INTO event_keywords (event_id, word, weight, rank) VALUES (38, '安全', 0.374, 5);
INSERT INTO event_keywords (event_id, word, weight, rank) VALUES (38, '智能', 0.288, 6);
INSERT INTO event_keywords (event_id, word, weight, rank) VALUES (38, 'Code', 0.282, 7);
INSERT INTO event_platforms (event_id, platform_name, ratio, rank) VALUES (38, '知乎', 0.473, 0);
INSERT INTO event_platforms (event_id, platform_name, ratio, rank) VALUES (38, '微博', 0.373, 1);
INSERT INTO event_platforms (event_id, platform_name, ratio, rank) VALUES (38, '新浪新闻', 0.145, 2);
INSERT INTO event_platforms (event_id, platform_name, ratio, rank) VALUES (38, '澎湃新闻', 0.009, 3);
INSERT INTO event_trend_daily (event_id, date, count, is_predicted) VALUES (38, '2026-07-03', 1, 0);
INSERT INTO event_trend_daily (event_id, date, count, is_predicted) VALUES (38, '2026-07-04', 0, 0);
INSERT INTO event_trend_daily (event_id, date, count, is_predicted) VALUES (38, '2026-07-05', 0, 0);
INSERT INTO event_trend_daily (event_id, date, count, is_predicted) VALUES (38, '2026-07-06', 0, 0);
INSERT INTO event_trend_daily (event_id, date, count, is_predicted) VALUES (38, '2026-07-07', 0, 0);
INSERT INTO event_trend_daily (event_id, date, count, is_predicted) VALUES (38, '2026-07-08', 37, 0);
INSERT INTO event_trend_daily (event_id, date, count, is_predicted) VALUES (38, '2026-07-09', 17, 0);
INSERT INTO event_trend_daily (event_id, date, count, is_predicted) VALUES (38, '2026-07-10', 18, 0);
INSERT INTO event_trend_daily (event_id, date, count, is_predicted) VALUES (38, '2026-07-11', 5, 0);
INSERT INTO event_trend_daily (event_id, date, count, is_predicted) VALUES (38, '2026-07-12', 4, 0);
INSERT INTO event_trend_daily (event_id, date, count, is_predicted) VALUES (38, '2026-07-13', 12, 0);
INSERT INTO event_trend_daily (event_id, date, count, is_predicted) VALUES (38, '2026-07-14', 9, 0);
INSERT INTO event_trend_daily (event_id, date, count, is_predicted) VALUES (38, '2026-07-15', 7, 0);
INSERT INTO event_trend_daily (event_id, date, count, is_predicted, predict_heat, predict_count) VALUES (38, '2026-07-16', 0, 1, 4.5, 4.5);
INSERT INTO event_trend_daily (event_id, date, count, is_predicted, predict_heat, predict_count) VALUES (38, '2026-07-17', 0, 1, 2.0, 2.0);
INSERT INTO event_trend_daily (event_id, date, count, is_predicted, predict_heat, predict_count) VALUES (38, '2026-07-18', 0, 1, 0.0, 0.0);

INSERT INTO events (event_id, title, heat, report_count, duplicate_count, time_start, time_end, event_time, risk_level, stage, confidence, prob_latent, prob_growth, prob_peak, prob_decline, analysis, positive, neutral, negative, sources, summary, location, cause, people, authenticity, propagation, created_at, updated_at) VALUES (39, 'AI时代码农升级导演，认知升维决定未来', 8.564, 67, 77, '2026-06-09 00:00:00', '2026-07-15 18:43:47', '2026-07-10 12:00:00', 'mid', 'decline', 0.9, 0.0, 0.0, 0.1, 0.9, '当前事件报道数量持续下降，公众关注度减弱，处于衰退期。', 0.424, 0.358, 0.218, '["微博", "新浪新闻", "澎湃新闻", "知乎"]', '7月6日，美国AI初创企业Anthropic表示，已识别出旗下大模型Claude内部使用的一个小型工作空间，在该空间中，Claude可激活与其输出无关的概念和计算。Anthropic称，这一结构与人类有意识地获取思想的方式有着相似之处，它让我们得以窥见Claude在思考却未说出的内容。Anthropic将之命名为“J-空间”（J-Space），名称来源于用于发现它的一种数学技术——雅可比（Jacobian）。', '中国、美国、东西', '6月9日凌晨，苹果公司一年一度的全球开发者大会（WWDC）开幕，时隔两年，苹果再次集中发布AI战略，推出了新一代Apple智能以及重构过的语音助手Siri AI，并推出迭代版本 iOS 27、iPadOS 27、macOS 27等全系操作系统。', '["阿里", "高峰", "李林", "唐杰", "卡兹克"]', '{"credibility_score": 0.502, "official_ratio": 0.478, "verified_ratio": 0.687, "plain_user_ratio": 0.313, "verification_dist": {"官方平台": 0.478, "普通用户": 0.313, "头部认证个人": 0.134, "认证个人": 0.075}, "factors": ["high_duplicate_rate", "well_sourced"]}', '{"key_nodes": [{"role": "首次官方媒体介入", "author": "澎湃新闻", "platform": "澎湃新闻", "verification_type": "官方平台", "publish_time": "2026-06-09T00:00:00", "influence": 0.0, "title": "苹果打出最强AI战略：Siri全新升级，库克称“生涯高光时刻之一”，但中国用户还"}, {"role": "初始爆料", "author": "零度解说", "platform": "知乎", "verification_type": "普通用户", "publish_time": "2026-06-25T22:19:30", "influence": 23.8, "title": "Claude 被开源了？Qwythos-9B 突然发布！无审查、104万上下文、"}, {"role": "传播高峰", "author": "大卡", "platform": "知乎", "verification_type": "普通用户", "publish_time": "2026-07-01T02:39:43", "influence": 761.1, "title": "我觉得这件事情可以从两个问题的角度来讨论：1. 结合最近几个月发生的事情，这个事"}, {"role": "首次大V发声", "author": "极客公园", "platform": "知乎", "verification_type": "头部认证个人", "publish_time": "2026-07-03T17:35:08", "influence": 1.5, "title": "Anthropic 公告里最刺眼的 3 个名字，有 1 家中国模型 - 知乎"}], "top_influencers": [{"author": "大卡", "platform": "知乎", "verification_type": "普通用户", "publish_time": "2026-07-01T02:39:43", "influence": 761.1, "repost_count": 0, "like_count": 1967, "comment_count": 342, "title": "我觉得这件事情可以从两个问题的角度来讨论：1. 结合最近几个月发生的事情，这个事"}, {"author": "赵泠", "platform": "知乎", "verification_type": "头部认证个人", "publish_time": "2026-07-08T13:05:38.999999", "influence": 62.0, "repost_count": 0, "like_count": 200, "comment_count": 4, "title": "显然，这是 Anthropic 的某些员工在拿大语言模型的正常举动制造噱头，然后"}, {"author": "下雨天打伞", "platform": "知乎", "verification_type": "普通用户", "publish_time": "2026-07-03T18:26:31", "influence": 58.9, "repost_count": 0, "like_count": 173, "comment_count": 14, "title": "cc这明显投毒了，而且agent是有能力直接删你系统，甚至收集你的账号远程登录服"}, {"author": "Kris谭", "platform": "知乎", "verification_type": "普通用户", "publish_time": "2026-07-08T13:40:47", "influence": 39.6, "repost_count": 0, "like_count": 117, "comment_count": 9, "title": "这就是Logit Lens的变体，与此同时线性映射进行干预本来就必然会改变一个事"}, {"author": "原地爆炸的熊猫", "platform": "知乎", "verification_type": "普通用户", "publish_time": "2026-07-11T02:30:04.000001", "influence": 28.6, "repost_count": 0, "like_count": 72, "comment_count": 14, "title": "因为Claude code并不比opencode优秀。我使用opencode最重"}], "platform_chain": {"nodes": [{"name": "澎湃新闻", "count": 4, "first_seen": "2026-06-09T00:00:00"}, {"name": "知乎", "count": 22, "first_seen": "2026-06-25T22:19:30"}, {"name": "新浪新闻", "count": 16, "first_seen": "2026-07-06T12:04:45"}, {"name": "微博", "count": 8, "first_seen": "2026-07-10T05:37:51"}], "links": [{"source": "澎湃新闻", "target": "知乎", "value": 22}, {"source": "知乎", "target": "新浪新闻", "value": 16}, {"source": "新浪新闻", "target": "微博", "value": 8}]}}', '2026-07-15 22:17:29', '2026-07-15 22:17:29');
INSERT INTO event_keywords (event_id, word, weight, rank) VALUES (39, '模型', 1.0, 0);
INSERT INTO event_keywords (event_id, word, weight, rank) VALUES (39, 'AI', 0.897, 1);
INSERT INTO event_keywords (event_id, word, weight, rank) VALUES (39, '生活史', 0.833, 2);
INSERT INTO event_keywords (event_id, word, weight, rank) VALUES (39, '道德', 0.832, 3);
INSERT INTO event_keywords (event_id, word, weight, rank) VALUES (39, '研究', 0.642, 4);
INSERT INTO event_keywords (event_id, word, weight, rank) VALUES (39, '对齐', 0.467, 5);
INSERT INTO event_keywords (event_id, word, weight, rank) VALUES (39, 'Anthropic', 0.455, 6);
INSERT INTO event_keywords (event_id, word, weight, rank) VALUES (39, '人类', 0.427, 7);
INSERT INTO event_platforms (event_id, platform_name, ratio, rank) VALUES (39, '知乎', 0.403, 0);
INSERT INTO event_platforms (event_id, platform_name, ratio, rank) VALUES (39, '澎湃新闻', 0.239, 1);
INSERT INTO event_platforms (event_id, platform_name, ratio, rank) VALUES (39, '新浪新闻', 0.239, 2);
INSERT INTO event_platforms (event_id, platform_name, ratio, rank) VALUES (39, '微博', 0.119, 3);
INSERT INTO event_trend_daily (event_id, date, count, is_predicted) VALUES (39, '2026-06-09', 1, 0);
INSERT INTO event_trend_daily (event_id, date, count, is_predicted) VALUES (39, '2026-06-10', 0, 0);
INSERT INTO event_trend_daily (event_id, date, count, is_predicted) VALUES (39, '2026-06-11', 0, 0);
INSERT INTO event_trend_daily (event_id, date, count, is_predicted) VALUES (39, '2026-06-12', 0, 0);
INSERT INTO event_trend_daily (event_id, date, count, is_predicted) VALUES (39, '2026-06-13', 0, 0);
INSERT INTO event_trend_daily (event_id, date, count, is_predicted) VALUES (39, '2026-06-14', 0, 0);
INSERT INTO event_trend_daily (event_id, date, count, is_predicted) VALUES (39, '2026-06-15', 0, 0);
INSERT INTO event_trend_daily (event_id, date, count, is_predicted) VALUES (39, '2026-06-16', 0, 0);
INSERT INTO event_trend_daily (event_id, date, count, is_predicted) VALUES (39, '2026-06-17', 0, 0);
INSERT INTO event_trend_daily (event_id, date, count, is_predicted) VALUES (39, '2026-06-18', 0, 0);
INSERT INTO event_trend_daily (event_id, date, count, is_predicted) VALUES (39, '2026-06-19', 0, 0);
INSERT INTO event_trend_daily (event_id, date, count, is_predicted) VALUES (39, '2026-06-20', 0, 0);
INSERT INTO event_trend_daily (event_id, date, count, is_predicted) VALUES (39, '2026-06-21', 0, 0);
INSERT INTO event_trend_daily (event_id, date, count, is_predicted) VALUES (39, '2026-06-22', 0, 0);
INSERT INTO event_trend_daily (event_id, date, count, is_predicted) VALUES (39, '2026-06-23', 0, 0);
INSERT INTO event_trend_daily (event_id, date, count, is_predicted) VALUES (39, '2026-06-24', 0, 0);
INSERT INTO event_trend_daily (event_id, date, count, is_predicted) VALUES (39, '2026-06-25', 1, 0);
INSERT INTO event_trend_daily (event_id, date, count, is_predicted) VALUES (39, '2026-06-26', 1, 0);
INSERT INTO event_trend_daily (event_id, date, count, is_predicted) VALUES (39, '2026-06-27', 0, 0);
INSERT INTO event_trend_daily (event_id, date, count, is_predicted) VALUES (39, '2026-06-28', 0, 0);
INSERT INTO event_trend_daily (event_id, date, count, is_predicted) VALUES (39, '2026-06-29', 1, 0);
INSERT INTO event_trend_daily (event_id, date, count, is_predicted) VALUES (39, '2026-06-30', 0, 0);
INSERT INTO event_trend_daily (event_id, date, count, is_predicted) VALUES (39, '2026-07-01', 1, 0);
INSERT INTO event_trend_daily (event_id, date, count, is_predicted) VALUES (39, '2026-07-02', 1, 0);
INSERT INTO event_trend_daily (event_id, date, count, is_predicted) VALUES (39, '2026-07-03', 3, 0);
INSERT INTO event_trend_daily (event_id, date, count, is_predicted) VALUES (39, '2026-07-04', 1, 0);
INSERT INTO event_trend_daily (event_id, date, count, is_predicted) VALUES (39, '2026-07-05', 0, 0);
INSERT INTO event_trend_daily (event_id, date, count, is_predicted) VALUES (39, '2026-07-06', 3, 0);
INSERT INTO event_trend_daily (event_id, date, count, is_predicted) VALUES (39, '2026-07-07', 2, 0);
INSERT INTO event_trend_daily (event_id, date, count, is_predicted) VALUES (39, '2026-07-08', 4, 0);
INSERT INTO event_trend_daily (event_id, date, count, is_predicted) VALUES (39, '2026-07-09', 3, 0);
INSERT INTO event_trend_daily (event_id, date, count, is_predicted) VALUES (39, '2026-07-10', 8, 0);
INSERT INTO event_trend_daily (event_id, date, count, is_predicted) VALUES (39, '2026-07-11', 3, 0);
INSERT INTO event_trend_daily (event_id, date, count, is_predicted) VALUES (39, '2026-07-12', 3, 0);
INSERT INTO event_trend_daily (event_id, date, count, is_predicted) VALUES (39, '2026-07-13', 5, 0);
INSERT INTO event_trend_daily (event_id, date, count, is_predicted) VALUES (39, '2026-07-14', 5, 0);
INSERT INTO event_trend_daily (event_id, date, count, is_predicted) VALUES (39, '2026-07-15', 4, 0);
INSERT INTO event_trend_daily (event_id, date, count, is_predicted, predict_heat, predict_count) VALUES (39, '2026-07-16', 0, 1, 3.5, 3.5);
INSERT INTO event_trend_daily (event_id, date, count, is_predicted, predict_heat, predict_count) VALUES (39, '2026-07-17', 0, 1, 3.0, 3.0);
INSERT INTO event_trend_daily (event_id, date, count, is_predicted, predict_heat, predict_count) VALUES (39, '2026-07-18', 0, 1, 2.5, 2.5);
