-- Trendsight seed data — generated by scripts/export_to_sql.py
-- Generated at: 2026-07-13T00:05:18.962735
SET NAMES utf8mb4;

-- worldcup.json: 10/41 clusters (heat >= 5.0)
INSERT INTO events (event_id, title, heat, report_count, duplicate_count, time_start, time_end, event_time, risk_level, stage, confidence, prob_latent, prob_growth, prob_peak, prob_decline, analysis, positive, neutral, negative, sources, summary, location, cause, people, authenticity, created_at, updated_at) VALUES (1, '阿根廷被指踢球脏，梅西遭质疑', 26.237, 126, 22, '2026-07-05 15:46:24', '2026-07-11 22:16:18', '2026-07-10 12:00:00', 'mid_high', 'decline', 0.9, 0.0, 0.0, 0.1, 0.9, '当前事件报道数量持续下降，公众关注度减弱，处于衰退期。', 0.5, 0.28, 0.22, '["微博", "新浪新闻", "澎湃新闻", "知乎"]', '裁判之前取消了埃及的进球，理由是阿根廷的犯规，是在回看VAR后而在同一场比赛中，阿根廷球员对埃及球员犯规，进攻以阿根廷进球结束，裁判没有回看VAR他们是足球界的犹太复国主义者#阿根廷战埃及裁判称判罚非常公平##裁判 偏心#。（也可能是视角问题）埃及真的也是大心脏，这环境下一个二个好像还很乐观下半场，51分钟阿根廷一个任意球，摔倒有点轻易55分钟，梅西捂牙倒了，阿根廷一个任意球这场埃及门将，真的轻描淡写的达到顶级水平57分钟，埃及那一连串的运动过人，最后配合进球，太梦幻了神了，59分钟把这个球回溯到两分钟之前，判犯规没了，然后阿根廷获得下半场第三个任意球66分钟，埃及球员紧紧背着双手去断球，有点喜感66分钟后半，埃及进球，这个没有回溯点了69分钟，埃及一个轻易倒，有点青涩78分钟，阿根廷头球破门，回放没有越位83分钟，梅西破门VAR判断79分钟进球没有越位88分钟，阿根廷任意球，差点破门90分钟阿根廷断了埃及一个很有威胁的配合，比赛似乎进入正常状态91分钟，阿根廷进球，比分反超。一、阿根廷全队应得处罚（统一埃及严苛尺度）1. 直接红牌2张（暴力行为，IFAB规则无球击打面部=暴力行为直红）1. 莫利纳上半场无球抬手击打埃及阿舒尔面部，无球对抗下主动攻击头部，标准直红 2. 德保罗第12分钟亮鞋底全力蹬踏对手小腿，过度力量危及对手，严重犯规直红档，至少红牌2. 黄牌合计11张（竞技犯规+围堵抗议）竞技战术类黄牌（对标兹科拉拽即出牌）1. 麦卡利斯特3次无球拉扯球衣阻挡反击 → 3黄2. 罗梅罗多次背后推搡、卡位垫背干扰 → 2黄3. 全队其余隐蔽拉扯、脚下踮脚阻挡、冲撞干扰独立动作3次 → 3黄小计竞技黄牌：8张围堵、抗议裁判类黄牌（埃及聚集质问全部吃牌）梅西、恩佐、德保罗三次独立集体围堵裁判、大幅度手势施压，对应埃及4张抗议黄牌尺度 → 3黄小计抗议黄牌：3张阿根廷汇总红牌：2张黄牌：11张实际全场：0黄0红二、埃及全队应得处罚（完全套用本场裁判对待埃及自身的严苛标准，不放宽）无新增红牌动作：全场无蹬踏、击打、暴力伤人行为，无直红动作黄牌合计12张1. 本场实际已吃到5张：61''兹科战术拉拽1张。', '埃及、法国、上半场', '这场比赛是为了洗阿根廷的污水的，因为阿根廷也是非常脏的一个队，如果不找一个其它队来转移视线，大家就会。', '["萨拉", "恩佐", "弗朗索瓦", "西耶", "莫利纳"]', '{"credibility_score": 0.296, "official_ratio": 0.175, "verified_ratio": 0.381, "plain_user_ratio": 0.619, "verification_dist": {"普通用户": 0.619, "官方平台": 0.175, "认证个人": 0.167, "头部认证个人": 0.024, "认证机构": 0.016}, "factors": []}', '2026-07-13 00:05:18', '2026-07-13 00:05:18');
INSERT INTO event_keywords (event_id, word, weight, rank) VALUES (1, '埃及', 1.0, 0);
INSERT INTO event_keywords (event_id, word, weight, rank) VALUES (1, '阿根廷', 0.979, 1);
INSERT INTO event_keywords (event_id, word, weight, rank) VALUES (1, '裁判', 0.558, 2);
INSERT INTO event_keywords (event_id, word, weight, rank) VALUES (1, '犯规', 0.451, 3);
INSERT INTO event_keywords (event_id, word, weight, rank) VALUES (1, '分钟', 0.417, 4);
INSERT INTO event_keywords (event_id, word, weight, rank) VALUES (1, 'VAR', 0.334, 5);
INSERT INTO event_keywords (event_id, word, weight, rank) VALUES (1, '判罚', 0.286, 6);
INSERT INTO event_keywords (event_id, word, weight, rank) VALUES (1, '梅西', 0.267, 7);
INSERT INTO event_platforms (event_id, platform_name, ratio, rank) VALUES (1, '知乎', 0.659, 0);
INSERT INTO event_platforms (event_id, platform_name, ratio, rank) VALUES (1, '新浪新闻', 0.167, 1);
INSERT INTO event_platforms (event_id, platform_name, ratio, rank) VALUES (1, '微博', 0.167, 2);
INSERT INTO event_platforms (event_id, platform_name, ratio, rank) VALUES (1, '澎湃新闻', 0.008, 3);
INSERT INTO event_trend_daily (event_id, date, count, is_predicted) VALUES (1, '2026-07-05', 1, 0);
INSERT INTO event_trend_daily (event_id, date, count, is_predicted) VALUES (1, '2026-07-06', 0, 0);
INSERT INTO event_trend_daily (event_id, date, count, is_predicted) VALUES (1, '2026-07-07', 0, 0);
INSERT INTO event_trend_daily (event_id, date, count, is_predicted) VALUES (1, '2026-07-08', 42, 0);
INSERT INTO event_trend_daily (event_id, date, count, is_predicted) VALUES (1, '2026-07-09', 23, 0);
INSERT INTO event_trend_daily (event_id, date, count, is_predicted) VALUES (1, '2026-07-10', 43, 0);
INSERT INTO event_trend_daily (event_id, date, count, is_predicted) VALUES (1, '2026-07-11', 17, 0);
INSERT INTO event_trend_daily (event_id, date, count, is_predicted, predict_heat, predict_count) VALUES (1, '2026-07-12', 0, 1, 14.0, 14.0);
INSERT INTO event_trend_daily (event_id, date, count, is_predicted, predict_heat, predict_count) VALUES (1, '2026-07-13', 0, 1, 11.0, 11.0);
INSERT INTO event_trend_daily (event_id, date, count, is_predicted, predict_heat, predict_count) VALUES (1, '2026-07-14', 0, 1, 8.0, 8.0);

INSERT INTO events (event_id, title, heat, report_count, duplicate_count, time_start, time_end, event_time, risk_level, stage, confidence, prob_latent, prob_growth, prob_peak, prob_decline, analysis, positive, neutral, negative, sources, summary, location, cause, people, authenticity, created_at, updated_at) VALUES (2, '埃及法国英国相继申诉红黄牌，巴洛贡事件引发国际足联新争议', 19.661, 61, 21, '2026-07-08 10:40:41', '2026-07-11 22:16:00', '2026-07-10 12:00:00', 'mid_high', 'decline', 0.9, 0.0, 0.0, 0.1, 0.9, '当前事件报道数量持续下降，公众关注度减弱，处于衰退期。', 0.391, 0.435, 0.174, '["人民网", "微博", "新浪新闻", "澎湃新闻", "知乎"]', '埃及足球协会主席哈尼·阿布·里达正式向国际足联提出上诉，要求对执法2026年美加墨世界杯1/8决赛埃及队对阵阿根廷队的法国籍主裁判弗朗索瓦·莱特西耶展开调查。北京时间7月8日上午，据西班牙《阿斯报》等媒体报道称，埃及足协已向国际足联提交了一份完整的书面申诉，矛头直指执法埃及队与阿根廷队1/8决赛的法国主裁判勒泰西耶及其全套VAR裁判组。#埃及足协正式申诉 要求调查主裁判#世界杯1/8决赛埃及2-0领先遭阿根廷3-2逆转出局后，埃及足协今日正式向国际足联提交申诉，要求彻查法国籍主裁勒泰西耶及整个VAR裁判组，甚至呼吁将其逐出本届赛事。', '埃及、法国、美加墨', '埃及大可以向国际足联提起申诉，当然了最好的结果不过是为埃及法老赢得一张假摔黄牌而已而克罗地亚的头发丝。', '["梅西", "萨拉", "哈桑", "杨毅", "孙葆洁"]', '{"credibility_score": 0.392, "official_ratio": 0.23, "verified_ratio": 0.639, "plain_user_ratio": 0.361, "verification_dist": {"普通用户": 0.361, "认证个人": 0.311, "官方平台": 0.23, "认证机构": 0.066, "头部认证个人": 0.033}, "factors": ["well_sourced"]}', '2026-07-13 00:05:18', '2026-07-13 00:05:18');
INSERT INTO event_keywords (event_id, word, weight, rank) VALUES (2, '埃及', 1.0, 0);
INSERT INTO event_keywords (event_id, word, weight, rank) VALUES (2, '阿根廷', 0.601, 1);
INSERT INTO event_keywords (event_id, word, weight, rank) VALUES (2, '裁判', 0.398, 2);
INSERT INTO event_keywords (event_id, word, weight, rank) VALUES (2, '超话', 0.324, 3);
INSERT INTO event_keywords (event_id, word, weight, rank) VALUES (2, '裁判员', 0.313, 4);
INSERT INTO event_keywords (event_id, word, weight, rank) VALUES (2, '上诉', 0.297, 5);
INSERT INTO event_keywords (event_id, word, weight, rank) VALUES (2, '国际足联', 0.294, 6);
INSERT INTO event_keywords (event_id, word, weight, rank) VALUES (2, 'VAR', 0.275, 7);
INSERT INTO event_platforms (event_id, platform_name, ratio, rank) VALUES (2, '微博', 0.574, 0);
INSERT INTO event_platforms (event_id, platform_name, ratio, rank) VALUES (2, '新浪新闻', 0.197, 1);
INSERT INTO event_platforms (event_id, platform_name, ratio, rank) VALUES (2, '知乎', 0.197, 2);
INSERT INTO event_platforms (event_id, platform_name, ratio, rank) VALUES (2, '澎湃新闻', 0.016, 3);
INSERT INTO event_platforms (event_id, platform_name, ratio, rank) VALUES (2, '人民网', 0.016, 4);
INSERT INTO event_trend_daily (event_id, date, count, is_predicted) VALUES (2, '2026-07-08', 7, 0);
INSERT INTO event_trend_daily (event_id, date, count, is_predicted) VALUES (2, '2026-07-09', 5, 0);
INSERT INTO event_trend_daily (event_id, date, count, is_predicted) VALUES (2, '2026-07-10', 34, 0);
INSERT INTO event_trend_daily (event_id, date, count, is_predicted) VALUES (2, '2026-07-11', 15, 0);
INSERT INTO event_trend_daily (event_id, date, count, is_predicted, predict_heat, predict_count) VALUES (2, '2026-07-12', 0, 1, 20.0, 20.0);
INSERT INTO event_trend_daily (event_id, date, count, is_predicted, predict_heat, predict_count) VALUES (2, '2026-07-13', 0, 1, 25.0, 25.0);
INSERT INTO event_trend_daily (event_id, date, count, is_predicted, predict_heat, predict_count) VALUES (2, '2026-07-14', 0, 1, 30.0, 30.0);

INSERT INTO events (event_id, title, heat, report_count, duplicate_count, time_start, time_end, event_time, risk_level, stage, confidence, prob_latent, prob_growth, prob_peak, prob_decline, analysis, positive, neutral, negative, sources, summary, location, cause, people, authenticity, created_at, updated_at) VALUES (3, '埃及足协申诉FIFA调查主裁判勒泰西耶误判', 16.202, 78, 8, '2026-06-11 00:00:00', '2026-07-11 22:14:42', '2026-07-11 12:00:00', 'mid_high', 'growth', 0.9, 0.05, 0.9, 0.05, 0.0, '当前事件报道数量持续增加，公众关注度快速提升，处于成长期。', 0.474, 0.263, 0.263, '["人民网", "微博", "新浪新闻", "澎湃新闻", "知乎"]', '#阿根廷埃及球迷爆发冲突##埃及队抗议##世界杯8强全部产生##苏醒回应阿根廷队黑赢##阿根廷 脏#。新华社记者 程敏 摄 连场进球 梅西在阿根廷队3:2逆转战胜埃及队的比赛中打进一球，将自己保持的世界杯连续进球场次扩大到9场。”据新华社，北京时间7月8日，在0:2落后的绝境中，在梅西上半场罚丢点球的情况下，卫冕冠军阿根廷队在比赛最后阶段的13分钟内连入三球，神奇逆转埃及队，晋级美加墨世界杯八强。', '埃及、美加墨、法国', '万万没想到：英超最脏球员排行，前10中4个是前锋_运动家_澎湃新闻-The Paper。', '["斯卡", "洛尼", "切尔西", "苏醒", "哈兰德"]', '{"credibility_score": 0.73, "official_ratio": 0.679, "verified_ratio": 0.808, "plain_user_ratio": 0.192, "verification_dist": {"官方平台": 0.679, "普通用户": 0.192, "认证个人": 0.077, "头部认证个人": 0.038, "认证机构": 0.013}, "factors": ["well_sourced"]}', '2026-07-13 00:05:18', '2026-07-13 00:05:18');
INSERT INTO event_keywords (event_id, word, weight, rank) VALUES (3, '世界杯', 1.0, 0);
INSERT INTO event_keywords (event_id, word, weight, rank) VALUES (3, '埃及', 0.441, 1);
INSERT INTO event_keywords (event_id, word, weight, rank) VALUES (3, '梅西', 0.421, 2);
INSERT INTO event_keywords (event_id, word, weight, rank) VALUES (3, '德国队', 0.35, 3);
INSERT INTO event_keywords (event_id, word, weight, rank) VALUES (3, '阿根廷', 0.3, 4);
INSERT INTO event_keywords (event_id, word, weight, rank) VALUES (3, '红牌', 0.284, 5);
INSERT INTO event_keywords (event_id, word, weight, rank) VALUES (3, '阿根廷队', 0.258, 6);
INSERT INTO event_keywords (event_id, word, weight, rank) VALUES (3, '伊朗', 0.249, 7);
INSERT INTO event_platforms (event_id, platform_name, ratio, rank) VALUES (3, '澎湃新闻', 0.526, 0);
INSERT INTO event_platforms (event_id, platform_name, ratio, rank) VALUES (3, '知乎', 0.269, 1);
INSERT INTO event_platforms (event_id, platform_name, ratio, rank) VALUES (3, '新浪新闻', 0.115, 2);
INSERT INTO event_platforms (event_id, platform_name, ratio, rank) VALUES (3, '微博', 0.051, 3);
INSERT INTO event_platforms (event_id, platform_name, ratio, rank) VALUES (3, '人民网', 0.038, 4);
INSERT INTO event_trend_daily (event_id, date, count, is_predicted) VALUES (3, '2026-06-11', 1, 0);
INSERT INTO event_trend_daily (event_id, date, count, is_predicted) VALUES (3, '2026-06-12', 0, 0);
INSERT INTO event_trend_daily (event_id, date, count, is_predicted) VALUES (3, '2026-06-13', 0, 0);
INSERT INTO event_trend_daily (event_id, date, count, is_predicted) VALUES (3, '2026-06-14', 0, 0);
INSERT INTO event_trend_daily (event_id, date, count, is_predicted) VALUES (3, '2026-06-15', 0, 0);
INSERT INTO event_trend_daily (event_id, date, count, is_predicted) VALUES (3, '2026-06-16', 1, 0);
INSERT INTO event_trend_daily (event_id, date, count, is_predicted) VALUES (3, '2026-06-17', 0, 0);
INSERT INTO event_trend_daily (event_id, date, count, is_predicted) VALUES (3, '2026-06-18', 0, 0);
INSERT INTO event_trend_daily (event_id, date, count, is_predicted) VALUES (3, '2026-06-19', 1, 0);
INSERT INTO event_trend_daily (event_id, date, count, is_predicted) VALUES (3, '2026-06-20', 1, 0);
INSERT INTO event_trend_daily (event_id, date, count, is_predicted) VALUES (3, '2026-06-21', 1, 0);
INSERT INTO event_trend_daily (event_id, date, count, is_predicted) VALUES (3, '2026-06-22', 2, 0);
INSERT INTO event_trend_daily (event_id, date, count, is_predicted) VALUES (3, '2026-06-23', 1, 0);
INSERT INTO event_trend_daily (event_id, date, count, is_predicted) VALUES (3, '2026-06-24', 2, 0);
INSERT INTO event_trend_daily (event_id, date, count, is_predicted) VALUES (3, '2026-06-25', 1, 0);
INSERT INTO event_trend_daily (event_id, date, count, is_predicted) VALUES (3, '2026-06-26', 0, 0);
INSERT INTO event_trend_daily (event_id, date, count, is_predicted) VALUES (3, '2026-06-27', 1, 0);
INSERT INTO event_trend_daily (event_id, date, count, is_predicted) VALUES (3, '2026-06-28', 2, 0);
INSERT INTO event_trend_daily (event_id, date, count, is_predicted) VALUES (3, '2026-06-29', 1, 0);
INSERT INTO event_trend_daily (event_id, date, count, is_predicted) VALUES (3, '2026-06-30', 5, 0);
INSERT INTO event_trend_daily (event_id, date, count, is_predicted) VALUES (3, '2026-07-01', 0, 0);
INSERT INTO event_trend_daily (event_id, date, count, is_predicted) VALUES (3, '2026-07-02', 1, 0);
INSERT INTO event_trend_daily (event_id, date, count, is_predicted) VALUES (3, '2026-07-03', 1, 0);
INSERT INTO event_trend_daily (event_id, date, count, is_predicted) VALUES (3, '2026-07-04', 4, 0);
INSERT INTO event_trend_daily (event_id, date, count, is_predicted) VALUES (3, '2026-07-05', 0, 0);
INSERT INTO event_trend_daily (event_id, date, count, is_predicted) VALUES (3, '2026-07-06', 0, 0);
INSERT INTO event_trend_daily (event_id, date, count, is_predicted) VALUES (3, '2026-07-07', 1, 0);
INSERT INTO event_trend_daily (event_id, date, count, is_predicted) VALUES (3, '2026-07-08', 12, 0);
INSERT INTO event_trend_daily (event_id, date, count, is_predicted) VALUES (3, '2026-07-09', 2, 0);
INSERT INTO event_trend_daily (event_id, date, count, is_predicted) VALUES (3, '2026-07-10', 11, 0);
INSERT INTO event_trend_daily (event_id, date, count, is_predicted) VALUES (3, '2026-07-11', 21, 0);
INSERT INTO event_trend_daily (event_id, date, count, is_predicted, predict_heat, predict_count) VALUES (3, '2026-07-12', 0, 1, 30.5, 30.5);
INSERT INTO event_trend_daily (event_id, date, count, is_predicted, predict_heat, predict_count) VALUES (3, '2026-07-13', 0, 1, 40.0, 40.0);
INSERT INTO event_trend_daily (event_id, date, count, is_predicted, predict_heat, predict_count) VALUES (3, '2026-07-14', 0, 1, 49.5, 49.5);

INSERT INTO events (event_id, title, heat, report_count, duplicate_count, time_start, time_end, event_time, risk_level, stage, confidence, prob_latent, prob_growth, prob_peak, prob_decline, analysis, positive, neutral, negative, sources, summary, location, cause, people, authenticity, created_at, updated_at) VALUES (4, '#阿根廷 脏#就这样美美霸凌全世界 第一志愿葡萄牙 第二志愿埃及 第三志愿瑞士 第四志愿球盲[爱你]', 12.28, 21, 0, '2026-07-10 22:02:27', '2026-07-11 22:17:04', '2026-07-11 12:00:00', 'mid', 'growth', 0.9, 0.05, 0.9, 0.05, 0.0, '当前事件报道数量持续增加，公众关注度快速提升，处于成长期。', 0.625, 0.333, 0.042, '["微博", "新浪新闻", "澎湃新闻", "知乎"]', '运动家工作室擂台： 马作宇： 阿根廷3比1埃及 瑞士3比0哥伦比亚 胡杰： 阿根廷2比1埃及 瑞士1比1哥伦比亚 朱轶： 阿根廷2比0埃及 瑞士0比1哥伦比亚 宋承良： 阿根廷3比0埃及 瑞士0比1哥伦比亚 张喆： 阿根廷4比1埃及 瑞士1比2哥伦比亚 蒲垚磊： 阿根廷2比1埃及 瑞士1比0哥伦比亚 陈均： 阿根廷3比0埃及 瑞士1比3哥伦比亚 注：快乐购彩、理性投注，是中国体育彩票一直倡导的购彩理念。盘口 -0.75 退 -0.5 + 上水降下水抬 + 平赔 3.4-3.65 + 大小退 2.25 = 机构最防"阿根廷小胜或拖加时"，跟上场巴西VS挪威、墨西哥VS英格兰的焦灼局写法类似但瑞士反击更废、阿根廷更稳。双方各进一球后进入僵持，加时赛体能差距显现，但挪威点球经验不足，英格兰点球大战晋级可能性更大第二场：阿根廷 vs 瑞士基本面阿根廷卫冕冠军，FIFA排名第1，本届小组赛三战全胜，1/8决赛3-2逆转埃及，梅西戴帽。', '瑞士、埃及、挪威', '#阿根廷 脏#就这样美美霸凌全世界 第一志愿葡萄牙 第二志愿埃及 第三志愿瑞士 第四志愿球盲[爱你]。', '["斯卡", "洛尼", "图尔库", "阿姆", "杜尼"]', '{"credibility_score": 0.405, "official_ratio": 0.143, "verified_ratio": 0.714, "plain_user_ratio": 0.286, "verification_dist": {"认证个人": 0.381, "普通用户": 0.286, "官方平台": 0.143, "认证机构": 0.095, "头部认证个人": 0.095}, "factors": []}', '2026-07-13 00:05:18', '2026-07-13 00:05:18');
INSERT INTO event_keywords (event_id, word, weight, rank) VALUES (4, '阿根廷', 1.0, 0);
INSERT INTO event_keywords (event_id, word, weight, rank) VALUES (4, '瑞士', 0.522, 1);
INSERT INTO event_keywords (event_id, word, weight, rank) VALUES (4, '挪威', 0.475, 2);
INSERT INTO event_keywords (event_id, word, weight, rank) VALUES (4, '英格兰', 0.41, 3);
INSERT INTO event_keywords (event_id, word, weight, rank) VALUES (4, '加时', 0.353, 4);
INSERT INTO event_keywords (event_id, word, weight, rank) VALUES (4, '埃及', 0.289, 5);
INSERT INTO event_keywords (event_id, word, weight, rank) VALUES (4, '哥伦比亚', 0.28, 6);
INSERT INTO event_keywords (event_id, word, weight, rank) VALUES (4, '哈兰德', 0.26, 7);
INSERT INTO event_platforms (event_id, platform_name, ratio, rank) VALUES (4, '微博', 0.571, 0);
INSERT INTO event_platforms (event_id, platform_name, ratio, rank) VALUES (4, '知乎', 0.333, 1);
INSERT INTO event_platforms (event_id, platform_name, ratio, rank) VALUES (4, '澎湃新闻', 0.048, 2);
INSERT INTO event_platforms (event_id, platform_name, ratio, rank) VALUES (4, '新浪新闻', 0.048, 3);
INSERT INTO event_trend_daily (event_id, date, count, is_predicted) VALUES (4, '2026-07-10', 1, 0);
INSERT INTO event_trend_daily (event_id, date, count, is_predicted) VALUES (4, '2026-07-11', 20, 0);
INSERT INTO event_trend_daily (event_id, date, count, is_predicted, predict_heat, predict_count) VALUES (4, '2026-07-12', 0, 1, 39.0, 39.0);
INSERT INTO event_trend_daily (event_id, date, count, is_predicted, predict_heat, predict_count) VALUES (4, '2026-07-13', 0, 1, 58.0, 58.0);
INSERT INTO event_trend_daily (event_id, date, count, is_predicted, predict_heat, predict_count) VALUES (4, '2026-07-14', 0, 1, 77.0, 77.0);

INSERT INTO events (event_id, title, heat, report_count, duplicate_count, time_start, time_end, event_time, risk_level, stage, confidence, prob_latent, prob_growth, prob_peak, prob_decline, analysis, positive, neutral, negative, sources, summary, location, cause, people, authenticity, created_at, updated_at) VALUES (5, '“最赚钱”与“最争议”的世界杯', 7.723, 20, 2, '2026-06-15 00:00:00', '2026-07-11 22:16:50', '2026-07-11 12:00:00', 'mid', 'growth', 0.9, 0.05, 0.9, 0.05, 0.0, '当前事件报道数量持续增加，公众关注度快速提升，处于成长期。', 0.409, 0.318, 0.273, '["微博", "新浪新闻", "澎湃新闻", "知乎"]', '争议的源头，是国际足联在本届世界杯全部104场比赛中强制设置上下半场2次补水暂停，以降低高温环境对球员健康造成的影响。目前，国际足联尚未表示补水暂停是否会成为未来世界杯的永久模式，但2030年世界杯由西班牙、葡萄牙和摩洛哥举办，2034年世界杯由沙特承办。如今，补水暂停已被戏称为世界杯“水门”事件，现在的世界杯究竟是在适应新时代，还是在向“美国化”全面靠拢，或许接下来的比赛会给我们更多的答案。', '葡萄牙、埃及、美加墨', '世界杯播客｜世界杯“水门事件”：被切开的90分钟_运动家_澎湃新闻-The Paper。', '["罗晒", "范畴", "德里奇"]', '{"credibility_score": 0.705, "official_ratio": 0.65, "verified_ratio": 0.8, "plain_user_ratio": 0.2, "verification_dist": {"官方平台": 0.65, "普通用户": 0.2, "认证个人": 0.1, "头部认证个人": 0.05}, "factors": ["well_sourced"]}', '2026-07-13 00:05:18', '2026-07-13 00:05:18');
INSERT INTO event_keywords (event_id, word, weight, rank) VALUES (5, '世界杯', 1.0, 0);
INSERT INTO event_keywords (event_id, word, weight, rank) VALUES (5, '暂停', 0.826, 1);
INSERT INTO event_keywords (event_id, word, weight, rank) VALUES (5, '补水', 0.748, 2);
INSERT INTO event_keywords (event_id, word, weight, rank) VALUES (5, 'C', 0.672, 3);
INSERT INTO event_keywords (event_id, word, weight, rank) VALUES (5, '比赛', 0.668, 4);
INSERT INTO event_keywords (event_id, word, weight, rank) VALUES (5, '欧洲杯', 0.531, 5);
INSERT INTO event_keywords (event_id, word, weight, rank) VALUES (5, '国际足联', 0.475, 6);
INSERT INTO event_keywords (event_id, word, weight, rank) VALUES (5, '佛得角', 0.417, 7);
INSERT INTO event_platforms (event_id, platform_name, ratio, rank) VALUES (5, '新浪新闻', 0.4, 0);
INSERT INTO event_platforms (event_id, platform_name, ratio, rank) VALUES (5, '澎湃新闻', 0.25, 1);
INSERT INTO event_platforms (event_id, platform_name, ratio, rank) VALUES (5, '微博', 0.2, 2);
INSERT INTO event_platforms (event_id, platform_name, ratio, rank) VALUES (5, '知乎', 0.15, 3);
INSERT INTO event_trend_daily (event_id, date, count, is_predicted) VALUES (5, '2026-06-15', 1, 0);
INSERT INTO event_trend_daily (event_id, date, count, is_predicted) VALUES (5, '2026-06-16', 0, 0);
INSERT INTO event_trend_daily (event_id, date, count, is_predicted) VALUES (5, '2026-06-17', 0, 0);
INSERT INTO event_trend_daily (event_id, date, count, is_predicted) VALUES (5, '2026-06-18', 0, 0);
INSERT INTO event_trend_daily (event_id, date, count, is_predicted) VALUES (5, '2026-06-19', 1, 0);
INSERT INTO event_trend_daily (event_id, date, count, is_predicted) VALUES (5, '2026-06-20', 0, 0);
INSERT INTO event_trend_daily (event_id, date, count, is_predicted) VALUES (5, '2026-06-21', 0, 0);
INSERT INTO event_trend_daily (event_id, date, count, is_predicted) VALUES (5, '2026-06-22', 0, 0);
INSERT INTO event_trend_daily (event_id, date, count, is_predicted) VALUES (5, '2026-06-23', 0, 0);
INSERT INTO event_trend_daily (event_id, date, count, is_predicted) VALUES (5, '2026-06-24', 0, 0);
INSERT INTO event_trend_daily (event_id, date, count, is_predicted) VALUES (5, '2026-06-25', 0, 0);
INSERT INTO event_trend_daily (event_id, date, count, is_predicted) VALUES (5, '2026-06-26', 0, 0);
INSERT INTO event_trend_daily (event_id, date, count, is_predicted) VALUES (5, '2026-06-27', 0, 0);
INSERT INTO event_trend_daily (event_id, date, count, is_predicted) VALUES (5, '2026-06-28', 0, 0);
INSERT INTO event_trend_daily (event_id, date, count, is_predicted) VALUES (5, '2026-06-29', 0, 0);
INSERT INTO event_trend_daily (event_id, date, count, is_predicted) VALUES (5, '2026-06-30', 0, 0);
INSERT INTO event_trend_daily (event_id, date, count, is_predicted) VALUES (5, '2026-07-01', 0, 0);
INSERT INTO event_trend_daily (event_id, date, count, is_predicted) VALUES (5, '2026-07-02', 0, 0);
INSERT INTO event_trend_daily (event_id, date, count, is_predicted) VALUES (5, '2026-07-03', 0, 0);
INSERT INTO event_trend_daily (event_id, date, count, is_predicted) VALUES (5, '2026-07-04', 0, 0);
INSERT INTO event_trend_daily (event_id, date, count, is_predicted) VALUES (5, '2026-07-05', 0, 0);
INSERT INTO event_trend_daily (event_id, date, count, is_predicted) VALUES (5, '2026-07-06', 0, 0);
INSERT INTO event_trend_daily (event_id, date, count, is_predicted) VALUES (5, '2026-07-07', 0, 0);
INSERT INTO event_trend_daily (event_id, date, count, is_predicted) VALUES (5, '2026-07-08', 0, 0);
INSERT INTO event_trend_daily (event_id, date, count, is_predicted) VALUES (5, '2026-07-09', 2, 0);
INSERT INTO event_trend_daily (event_id, date, count, is_predicted) VALUES (5, '2026-07-10', 5, 0);
INSERT INTO event_trend_daily (event_id, date, count, is_predicted) VALUES (5, '2026-07-11', 11, 0);
INSERT INTO event_trend_daily (event_id, date, count, is_predicted, predict_heat, predict_count) VALUES (5, '2026-07-12', 0, 1, 15.5, 15.5);
INSERT INTO event_trend_daily (event_id, date, count, is_predicted, predict_heat, predict_count) VALUES (5, '2026-07-13', 0, 1, 20.0, 20.0);
INSERT INTO event_trend_daily (event_id, date, count, is_predicted, predict_heat, predict_count) VALUES (5, '2026-07-14', 0, 1, 24.5, 24.5);

INSERT INTO events (event_id, title, heat, report_count, duplicate_count, time_start, time_end, event_time, risk_level, stage, confidence, prob_latent, prob_growth, prob_peak, prob_decline, analysis, positive, neutral, negative, sources, summary, location, cause, people, authenticity, created_at, updated_at) VALUES (6, '埃及门将神勇梅西补时制胜', 7.694, 26, 7, '2026-07-09 11:23:19', '2026-07-11 22:14:31', '2026-07-10 12:00:00', 'mid', 'decline', 0.9, 0.0, 0.0, 0.1, 0.9, '当前事件报道数量持续下降，公众关注度减弱，处于衰退期。', 0.486, 0.189, 0.324, '["微博", "新浪新闻", "知乎"]', '下半场第79分钟，梅西禁区外传球助攻罗梅罗头球破门，阿根廷扳回一球1-2埃及。下半场第83分钟，梅西抽射破门，传射建功，阿根廷连扳两球2-2埃及。上半场第21分钟，梅西主罚点球被扑，埃及仍1-0阿根廷。', '埃及、美加墨、葡萄牙', '埃及门将神勇梅西补时制胜。', '["罗梅罗", "恩佐", "劳塔罗", "阿尔瓦雷", "帕雷德"]', '{"credibility_score": 0.481, "official_ratio": 0.423, "verified_ratio": 0.5, "plain_user_ratio": 0.5, "verification_dist": {"普通用户": 0.5, "官方平台": 0.423, "认证机构": 0.038, "认证个人": 0.038}, "factors": []}', '2026-07-13 00:05:18', '2026-07-13 00:05:18');
INSERT INTO event_keywords (event_id, word, weight, rank) VALUES (6, '点球', 1.0, 0);
INSERT INTO event_keywords (event_id, word, weight, rank) VALUES (6, '梅西', 0.88, 1);
INSERT INTO event_keywords (event_id, word, weight, rank) VALUES (6, '埃及', 0.421, 2);
INSERT INTO event_keywords (event_id, word, weight, rank) VALUES (6, '阿根廷', 0.397, 3);
INSERT INTO event_keywords (event_id, word, weight, rank) VALUES (6, '破门', 0.361, 4);
INSERT INTO event_keywords (event_id, word, weight, rank) VALUES (6, '抵制', 0.352, 5);
INSERT INTO event_keywords (event_id, word, weight, rank) VALUES (6, '球员', 0.295, 6);
INSERT INTO event_keywords (event_id, word, weight, rank) VALUES (6, '分钟', 0.284, 7);
INSERT INTO event_platforms (event_id, platform_name, ratio, rank) VALUES (6, '知乎', 0.462, 0);
INSERT INTO event_platforms (event_id, platform_name, ratio, rank) VALUES (6, '新浪新闻', 0.423, 1);
INSERT INTO event_platforms (event_id, platform_name, ratio, rank) VALUES (6, '微博', 0.115, 2);
INSERT INTO event_trend_daily (event_id, date, count, is_predicted) VALUES (6, '2026-07-09', 4, 0);
INSERT INTO event_trend_daily (event_id, date, count, is_predicted) VALUES (6, '2026-07-10', 15, 0);
INSERT INTO event_trend_daily (event_id, date, count, is_predicted) VALUES (6, '2026-07-11', 7, 0);
INSERT INTO event_trend_daily (event_id, date, count, is_predicted, predict_heat, predict_count) VALUES (6, '2026-07-12', 0, 1, 8.5, 8.5);
INSERT INTO event_trend_daily (event_id, date, count, is_predicted, predict_heat, predict_count) VALUES (6, '2026-07-13', 0, 1, 10.0, 10.0);
INSERT INTO event_trend_daily (event_id, date, count, is_predicted, predict_heat, predict_count) VALUES (6, '2026-07-14', 0, 1, 11.5, 11.5);

INSERT INTO events (event_id, title, heat, report_count, duplicate_count, time_start, time_end, event_time, risk_level, stage, confidence, prob_latent, prob_growth, prob_peak, prob_decline, analysis, positive, neutral, negative, sources, summary, location, cause, people, authenticity, created_at, updated_at) VALUES (7, '多谢蜀地红访问，原来我六月六日，世界杯前说过这些！🙏🏻⚽️😁👌🎉💥 http://t.cn/AXKz', 7.193, 16, 1, '2026-07-10 21:50:30', '2026-07-11 22:17:02', '2026-07-10 12:00:00', 'mid', 'peak', 0.9, 0.0, 0.05, 0.9, 0.05, '当前事件报道量已接近峰值，关注度趋于稳定，处于高潮期。', 0.195, 0.329, 0.476, '["微博"]', '直接把大力神杯给阿根廷得了，强则宽，弱则严世界杯 世界杯裁判 阿根廷 埃及 http://t.cn。直接把大力神杯给阿根廷得了，强则宽，弱则严世界杯 世界杯裁判 阿根廷 埃及 http://t.cn/AXK7fP4W。🔥“LOVE ME…LOVE ME…” 我怎能不爱你❤️🔥 #阿根廷3比2埃及##2026美加墨世界杯##梅西# http://t.cn/AXK2gbNV。', '埃及、佛得角、美加墨', '多谢蜀地红访问，原来我六月六日，世界杯前说过这些。', '["苏醒", "王楚淇", "塔罗"]', '{"credibility_score": 0.384, "official_ratio": 0.0, "verified_ratio": 0.938, "plain_user_ratio": 0.062, "verification_dist": {"认证个人": 0.5, "头部认证个人": 0.375, "普通用户": 0.062, "认证机构": 0.062}, "factors": ["official_absent"]}', '2026-07-13 00:05:18', '2026-07-13 00:05:18');
INSERT INTO event_keywords (event_id, word, weight, rank) VALUES (7, '阿根廷', 1.0, 0);
INSERT INTO event_keywords (event_id, word, weight, rank) VALUES (7, '裁判', 0.583, 1);
INSERT INTO event_keywords (event_id, word, weight, rank) VALUES (7, '世界杯', 0.582, 2);
INSERT INTO event_keywords (event_id, word, weight, rank) VALUES (7, '极端', 0.447, 3);
INSERT INTO event_keywords (event_id, word, weight, rank) VALUES (7, '证据', 0.447, 4);
INSERT INTO event_keywords (event_id, word, weight, rank) VALUES (7, '佛得角', 0.447, 5);
INSERT INTO event_keywords (event_id, word, weight, rank) VALUES (7, 'LOVE', 0.447, 6);
INSERT INTO event_keywords (event_id, word, weight, rank) VALUES (7, 'ME', 0.447, 7);
INSERT INTO event_platforms (event_id, platform_name, ratio, rank) VALUES (7, '微博', 1.0, 0);
INSERT INTO event_trend_daily (event_id, date, count, is_predicted) VALUES (7, '2026-07-10', 8, 0);
INSERT INTO event_trend_daily (event_id, date, count, is_predicted) VALUES (7, '2026-07-11', 8, 0);
INSERT INTO event_trend_daily (event_id, date, count, is_predicted, predict_heat, predict_count) VALUES (7, '2026-07-12', 0, 1, 8.0, 8.0);
INSERT INTO event_trend_daily (event_id, date, count, is_predicted, predict_heat, predict_count) VALUES (7, '2026-07-13', 0, 1, 8.0, 8.0);
INSERT INTO event_trend_daily (event_id, date, count, is_predicted, predict_heat, predict_count) VALUES (7, '2026-07-14', 0, 1, 8.0, 8.0);

INSERT INTO events (event_id, title, heat, report_count, duplicate_count, time_start, time_end, event_time, risk_level, stage, confidence, prob_latent, prob_growth, prob_peak, prob_decline, analysis, positive, neutral, negative, sources, summary, location, cause, people, authenticity, created_at, updated_at) VALUES (8, '梅西边路突破救主，埃及防守迟缓致隐患', 6.921, 23, 1, '2026-07-09 21:29:13', '2026-07-11 22:15:01', '2026-07-10 12:00:00', 'mid', 'decline', 0.9, 0.0, 0.0, 0.1, 0.9, '当前事件报道数量持续下降，公众关注度减弱，处于衰退期。', 0.167, 0.5, 0.333, '["微博", "新浪新闻", "知乎"]', '阿根廷3比2逆转埃及，争议防守动作引讨论 #阿根廷进攻 埃及进球#阿根廷3:2逆转埃及，很多人都在说埃及输在裁判，关于埃及球员争议防守动作，认真看比赛的就不会这么认为了#微博视频号续航计划##大V观赛团#。【#苏醒预测法国夺冠##苏醒谈阿根廷埃及争议#】7月10日，@苏醒AllenSu 发视频表示：我觉得法国已经无敌了，打巴拉圭能被脏着踢，打摩洛哥能够持续压迫式打击，你龟缩防守，他能够靠个人能力单点、爆破，你稍微攻出来，他反击推进的是又高效又犀利，后卫个个又快又硬，中前场全部状态飘红。#苏醒预测法国夺冠##苏醒谈阿根廷埃及争议#觉得法国已经无敌了，打巴拉圭能被脏着踢，打摩洛哥能够持续压迫式打击，你龟缩防守，他能够靠个人能力单点、爆破，你稍微攻出来，他反击推进的是又高效又犀利。', '埃及、法国、巴拉圭', '梅西边路突破救主，埃及防守迟缓致隐患。', '["梅西", "谢谢"]', '{"credibility_score": 0.367, "official_ratio": 0.087, "verified_ratio": 0.739, "plain_user_ratio": 0.261, "verification_dist": {"认证个人": 0.391, "普通用户": 0.261, "头部认证个人": 0.217, "官方平台": 0.087, "认证机构": 0.043}, "factors": ["official_absent"]}', '2026-07-13 00:05:18', '2026-07-13 00:05:18');
INSERT INTO event_keywords (event_id, word, weight, rank) VALUES (8, '防守', 1.0, 0);
INSERT INTO event_keywords (event_id, word, weight, rank) VALUES (8, '埃及', 0.986, 1);
INSERT INTO event_keywords (event_id, word, weight, rank) VALUES (8, '球员', 0.892, 2);
INSERT INTO event_keywords (event_id, word, weight, rank) VALUES (8, '苏醒', 0.796, 3);
INSERT INTO event_keywords (event_id, word, weight, rank) VALUES (8, '阿根廷', 0.662, 4);
INSERT INTO event_keywords (event_id, word, weight, rank) VALUES (8, '公众', 0.589, 5);
INSERT INTO event_keywords (event_id, word, weight, rank) VALUES (8, '舆论', 0.589, 6);
INSERT INTO event_keywords (event_id, word, weight, rank) VALUES (8, '法国', 0.553, 7);
INSERT INTO event_platforms (event_id, platform_name, ratio, rank) VALUES (8, '微博', 0.696, 0);
INSERT INTO event_platforms (event_id, platform_name, ratio, rank) VALUES (8, '知乎', 0.217, 1);
INSERT INTO event_platforms (event_id, platform_name, ratio, rank) VALUES (8, '新浪新闻', 0.087, 2);
INSERT INTO event_trend_daily (event_id, date, count, is_predicted) VALUES (8, '2026-07-09', 1, 0);
INSERT INTO event_trend_daily (event_id, date, count, is_predicted) VALUES (8, '2026-07-10', 20, 0);
INSERT INTO event_trend_daily (event_id, date, count, is_predicted) VALUES (8, '2026-07-11', 2, 0);
INSERT INTO event_trend_daily (event_id, date, count, is_predicted, predict_heat, predict_count) VALUES (8, '2026-07-12', 0, 1, 2.5, 2.5);
INSERT INTO event_trend_daily (event_id, date, count, is_predicted, predict_heat, predict_count) VALUES (8, '2026-07-13', 0, 1, 3.0, 3.0);
INSERT INTO event_trend_daily (event_id, date, count, is_predicted, predict_heat, predict_count) VALUES (8, '2026-07-14', 0, 1, 3.5, 3.5);

INSERT INTO events (event_id, title, heat, report_count, duplicate_count, time_start, time_end, event_time, risk_level, stage, confidence, prob_latent, prob_growth, prob_peak, prob_decline, analysis, positive, neutral, negative, sources, summary, location, cause, people, authenticity, created_at, updated_at) VALUES (9, '埃及足协申诉VAR判罚不公，对阵阿根廷赛事尺度差异引争议', 6.328, 29, 5, '2026-07-08 08:08:17', '2026-07-11 22:14:38', '2026-07-08 12:00:00', 'mid', 'peak', 0.9, 0.0, 0.05, 0.9, 0.05, '当前事件报道量已接近峰值，关注度趋于稳定，处于高潮期。', 0.577, 0.258, 0.165, '["新浪新闻", "澎湃新闻", "知乎"]', '但依然有不少业内人士和球迷认为，“绝杀”前就是个犯规，且本场最大的问题在于尺度不统一——如双方相似的身体接触动作，裁判的判罚标准不尽相同，这让埃及队方面产生了“偏哨”的强烈质疑。但事实上，从国际足联对美国队红牌球员史无前例的“特赦”，到法国与巴拉圭、阿根廷与埃及比赛中的判罚争议，本届世界杯开赛至今，不断出现的“场外因素”不仅已经严重影响到了球迷的观感，还侵蚀着体育精神的纯粹与本真。足球不像羽毛球出界或田径抢跑，有明确的黑白界限，足球比赛中大量判罚依赖裁判对于身体接触程度、比赛情境和规则精神的综合判断。', '埃及、美加墨、中国', '当年悄悄收钱，却被球迷公认金哨的陆俊说过，黑哨不会在关键上下手脚，相反手段非常隐蔽。', '["卡佩罗", "卡塔尔", "科里纳", "苏醒", "陆俊"]', '{"credibility_score": 0.323, "official_ratio": 0.241, "verified_ratio": 0.31, "plain_user_ratio": 0.69, "verification_dist": {"普通用户": 0.69, "官方平台": 0.241, "头部认证个人": 0.034, "认证个人": 0.034}, "factors": []}', '2026-07-13 00:05:18', '2026-07-13 00:05:18');
INSERT INTO event_keywords (event_id, word, weight, rank) VALUES (9, '埃及', 1.0, 0);
INSERT INTO event_keywords (event_id, word, weight, rank) VALUES (9, '判罚', 0.579, 1);
INSERT INTO event_keywords (event_id, word, weight, rank) VALUES (9, '裁判', 0.562, 2);
INSERT INTO event_keywords (event_id, word, weight, rank) VALUES (9, '规则', 0.548, 3);
INSERT INTO event_keywords (event_id, word, weight, rank) VALUES (9, '犯规', 0.496, 4);
INSERT INTO event_keywords (event_id, word, weight, rank) VALUES (9, '比赛', 0.419, 5);
INSERT INTO event_keywords (event_id, word, weight, rank) VALUES (9, '当地', 0.329, 6);
INSERT INTO event_keywords (event_id, word, weight, rank) VALUES (9, '美国', 0.323, 7);
INSERT INTO event_platforms (event_id, platform_name, ratio, rank) VALUES (9, '知乎', 0.759, 0);
INSERT INTO event_platforms (event_id, platform_name, ratio, rank) VALUES (9, '新浪新闻', 0.207, 1);
INSERT INTO event_platforms (event_id, platform_name, ratio, rank) VALUES (9, '澎湃新闻', 0.034, 2);
INSERT INTO event_trend_daily (event_id, date, count, is_predicted) VALUES (9, '2026-07-08', 11, 0);
INSERT INTO event_trend_daily (event_id, date, count, is_predicted) VALUES (9, '2026-07-09', 8, 0);
INSERT INTO event_trend_daily (event_id, date, count, is_predicted) VALUES (9, '2026-07-10', 3, 0);
INSERT INTO event_trend_daily (event_id, date, count, is_predicted) VALUES (9, '2026-07-11', 7, 0);
INSERT INTO event_trend_daily (event_id, date, count, is_predicted, predict_heat, predict_count) VALUES (9, '2026-07-12', 0, 1, 6.5, 6.5);
INSERT INTO event_trend_daily (event_id, date, count, is_predicted, predict_heat, predict_count) VALUES (9, '2026-07-13', 0, 1, 6.0, 6.0);
INSERT INTO event_trend_daily (event_id, date, count, is_predicted, predict_heat, predict_count) VALUES (9, '2026-07-14', 0, 1, 5.5, 5.5);

INSERT INTO events (event_id, title, heat, report_count, duplicate_count, time_start, time_end, event_time, risk_level, stage, confidence, prob_latent, prob_growth, prob_peak, prob_decline, analysis, positive, neutral, negative, sources, summary, location, cause, people, authenticity, created_at, updated_at) VALUES (10, '埃及 🆚 FIFA be like', 5.109, 18, 9, '2026-07-09 10:39:32', '2026-07-11 22:14:06', '2026-07-09 12:00:00', 'mid', 'peak', 0.9, 0.0, 0.05, 0.9, 0.05, '当前事件报道量已接近峰值，关注度趋于稳定，处于高潮期。', 0.481, 0.296, 0.222, '["微博", "新浪新闻", "知乎"]', 'FIFA认定阿根廷、埃及两进球判罚正确 #FIFA认定阿根廷进球判罚正确# 自从懂王一个电话，就能让FIFA给美国前锋巴洛贡开了绿灯，让他本来的红牌停赛一场，能缓期一年执行，我就不相信FIFA的公平与公正了，它说什么就是什么吧。#FIFA认定阿根廷进球判罚正确##非正经观战世界杯##大V观赛团##微博陪你看世界杯##畅聊绿茵梦##一分钟精选视频扶持计划##微博视频号续航计划#。国外小哥演绎阿根廷与埃及之战 #FIFA认定阿根廷进球判罚正确#国外小哥演绎阿根廷与埃及之战#世界杯[超话]#。', '埃及、纽约、美国', '埃及 🆚 FIFA be like。', '["蒂诺", "张路", "冯潇霆", "萨拉", "哈桑"]', '{"credibility_score": 0.532, "official_ratio": 0.444, "verified_ratio": 0.722, "plain_user_ratio": 0.278, "verification_dist": {"官方平台": 0.444, "普通用户": 0.278, "认证个人": 0.167, "头部认证个人": 0.056, "认证机构": 0.056}, "factors": ["high_duplicate_rate", "well_sourced"]}', '2026-07-13 00:05:18', '2026-07-13 00:05:18');
INSERT INTO event_keywords (event_id, word, weight, rank) VALUES (10, 'FIFA', 1.0, 0);
INSERT INTO event_keywords (event_id, word, weight, rank) VALUES (10, '主席', 0.818, 1);
INSERT INTO event_keywords (event_id, word, weight, rank) VALUES (10, '普拉蒂尼', 0.53, 2);
INSERT INTO event_keywords (event_id, word, weight, rank) VALUES (10, '世界杯', 0.507, 3);
INSERT INTO event_keywords (event_id, word, weight, rank) VALUES (10, '梅西', 0.468, 4);
INSERT INTO event_keywords (event_id, word, weight, rank) VALUES (10, '布拉特', 0.462, 5);
INSERT INTO event_keywords (event_id, word, weight, rank) VALUES (10, '阿根廷', 0.415, 6);
INSERT INTO event_keywords (event_id, word, weight, rank) VALUES (10, '美国', 0.393, 7);
INSERT INTO event_platforms (event_id, platform_name, ratio, rank) VALUES (10, '新浪新闻', 0.444, 0);
INSERT INTO event_platforms (event_id, platform_name, ratio, rank) VALUES (10, '知乎', 0.333, 1);
INSERT INTO event_platforms (event_id, platform_name, ratio, rank) VALUES (10, '微博', 0.222, 2);
INSERT INTO event_trend_daily (event_id, date, count, is_predicted) VALUES (10, '2026-07-09', 7, 0);
INSERT INTO event_trend_daily (event_id, date, count, is_predicted) VALUES (10, '2026-07-10', 7, 0);
INSERT INTO event_trend_daily (event_id, date, count, is_predicted) VALUES (10, '2026-07-11', 4, 0);
INSERT INTO event_trend_daily (event_id, date, count, is_predicted, predict_heat, predict_count) VALUES (10, '2026-07-12', 0, 1, 2.5, 2.5);
INSERT INTO event_trend_daily (event_id, date, count, is_predicted, predict_heat, predict_count) VALUES (10, '2026-07-13', 0, 1, 1.0, 1.0);
INSERT INTO event_trend_daily (event_id, date, count, is_predicted, predict_heat, predict_count) VALUES (10, '2026-07-14', 0, 1, 0.0, 0.0);

-- guangxi_flood.json: 15/34 clusters (heat >= 5.0)
INSERT INTO events (event_id, title, heat, report_count, duplicate_count, time_start, time_end, event_time, risk_level, stage, confidence, prob_latent, prob_growth, prob_peak, prob_decline, analysis, positive, neutral, negative, sources, summary, location, cause, people, authenticity, created_at, updated_at) VALUES (11, '六蓝水库最近的村怎么样了', 27.054, 91, 32, '2026-07-06 13:25:09', '2026-07-11 22:40:52', '2026-07-10 12:00:00', 'mid_high', 'peak', 0.9, 0.0, 0.05, 0.9, 0.05, '当前事件报道量已接近峰值，关注度趋于稳定，处于高潮期。', 0.34, 0.301, 0.359, '["人民网", "微博", "新浪新闻", "澎湃新闻", "知乎"]', '个人初步推测为溢洪道受损后泄水不畅，导致库水位急速上涨，造成洪水漫坝，导致溃坝，分析如下：六篮水库总库容9000多万，为均质土坝，按照《水利水电工程等级及洪水标准》（SL252-2017）规定，工程规模属于中型水库（接近规模上限），对应的大坝建筑物级别为3级，土石坝对应洪水标准为100年设计，2000年校核。且按照坝顶高程计算方法，除水位外还考虑了安全超高、风浪雍高等因素，即便是极端天气，要达到2000年以上一遇洪水量级还是极小概率事件（具体情况需等待官方对洪水量级的确认），该坝建于1960年，处于3年困难时期，全国各地当时建设了不少中小型土石坝，用于灌溉、人饮供水，但当时处于摸着石头过河的年代，水库大坝普遍存在压实质量差、“三边”工程普遍、泄水能力不足等现象。具体到六蓝水库溃坝事件，据横州市融媒体中心报道，六蓝水库水利工程标准化建设完工才短短一年，“过去，这两座水库（六蓝水库与大陆水库）因设施老化、管理粗放，存在诸多安全隐患与功能短板。', '广西、横州、台风', '不是备战区，因为对越根本不需要准备，塔山英雄部队至今都还驻扎在贵港呢。', '["美莎克", "科普"]', '{"credibility_score": 0.589, "official_ratio": 0.484, "verified_ratio": 0.791, "plain_user_ratio": 0.209, "verification_dist": {"官方平台": 0.484, "普通用户": 0.209, "认证个人": 0.154, "头部认证个人": 0.11, "认证机构": 0.044}, "factors": ["well_sourced"]}', '2026-07-13 00:05:18', '2026-07-13 00:05:18');
INSERT INTO event_keywords (event_id, word, weight, rank) VALUES (11, '水库', 1.0, 0);
INSERT INTO event_keywords (event_id, word, weight, rank) VALUES (11, '溃坝', 0.305, 1);
INSERT INTO event_keywords (event_id, word, weight, rank) VALUES (11, '工程', 0.268, 2);
INSERT INTO event_keywords (event_id, word, weight, rank) VALUES (11, '建设', 0.24, 3);
INSERT INTO event_keywords (event_id, word, weight, rank) VALUES (11, '维护', 0.211, 4);
INSERT INTO event_keywords (event_id, word, weight, rank) VALUES (11, '管理', 0.189, 5);
INSERT INTO event_keywords (event_id, word, weight, rank) VALUES (11, '水位', 0.18, 6);
INSERT INTO event_keywords (event_id, word, weight, rank) VALUES (11, '工地', 0.151, 7);
INSERT INTO event_platforms (event_id, platform_name, ratio, rank) VALUES (11, '新浪新闻', 0.363, 0);
INSERT INTO event_platforms (event_id, platform_name, ratio, rank) VALUES (11, '知乎', 0.363, 1);
INSERT INTO event_platforms (event_id, platform_name, ratio, rank) VALUES (11, '微博', 0.198, 2);
INSERT INTO event_platforms (event_id, platform_name, ratio, rank) VALUES (11, '澎湃新闻', 0.066, 3);
INSERT INTO event_platforms (event_id, platform_name, ratio, rank) VALUES (11, '人民网', 0.011, 4);
INSERT INTO event_trend_daily (event_id, date, count, is_predicted) VALUES (11, '2026-07-06', 4, 0);
INSERT INTO event_trend_daily (event_id, date, count, is_predicted) VALUES (11, '2026-07-07', 4, 0);
INSERT INTO event_trend_daily (event_id, date, count, is_predicted) VALUES (11, '2026-07-08', 6, 0);
INSERT INTO event_trend_daily (event_id, date, count, is_predicted) VALUES (11, '2026-07-09', 8, 0);
INSERT INTO event_trend_daily (event_id, date, count, is_predicted) VALUES (11, '2026-07-10', 44, 0);
INSERT INTO event_trend_daily (event_id, date, count, is_predicted) VALUES (11, '2026-07-11', 24, 0);
INSERT INTO event_trend_daily (event_id, date, count, is_predicted, predict_heat, predict_count) VALUES (11, '2026-07-12', 0, 1, 32.0, 32.0);
INSERT INTO event_trend_daily (event_id, date, count, is_predicted, predict_heat, predict_count) VALUES (11, '2026-07-13', 0, 1, 40.0, 40.0);
INSERT INTO event_trend_daily (event_id, date, count, is_predicted, predict_heat, predict_count) VALUES (11, '2026-07-14', 0, 1, 48.0, 48.0);

INSERT INTO events (event_id, title, heat, report_count, duplicate_count, time_start, time_end, event_time, risk_level, stage, confidence, prob_latent, prob_growth, prob_peak, prob_decline, analysis, positive, neutral, negative, sources, summary, location, cause, people, authenticity, created_at, updated_at) VALUES (12, '融通基金携手员工捐资驰援广西暴雨灾区', 16.033, 47, 2, '2026-07-09 16:11:04', '2026-07-11 22:37:42', '2026-07-10 12:00:00', 'mid_high', 'decline', 0.9, 0.0, 0.0, 0.1, 0.9, '当前事件报道数量持续下降，公众关注度减弱，处于衰退期。', 1.0, 0.0, 0.0, '["人民网", "微博", "新浪新闻", "澎湃新闻", "知乎"]', '只为山乡光亮—— 7月7日，南方电网广西柳州供电局持续推进灾后抢修复电工作，聚焦乡镇台区、山区供电线路及受损电力设施，提速推进复电攻坚。7月7日早上8时，洪水稍退，南方电网广西南宁横州供电局迅速组织抢修力量对校椅镇片区开展线路巡视和隐患排查。7月9日，南方电网紧急驰援，出动大型运载无人机，将发电机吊装抢修物资，打通防汛指挥“电力生命线”。', '广西、台风、横州', '一名党员一面旗帜。', '["美莎克", "石峰巍", "徐向国", "张琦"]', '{"credibility_score": 0.86, "official_ratio": 0.851, "verified_ratio": 0.872, "plain_user_ratio": 0.128, "verification_dist": {"官方平台": 0.851, "普通用户": 0.128, "认证个人": 0.021}, "factors": ["well_sourced"]}', '2026-07-13 00:05:18', '2026-07-13 00:05:18');
INSERT INTO event_keywords (event_id, word, weight, rank) VALUES (12, '抢修', 1.0, 0);
INSERT INTO event_keywords (event_id, word, weight, rank) VALUES (12, '防汛', 0.722, 1);
INSERT INTO event_keywords (event_id, word, weight, rank) VALUES (12, '电力', 0.56, 2);
INSERT INTO event_keywords (event_id, word, weight, rank) VALUES (12, '南方电网', 0.551, 3);
INSERT INTO event_keywords (event_id, word, weight, rank) VALUES (12, '线路', 0.465, 4);
INSERT INTO event_keywords (event_id, word, weight, rank) VALUES (12, '供电局', 0.464, 5);
INSERT INTO event_keywords (event_id, word, weight, rank) VALUES (12, '救援队', 0.459, 6);
INSERT INTO event_keywords (event_id, word, weight, rank) VALUES (12, '国网', 0.459, 7);
INSERT INTO event_platforms (event_id, platform_name, ratio, rank) VALUES (12, '人民网', 0.766, 0);
INSERT INTO event_platforms (event_id, platform_name, ratio, rank) VALUES (12, '知乎', 0.106, 1);
INSERT INTO event_platforms (event_id, platform_name, ratio, rank) VALUES (12, '新浪新闻', 0.064, 2);
INSERT INTO event_platforms (event_id, platform_name, ratio, rank) VALUES (12, '微博', 0.043, 3);
INSERT INTO event_platforms (event_id, platform_name, ratio, rank) VALUES (12, '澎湃新闻', 0.021, 4);
INSERT INTO event_trend_daily (event_id, date, count, is_predicted) VALUES (12, '2026-07-09', 5, 0);
INSERT INTO event_trend_daily (event_id, date, count, is_predicted) VALUES (12, '2026-07-10', 22, 0);
INSERT INTO event_trend_daily (event_id, date, count, is_predicted) VALUES (12, '2026-07-11', 20, 0);
INSERT INTO event_trend_daily (event_id, date, count, is_predicted, predict_heat, predict_count) VALUES (12, '2026-07-12', 0, 1, 27.5, 27.5);
INSERT INTO event_trend_daily (event_id, date, count, is_predicted, predict_heat, predict_count) VALUES (12, '2026-07-13', 0, 1, 35.0, 35.0);
INSERT INTO event_trend_daily (event_id, date, count, is_predicted, predict_heat, predict_count) VALUES (12, '2026-07-14', 0, 1, 42.5, 42.5);

INSERT INTO events (event_id, title, heat, report_count, duplicate_count, time_start, time_end, event_time, risk_level, stage, confidence, prob_latent, prob_growth, prob_peak, prob_decline, analysis, positive, neutral, negative, sources, summary, location, cause, people, authenticity, created_at, updated_at) VALUES (13, '广西暴雨致灾救援持续进行', 15.745, 46, 2, '2026-07-06 18:07:17', '2026-07-11 22:41:03', '2026-07-11 12:00:00', 'mid_high', 'growth', 0.9, 0.05, 0.9, 0.05, 0.0, '当前事件报道数量持续增加，公众关注度快速提升，处于成长期。', 0.418, 0.336, 0.247, '["人民网", "微博", "新浪新闻", "澎湃新闻", "知乎"]', '广西局地今日有大到暴雨 【#广西局地今日有大到暴雨#】#台风巴威本周六或登陆#中央气象台今晨发布暴雨蓝色预警。受今年第10号台风“美莎克”影响，广西多地发生严重暴雨洪涝灾害，安踏集团第一时间启动响。受今年第10号台风“美莎克”影响，广西多地发生严重暴雨洪涝灾害，安踏集团第一时间启动响应机制，全力支援一线防汛救灾工作。', '广西、台风、巴威', '广西洪水漂浮1.6万死猪已捞500头，官方称不会流上餐桌_绿政公署_澎湃新闻-The Paper。', '["美莎克", "汪瑞华", "梁惠玲", "石景山"]', '{"credibility_score": 0.938, "official_ratio": 0.913, "verified_ratio": 0.957, "plain_user_ratio": 0.043, "verification_dist": {"官方平台": 0.913, "认证机构": 0.043, "普通用户": 0.043}, "factors": ["well_sourced"]}', '2026-07-13 00:05:18', '2026-07-13 00:05:18');
INSERT INTO event_keywords (event_id, word, weight, rank) VALUES (13, '广西', 1.0, 0);
INSERT INTO event_keywords (event_id, word, weight, rank) VALUES (13, '台风', 0.68, 1);
INSERT INTO event_keywords (event_id, word, weight, rank) VALUES (13, '应急', 0.392, 2);
INSERT INTO event_keywords (event_id, word, weight, rank) VALUES (13, '毫米', 0.368, 3);
INSERT INTO event_keywords (event_id, word, weight, rank) VALUES (13, '暴雨', 0.361, 4);
INSERT INTO event_keywords (event_id, word, weight, rank) VALUES (13, '画面', 0.355, 5);
INSERT INTO event_keywords (event_id, word, weight, rank) VALUES (13, '杭州市', 0.355, 6);
INSERT INTO event_keywords (event_id, word, weight, rank) VALUES (13, '视频', 0.348, 7);
INSERT INTO event_platforms (event_id, platform_name, ratio, rank) VALUES (13, '人民网', 0.478, 0);
INSERT INTO event_platforms (event_id, platform_name, ratio, rank) VALUES (13, '澎湃新闻', 0.261, 1);
INSERT INTO event_platforms (event_id, platform_name, ratio, rank) VALUES (13, '新浪新闻', 0.174, 2);
INSERT INTO event_platforms (event_id, platform_name, ratio, rank) VALUES (13, '微博', 0.043, 3);
INSERT INTO event_platforms (event_id, platform_name, ratio, rank) VALUES (13, '知乎', 0.043, 4);
INSERT INTO event_trend_daily (event_id, date, count, is_predicted) VALUES (13, '2026-07-06', 1, 0);
INSERT INTO event_trend_daily (event_id, date, count, is_predicted) VALUES (13, '2026-07-07', 1, 0);
INSERT INTO event_trend_daily (event_id, date, count, is_predicted) VALUES (13, '2026-07-08', 1, 0);
INSERT INTO event_trend_daily (event_id, date, count, is_predicted) VALUES (13, '2026-07-09', 4, 0);
INSERT INTO event_trend_daily (event_id, date, count, is_predicted) VALUES (13, '2026-07-10', 4, 0);
INSERT INTO event_trend_daily (event_id, date, count, is_predicted) VALUES (13, '2026-07-11', 27, 0);
INSERT INTO event_trend_daily (event_id, date, count, is_predicted, predict_heat, predict_count) VALUES (13, '2026-07-12', 0, 1, 38.5, 38.5);
INSERT INTO event_trend_daily (event_id, date, count, is_predicted, predict_heat, predict_count) VALUES (13, '2026-07-13', 0, 1, 50.0, 50.0);
INSERT INTO event_trend_daily (event_id, date, count, is_predicted, predict_heat, predict_count) VALUES (13, '2026-07-14', 0, 1, 61.5, 61.5);

INSERT INTO events (event_id, title, heat, report_count, duplicate_count, time_start, time_end, event_time, risk_level, stage, confidence, prob_latent, prob_growth, prob_peak, prob_decline, analysis, positive, neutral, negative, sources, summary, location, cause, people, authenticity, created_at, updated_at) VALUES (14, '无人机暴雨中精准投送物资,助力广西洪水救援', 13.808, 44, 5, '2026-07-06 20:14:33', '2026-07-11 22:38:25', '2026-07-10 12:00:00', 'mid_high', 'peak', 0.9, 0.0, 0.05, 0.9, 0.05, '当前事件报道量已接近峰值，关注度趋于稳定，处于高潮期。', 0.333, 0.333, 0.333, '["人民网", "微博", "新浪新闻", "澎湃新闻", "知乎"]', '梁为磊是大疆农业无人机横州经销商，他立即在客户群发布紧急征用无人机支援通知，号召可执行高空吊运、物资投送作业的无人机及操作人员参与救援。超200名飞手自发到广西吊运物资 【#超200名飞手自发到广西吊运物资#】#大疆为救援无人机提供免费维修#2026年7月广西横州特大洪灾中，救援人员用重载无人机直接吊运被困群众，打破“原则上不能载人”的禁令，“人民大于原则”刷屏。超过200名民间飞手从贵州、广东、山西等地放下工作、自备设备连夜赶到横州，无人机日夜不停穿梭吊运救援物资、定点空投。', '广西、横州、广东', '天灾面前，说啥都没有用，。', '["高中生", "美莎克", "梁为磊"]', '{"credibility_score": 0.853, "official_ratio": 0.795, "verified_ratio": 0.909, "plain_user_ratio": 0.091, "verification_dist": {"官方平台": 0.795, "认证机构": 0.091, "普通用户": 0.091, "认证个人": 0.023}, "factors": ["well_sourced"]}', '2026-07-13 00:05:18', '2026-07-13 00:05:18');
INSERT INTO event_keywords (event_id, word, weight, rank) VALUES (14, '无人机', 1.0, 0);
INSERT INTO event_keywords (event_id, word, weight, rank) VALUES (14, '救援', 0.404, 1);
INSERT INTO event_keywords (event_id, word, weight, rank) VALUES (14, '广东', 0.361, 2);
INSERT INTO event_keywords (event_id, word, weight, rank) VALUES (14, '张雪', 0.234, 3);
INSERT INTO event_keywords (event_id, word, weight, rank) VALUES (14, '物资', 0.209, 4);
INSERT INTO event_keywords (event_id, word, weight, rank) VALUES (14, '横州', 0.197, 5);
INSERT INTO event_keywords (event_id, word, weight, rank) VALUES (14, '暴雨', 0.185, 6);
INSERT INTO event_keywords (event_id, word, weight, rank) VALUES (14, '大疆', 0.184, 7);
INSERT INTO event_platforms (event_id, platform_name, ratio, rank) VALUES (14, '新浪新闻', 0.727, 0);
INSERT INTO event_platforms (event_id, platform_name, ratio, rank) VALUES (14, '微博', 0.136, 1);
INSERT INTO event_platforms (event_id, platform_name, ratio, rank) VALUES (14, '知乎', 0.091, 2);
INSERT INTO event_platforms (event_id, platform_name, ratio, rank) VALUES (14, '澎湃新闻', 0.023, 3);
INSERT INTO event_platforms (event_id, platform_name, ratio, rank) VALUES (14, '人民网', 0.023, 4);
INSERT INTO event_trend_daily (event_id, date, count, is_predicted) VALUES (14, '2026-07-06', 1, 0);
INSERT INTO event_trend_daily (event_id, date, count, is_predicted) VALUES (14, '2026-07-07', 0, 0);
INSERT INTO event_trend_daily (event_id, date, count, is_predicted) VALUES (14, '2026-07-08', 0, 0);
INSERT INTO event_trend_daily (event_id, date, count, is_predicted) VALUES (14, '2026-07-09', 7, 0);
INSERT INTO event_trend_daily (event_id, date, count, is_predicted) VALUES (14, '2026-07-10', 20, 0);
INSERT INTO event_trend_daily (event_id, date, count, is_predicted) VALUES (14, '2026-07-11', 16, 0);
INSERT INTO event_trend_daily (event_id, date, count, is_predicted, predict_heat, predict_count) VALUES (14, '2026-07-12', 0, 1, 20.5, 20.5);
INSERT INTO event_trend_daily (event_id, date, count, is_predicted, predict_heat, predict_count) VALUES (14, '2026-07-13', 0, 1, 25.0, 25.0);
INSERT INTO event_trend_daily (event_id, date, count, is_predicted, predict_heat, predict_count) VALUES (14, '2026-07-14', 0, 1, 29.5, 29.5);

INSERT INTO events (event_id, title, heat, report_count, duplicate_count, time_start, time_end, event_time, risk_level, stage, confidence, prob_latent, prob_growth, prob_peak, prob_decline, analysis, positive, neutral, negative, sources, summary, location, cause, people, authenticity, created_at, updated_at) VALUES (15, '广西横州暴雨致茉莉花田被淹，全球六成原料面临短缺', 13.666, 31, 2, '2026-07-07 18:29:24', '2026-07-11 22:40:30', '2026-07-11 12:00:00', 'mid_high', 'growth', 0.9, 0.05, 0.9, 0.05, 0.0, '当前事件报道数量持续增加，公众关注度快速提升，处于成长期。', 0.72, 0.2, 0.08, '["微博", "新浪新闻", "澎湃新闻", "知乎"]', '广西横州茉莉花产区遭遇洪涝，全球最大生产基地受灾 #你的茉莉花奶茶可能被淹了# #广西横州茉莉花产区# 比起担心之后喝不到茉莉花奶茶，更心疼被洪水困住的村民、泡在水里抢险的工作人员，只希望大家都平平安安🥺世界茉莉花都-广西横州遭遇洪涝。产业成绩：横州茉莉花茶品牌价值高达226.69亿元。”参考文献[1]界面新闻，《广西横州洪灾：茉莉花田成了海，收购价从18元跌到4元》，2026.07[2]盐财经，《广西洪水，冲垮了瑞幸、蜜雪冰城的底牌》，2026.07[3]咖门，《“你们喝的茉莉奶绿泡在水里了”，150个品牌茉莉花基地受灾》，2026.07[4]九行Travel，《中国奶茶之乡，99%的人都没听过》，2023.08中国饮品快报，《5个南宁人就有1个好喝奶茶，但形势变了》，2023.07点个“小爱心”吧。', '横州、广西、中国', '南宁十五五规划，怎么打造县域经济。', '["美莎克", "马进森", "金秋", "叶子"]', '{"credibility_score": 0.538, "official_ratio": 0.387, "verified_ratio": 0.645, "plain_user_ratio": 0.355, "verification_dist": {"官方平台": 0.387, "普通用户": 0.355, "头部认证个人": 0.097, "认证个人": 0.097, "认证机构": 0.065}, "factors": ["well_sourced"]}', '2026-07-13 00:05:18', '2026-07-13 00:05:18');
INSERT INTO event_keywords (event_id, word, weight, rank) VALUES (15, '奶茶', 1.0, 0);
INSERT INTO event_keywords (event_id, word, weight, rank) VALUES (15, '茉莉花', 0.813, 1);
INSERT INTO event_keywords (event_id, word, weight, rank) VALUES (15, '水库', 0.507, 2);
INSERT INTO event_keywords (event_id, word, weight, rank) VALUES (15, '洪水', 0.505, 3);
INSERT INTO event_keywords (event_id, word, weight, rank) VALUES (15, '横州', 0.496, 4);
INSERT INTO event_keywords (event_id, word, weight, rank) VALUES (15, '茉莉', 0.477, 5);
INSERT INTO event_keywords (event_id, word, weight, rank) VALUES (15, '产业', 0.434, 6);
INSERT INTO event_keywords (event_id, word, weight, rank) VALUES (15, '品牌', 0.429, 7);
INSERT INTO event_platforms (event_id, platform_name, ratio, rank) VALUES (15, '知乎', 0.387, 0);
INSERT INTO event_platforms (event_id, platform_name, ratio, rank) VALUES (15, '新浪新闻', 0.355, 1);
INSERT INTO event_platforms (event_id, platform_name, ratio, rank) VALUES (15, '微博', 0.226, 2);
INSERT INTO event_platforms (event_id, platform_name, ratio, rank) VALUES (15, '澎湃新闻', 0.032, 3);
INSERT INTO event_trend_daily (event_id, date, count, is_predicted) VALUES (15, '2026-07-07', 1, 0);
INSERT INTO event_trend_daily (event_id, date, count, is_predicted) VALUES (15, '2026-07-08', 0, 0);
INSERT INTO event_trend_daily (event_id, date, count, is_predicted) VALUES (15, '2026-07-09', 1, 0);
INSERT INTO event_trend_daily (event_id, date, count, is_predicted) VALUES (15, '2026-07-10', 10, 0);
INSERT INTO event_trend_daily (event_id, date, count, is_predicted) VALUES (15, '2026-07-11', 19, 0);
INSERT INTO event_trend_daily (event_id, date, count, is_predicted, predict_heat, predict_count) VALUES (15, '2026-07-12', 0, 1, 28.0, 28.0);
INSERT INTO event_trend_daily (event_id, date, count, is_predicted, predict_heat, predict_count) VALUES (15, '2026-07-13', 0, 1, 37.0, 37.0);
INSERT INTO event_trend_daily (event_id, date, count, is_predicted, predict_heat, predict_count) VALUES (15, '2026-07-14', 0, 1, 46.0, 46.0);

INSERT INTO events (event_id, title, heat, report_count, duplicate_count, time_start, time_end, event_time, risk_level, stage, confidence, prob_latent, prob_growth, prob_peak, prob_decline, analysis, positive, neutral, negative, sources, summary, location, cause, people, authenticity, created_at, updated_at) VALUES (16, '我滴妈呀刷到这个才感受到广西洪水的恐怖本来都没什么概念。。水位都到跟红绿灯齐平了🙀 http://t', 8.64, 22, 5, '2026-07-10 21:28:11', '2026-07-11 22:29:49', '2026-07-10 12:00:00', 'mid', 'decline', 0.9, 0.0, 0.0, 0.1, 0.9, '当前事件报道数量持续下降，公众关注度减弱，处于衰退期。', 0.412, 0.275, 0.314, '["微博"]', '广西六蓝水库发生险情，下游受灾严重 #科普 #广西洪水 #探索发现 #广西暴雨 #科普一下#微博视频。#广西洪水# 经历了百年来最大一场洪水，房子被淹了四天 #一分钟精选视频扶持计划# http://t。#广西洪水# 经历了百年来最大一场洪水，房子被淹了四天 #一分钟精选视频扶持计划# http://t.cn/AXKwwVHx。', '广西、横州、广东', '我滴妈呀刷到这个才感受到广西洪水的恐怖本来都没什么概念。', '["张雪"]', '{"credibility_score": 0.358, "official_ratio": 0.0, "verified_ratio": 0.909, "plain_user_ratio": 0.091, "verification_dist": {"认证个人": 0.591, "头部认证个人": 0.182, "认证机构": 0.136, "普通用户": 0.091}, "factors": ["official_absent"]}', '2026-07-13 00:05:18', '2026-07-13 00:05:18');
INSERT INTO event_keywords (event_id, word, weight, rank) VALUES (16, '广西', 1.0, 0);
INSERT INTO event_keywords (event_id, word, weight, rank) VALUES (16, '视频', 0.599, 1);
INSERT INTO event_keywords (event_id, word, weight, rank) VALUES (16, '洪水', 0.594, 2);
INSERT INTO event_keywords (event_id, word, weight, rank) VALUES (16, '科普', 0.573, 3);
INSERT INTO event_keywords (event_id, word, weight, rank) VALUES (16, '水库', 0.547, 4);
INSERT INTO event_keywords (event_id, word, weight, rank) VALUES (16, '经历', 0.506, 5);
INSERT INTO event_keywords (event_id, word, weight, rank) VALUES (16, '百年', 0.506, 6);
INSERT INTO event_keywords (event_id, word, weight, rank) VALUES (16, '最大', 0.506, 7);
INSERT INTO event_platforms (event_id, platform_name, ratio, rank) VALUES (16, '微博', 1.0, 0);
INSERT INTO event_trend_daily (event_id, date, count, is_predicted) VALUES (16, '2026-07-10', 15, 0);
INSERT INTO event_trend_daily (event_id, date, count, is_predicted) VALUES (16, '2026-07-11', 7, 0);
INSERT INTO event_trend_daily (event_id, date, count, is_predicted, predict_heat, predict_count) VALUES (16, '2026-07-12', 0, 1, 0.0, 0.0);
INSERT INTO event_trend_daily (event_id, date, count, is_predicted, predict_heat, predict_count) VALUES (16, '2026-07-13', 0, 1, 0.0, 0.0);
INSERT INTO event_trend_daily (event_id, date, count, is_predicted, predict_heat, predict_count) VALUES (16, '2026-07-14', 0, 1, 0.0, 0.0);

INSERT INTO events (event_id, title, heat, report_count, duplicate_count, time_start, time_end, event_time, risk_level, stage, confidence, prob_latent, prob_growth, prob_peak, prob_decline, analysis, positive, neutral, negative, sources, summary, location, cause, people, authenticity, created_at, updated_at) VALUES (17, '近日，南部战区空军多支部队听令星夜驰援广西横州', 8.058, 21, 2, '2026-07-10 08:00:22', '2026-07-11 22:38:30', '2026-07-10 12:00:00', 'mid', 'growth', 0.9, 0.05, 0.9, 0.05, 0.0, '当前事件报道数量持续增加，公众关注度快速提升，处于成长期。', 0.889, 0.0, 0.111, '["人民网", "微博", "新浪新闻", "澎湃新闻"]', '空军官兵连夜赴灾区排涝清淤。空军官兵连夜赴灾区排涝清淤 【#空军官兵连夜赴灾区排涝清淤#】7月9日，南部战区空军某部闻令而动，迅速启动抢险救灾应急预案。集结400余名官兵，出动各类车辆 40余台，携带救生装具、排涝设备、防疫物资等全套救援装备，连夜向广西横州校椅镇、六蓝村等受灾地域机动。', '广西、横州、台风', '近日，南部战区空军多支部队听令星夜驰援广西横州。', '["美莎克", "廖先生"]', '{"credibility_score": 0.907, "official_ratio": 0.81, "verified_ratio": 1.0, "plain_user_ratio": 0.0, "verification_dist": {"官方平台": 0.81, "认证机构": 0.143, "认证个人": 0.048}, "factors": ["well_sourced"]}', '2026-07-13 00:05:18', '2026-07-13 00:05:18');
INSERT INTO event_keywords (event_id, word, weight, rank) VALUES (17, '救援', 1.0, 0);
INSERT INTO event_keywords (event_id, word, weight, rank) VALUES (17, '排涝', 0.52, 1);
INSERT INTO event_keywords (event_id, word, weight, rank) VALUES (17, '空军', 0.517, 2);
INSERT INTO event_keywords (event_id, word, weight, rank) VALUES (17, '清淤', 0.504, 3);
INSERT INTO event_keywords (event_id, word, weight, rank) VALUES (17, '子弟兵', 0.489, 4);
INSERT INTO event_keywords (event_id, word, weight, rank) VALUES (17, '连夜', 0.468, 5);
INSERT INTO event_keywords (event_id, word, weight, rank) VALUES (17, '官兵', 0.388, 6);
INSERT INTO event_keywords (event_id, word, weight, rank) VALUES (17, '广西', 0.347, 7);
INSERT INTO event_platforms (event_id, platform_name, ratio, rank) VALUES (17, '新浪新闻', 0.667, 0);
INSERT INTO event_platforms (event_id, platform_name, ratio, rank) VALUES (17, '微博', 0.238, 1);
INSERT INTO event_platforms (event_id, platform_name, ratio, rank) VALUES (17, '澎湃新闻', 0.048, 2);
INSERT INTO event_platforms (event_id, platform_name, ratio, rank) VALUES (17, '人民网', 0.048, 3);
INSERT INTO event_trend_daily (event_id, date, count, is_predicted) VALUES (17, '2026-07-10', 12, 0);
INSERT INTO event_trend_daily (event_id, date, count, is_predicted) VALUES (17, '2026-07-11', 9, 0);
INSERT INTO event_trend_daily (event_id, date, count, is_predicted, predict_heat, predict_count) VALUES (17, '2026-07-12', 0, 1, 6.0, 6.0);
INSERT INTO event_trend_daily (event_id, date, count, is_predicted, predict_heat, predict_count) VALUES (17, '2026-07-13', 0, 1, 3.0, 3.0);
INSERT INTO event_trend_daily (event_id, date, count, is_predicted, predict_heat, predict_count) VALUES (17, '2026-07-14', 0, 1, 0.0, 0.0);

INSERT INTO events (event_id, title, heat, report_count, duplicate_count, time_start, time_end, event_time, risk_level, stage, confidence, prob_latent, prob_growth, prob_peak, prob_decline, analysis, positive, neutral, negative, sources, summary, location, cause, people, authenticity, created_at, updated_at) VALUES (18, '世界卫生组织把嘴吸毒、火烧伤口、绑死止血带、电击、敷草药全部列为"无用甚至危险"的蛇咬伤急救方法。', 7.498, 16, 0, '2026-07-10 19:25:55', '2026-07-11 22:38:33', '2026-07-11 12:00:00', 'mid', 'growth', 0.9, 0.05, 0.9, 0.05, 0.0, '当前事件报道数量持续增加，公众关注度快速提升，处于成长期。', 0.125, 0.625, 0.25, '["微博", "澎湃新闻", "知乎"]', '而在广西自治区内，灵山县、扶绥县和本次事件中的主角横州市（横县）等地正是蛇类养殖量最多的几个地方。pcview=1.[2]巫碧燕. "蛇年话蛇·产业篇｜广西蛇类养殖技术持续提升." 广西云-南国早报, 26 Jan. 2025, http://m.tv.gxnews.com.cn/article.php。7月8日，记者在横州市见到了蛇图腾野生动物养殖有限责任公司负责人黄女士，她已从事蛇类养殖16年。', '广西、横州、台风', '水律蛇可以吃，不过自从禁食野味之后，人工养殖的也不可以吃了，只能做药用。', '["美莎克"]', '{"credibility_score": 0.559, "official_ratio": 0.438, "verified_ratio": 0.625, "plain_user_ratio": 0.375, "verification_dist": {"官方平台": 0.438, "普通用户": 0.375, "认证个人": 0.125, "认证机构": 0.062}, "factors": ["well_sourced"]}', '2026-07-13 00:05:18', '2026-07-13 00:05:18');
INSERT INTO event_keywords (event_id, word, weight, rank) VALUES (18, '养殖', 1.0, 0);
INSERT INTO event_keywords (event_id, word, weight, rank) VALUES (18, '蛇类', 0.793, 1);
INSERT INTO event_keywords (event_id, word, weight, rank) VALUES (18, '广西', 0.619, 2);
INSERT INTO event_keywords (event_id, word, weight, rank) VALUES (18, '动物', 0.529, 3);
INSERT INTO event_keywords (event_id, word, weight, rank) VALUES (18, '产业', 0.476, 4);
INSERT INTO event_keywords (event_id, word, weight, rank) VALUES (18, '救治', 0.466, 5);
INSERT INTO event_keywords (event_id, word, weight, rank) VALUES (18, '毒蛇', 0.445, 6);
INSERT INTO event_keywords (event_id, word, weight, rank) VALUES (18, '州市', 0.428, 7);
INSERT INTO event_platforms (event_id, platform_name, ratio, rank) VALUES (18, '澎湃新闻', 0.438, 0);
INSERT INTO event_platforms (event_id, platform_name, ratio, rank) VALUES (18, '知乎', 0.375, 1);
INSERT INTO event_platforms (event_id, platform_name, ratio, rank) VALUES (18, '微博', 0.188, 2);
INSERT INTO event_trend_daily (event_id, date, count, is_predicted) VALUES (18, '2026-07-10', 7, 0);
INSERT INTO event_trend_daily (event_id, date, count, is_predicted) VALUES (18, '2026-07-11', 9, 0);
INSERT INTO event_trend_daily (event_id, date, count, is_predicted, predict_heat, predict_count) VALUES (18, '2026-07-12', 0, 1, 11.0, 11.0);
INSERT INTO event_trend_daily (event_id, date, count, is_predicted, predict_heat, predict_count) VALUES (18, '2026-07-13', 0, 1, 13.0, 13.0);
INSERT INTO event_trend_daily (event_id, date, count, is_predicted, predict_heat, predict_count) VALUES (18, '2026-07-14', 0, 1, 15.0, 15.0);

INSERT INTO events (event_id, title, heat, report_count, duplicate_count, time_start, time_end, event_time, risk_level, stage, confidence, prob_latent, prob_growth, prob_peak, prob_decline, analysis, positive, neutral, negative, sources, summary, location, cause, people, authenticity, created_at, updated_at) VALUES (19, '广西洪水红色预警下主人转移小狗', 6.697, 18, 1, '2026-07-10 10:47:22', '2026-07-11 22:24:50', '2026-07-10 12:00:00', 'mid', 'decline', 0.9, 0.0, 0.0, 0.1, 0.9, '当前事件报道数量持续下降，公众关注度减弱，处于衰退期。', 0.586, 0.345, 0.069, '["微博", "新浪新闻"]', '7月6日，广西横州洪水爆发时，一名小男孩被救过程记录。7月6日，广西横州洪水爆发时，一名小男孩被救过程记录 7月6日，广西横州洪水爆发时，一名小男孩被救过程记录。洪水退去后只留下没过房梁的水迹线 直击第一线 #广西洪水 #重返广西洪灾最严重的村庄之一##记者探访广西洪灾受灾最严重村庄之一 #洪水退去后只留下没过房梁的水迹线 #广西受灾村民开口就哽咽我们先自救 #直击第一线 #广西洪水。', '广西、贵港、横州', '广西洪水红色预警下主人转移小狗。', '["武思江"]', '{"credibility_score": 0.842, "official_ratio": 0.778, "verified_ratio": 1.0, "plain_user_ratio": 0.0, "verification_dist": {"官方平台": 0.778, "认证个人": 0.167, "头部认证个人": 0.056}, "factors": ["well_sourced"]}', '2026-07-13 00:05:18', '2026-07-13 00:05:18');
INSERT INTO event_keywords (event_id, word, weight, rank) VALUES (19, '洪水', 1.0, 0);
INSERT INTO event_keywords (event_id, word, weight, rank) VALUES (19, '广西', 0.974, 1);
INSERT INTO event_keywords (event_id, word, weight, rank) VALUES (19, '小男孩', 0.599, 2);
INSERT INTO event_keywords (event_id, word, weight, rank) VALUES (19, '横州', 0.471, 3);
INSERT INTO event_keywords (event_id, word, weight, rank) VALUES (19, '退去', 0.453, 4);
INSERT INTO event_keywords (event_id, word, weight, rank) VALUES (19, '主人', 0.428, 5);
INSERT INTO event_keywords (event_id, word, weight, rank) VALUES (19, '村民', 0.374, 6);
INSERT INTO event_keywords (event_id, word, weight, rank) VALUES (19, '爆发', 0.374, 7);
INSERT INTO event_platforms (event_id, platform_name, ratio, rank) VALUES (19, '新浪新闻', 0.722, 0);
INSERT INTO event_platforms (event_id, platform_name, ratio, rank) VALUES (19, '微博', 0.278, 1);
INSERT INTO event_trend_daily (event_id, date, count, is_predicted) VALUES (19, '2026-07-10', 9, 0);
INSERT INTO event_trend_daily (event_id, date, count, is_predicted) VALUES (19, '2026-07-11', 9, 0);
INSERT INTO event_trend_daily (event_id, date, count, is_predicted, predict_heat, predict_count) VALUES (19, '2026-07-12', 0, 1, 9.0, 9.0);
INSERT INTO event_trend_daily (event_id, date, count, is_predicted, predict_heat, predict_count) VALUES (19, '2026-07-13', 0, 1, 9.0, 9.0);
INSERT INTO event_trend_daily (event_id, date, count, is_predicted, predict_heat, predict_count) VALUES (19, '2026-07-14', 0, 1, 9.0, 9.0);

INSERT INTO events (event_id, title, heat, report_count, duplicate_count, time_start, time_end, event_time, risk_level, stage, confidence, prob_latent, prob_growth, prob_peak, prob_decline, analysis, positive, neutral, negative, sources, summary, location, cause, people, authenticity, created_at, updated_at) VALUES (20, '云旗粉丝冰旗凌驰援广西灾区', 6.307, 17, 5, '2026-07-10 13:43:34', '2026-07-11 22:28:11', '2026-07-10 12:00:00', 'mid', 'decline', 0.9, 0.0, 0.0, 0.1, 0.9, '当前事件报道数量持续下降，公众关注度减弱，处于衰退期。', 0.941, 0.059, 0.0, '["微博", "新浪新闻"]', '#王一博[超话]##直击广西洪涝救援# .#王一博向广西捐赠物资##王一博粉丝向广西捐款# 近日广西。#王一博[超话]##直击广西洪涝救援# .#王一博向广西捐赠物资##王一博粉丝向广西捐款# 近日广西持续暴雨灾害，发生的洪灾牵动大家的心， 王一博摩托姐姐公益组联合@中华社会救助基金会，发起的援助广西灾区的捐助活动顺利完成✅ 感恩每一位参与的摩托姐姐。陈丽君粉丝暖心物资奔赴广西。', '广西、云旗、中国', '云旗粉丝冰旗凌驰援广西灾区。', '["宋亚轩", "任嘉伦", "美莎克"]', '{"credibility_score": 0.529, "official_ratio": 0.118, "verified_ratio": 0.882, "plain_user_ratio": 0.118, "verification_dist": {"认证机构": 0.412, "认证个人": 0.235, "官方平台": 0.118, "普通用户": 0.118, "头部认证个人": 0.118}, "factors": []}', '2026-07-13 00:05:18', '2026-07-13 00:05:18');
INSERT INTO event_keywords (event_id, word, weight, rank) VALUES (20, '广西', 1.0, 0);
INSERT INTO event_keywords (event_id, word, weight, rank) VALUES (20, '肖战', 0.742, 1);
INSERT INTO event_keywords (event_id, word, weight, rank) VALUES (20, '甜玉米', 0.605, 2);
INSERT INTO event_keywords (event_id, word, weight, rank) VALUES (20, '王一博', 0.605, 3);
INSERT INTO event_keywords (event_id, word, weight, rank) VALUES (20, '粉丝', 0.488, 4);
INSERT INTO event_keywords (event_id, word, weight, rank) VALUES (20, '陈丽君', 0.485, 5);
INSERT INTO event_keywords (event_id, word, weight, rank) VALUES (20, '云旗', 0.416, 6);
INSERT INTO event_keywords (event_id, word, weight, rank) VALUES (20, '物资', 0.38, 7);
INSERT INTO event_platforms (event_id, platform_name, ratio, rank) VALUES (20, '微博', 0.882, 0);
INSERT INTO event_platforms (event_id, platform_name, ratio, rank) VALUES (20, '新浪新闻', 0.118, 1);
INSERT INTO event_trend_daily (event_id, date, count, is_predicted) VALUES (20, '2026-07-10', 12, 0);
INSERT INTO event_trend_daily (event_id, date, count, is_predicted) VALUES (20, '2026-07-11', 5, 0);
INSERT INTO event_trend_daily (event_id, date, count, is_predicted, predict_heat, predict_count) VALUES (20, '2026-07-12', 0, 1, 0.0, 0.0);
INSERT INTO event_trend_daily (event_id, date, count, is_predicted, predict_heat, predict_count) VALUES (20, '2026-07-13', 0, 1, 0.0, 0.0);
INSERT INTO event_trend_daily (event_id, date, count, is_predicted, predict_heat, predict_count) VALUES (20, '2026-07-14', 0, 1, 0.0, 0.0);

INSERT INTO events (event_id, title, heat, report_count, duplicate_count, time_start, time_end, event_time, risk_level, stage, confidence, prob_latent, prob_growth, prob_peak, prob_decline, analysis, positive, neutral, negative, sources, summary, location, cause, people, authenticity, created_at, updated_at) VALUES (21, '暴雨引发广西洪涝，救援人员转移村民时，不忘“救出”女孩的暑假作业', 5.991, 15, 1, '2026-07-09 21:21:44', '2026-07-11 22:40:47', '2026-07-11 12:00:00', 'mid', 'growth', 0.9, 0.05, 0.9, 0.05, 0.0, '当前事件报道数量持续增加，公众关注度快速提升，处于成长期。', 1.0, 0.0, 0.0, '["人民网", "微博", "新浪新闻", "澎湃新闻"]', '7月6日，南宁横州市云表镇振兴村，救援人员正在转移群众。2026年7月6日，南宁横州市云表镇振兴村，救援人员正在转移群众。7月6日，广西横州市云表镇振兴村，救援人员合力转移群众。', '广西、横州、南宁', '毒贩要拉手雷同归于尽，南宁民警为保护战友将毒贩拖出车外_一号专案_澎湃新闻-The Paper。', '["唐燕丽", "美莎克", "郑朝渊"]', '{"credibility_score": 0.916, "official_ratio": 0.8, "verified_ratio": 1.0, "plain_user_ratio": 0.0, "verification_dist": {"官方平台": 0.8, "认证机构": 0.133, "头部认证个人": 0.067}, "factors": ["well_sourced"]}', '2026-07-13 00:05:18', '2026-07-13 00:05:18');
INSERT INTO event_keywords (event_id, word, weight, rank) VALUES (21, '救援', 1.0, 0);
INSERT INTO event_keywords (event_id, word, weight, rank) VALUES (21, '群众', 0.988, 1);
INSERT INTO event_keywords (event_id, word, weight, rank) VALUES (21, '人员', 0.67, 2);
INSERT INTO event_keywords (event_id, word, weight, rank) VALUES (21, '转移', 0.629, 3);
INSERT INTO event_keywords (event_id, word, weight, rank) VALUES (21, '州市', 0.6, 4);
INSERT INTO event_keywords (event_id, word, weight, rank) VALUES (21, '手雷', 0.572, 5);
INSERT INTO event_keywords (event_id, word, weight, rank) VALUES (21, '男子', 0.535, 6);
INSERT INTO event_keywords (event_id, word, weight, rank) VALUES (21, '云表', 0.483, 7);
INSERT INTO event_platforms (event_id, platform_name, ratio, rank) VALUES (21, '澎湃新闻', 0.6, 0);
INSERT INTO event_platforms (event_id, platform_name, ratio, rank) VALUES (21, '微博', 0.2, 1);
INSERT INTO event_platforms (event_id, platform_name, ratio, rank) VALUES (21, '新浪新闻', 0.133, 2);
INSERT INTO event_platforms (event_id, platform_name, ratio, rank) VALUES (21, '人民网', 0.067, 3);
INSERT INTO event_trend_daily (event_id, date, count, is_predicted) VALUES (21, '2026-07-09', 1, 0);
INSERT INTO event_trend_daily (event_id, date, count, is_predicted) VALUES (21, '2026-07-10', 4, 0);
INSERT INTO event_trend_daily (event_id, date, count, is_predicted) VALUES (21, '2026-07-11', 8, 0);
INSERT INTO event_trend_daily (event_id, date, count, is_predicted, predict_heat, predict_count) VALUES (21, '2026-07-12', 0, 1, 11.5, 11.5);
INSERT INTO event_trend_daily (event_id, date, count, is_predicted, predict_heat, predict_count) VALUES (21, '2026-07-13', 0, 1, 15.0, 15.0);
INSERT INTO event_trend_daily (event_id, date, count, is_predicted, predict_heat, predict_count) VALUES (21, '2026-07-14', 0, 1, 18.5, 18.5);

INSERT INTO events (event_id, title, heat, report_count, duplicate_count, time_start, time_end, event_time, risk_level, stage, confidence, prob_latent, prob_growth, prob_peak, prob_decline, analysis, positive, neutral, negative, sources, summary, location, cause, people, authenticity, created_at, updated_at) VALUES (22, '我这些天刷抖和小🍠，一边心疼广西人民遭遇天灾，一边又被真的会大家那种乐观主义精神感染到。 这两天刷到', 5.916, 15, 1, '2026-07-07 18:15:02', '2026-07-11 22:20:47', '2026-07-11 12:00:00', 'mid', 'peak', 0.9, 0.0, 0.05, 0.9, 0.05, '当前事件报道量已接近峰值，关注度趋于稳定，处于高潮期。', 0.229, 0.354, 0.417, '["微博", "知乎"]', '因为用无人设备了，这次广西的洪水里，科技为人类开出了一条条逃生之路，当救援的冲锋舟被洪水的暗流拦住去。因为用无人设备了，这次广西的洪水里，科技为人类开出了一条条逃生之路，当救援的冲锋舟被洪水的暗流拦住去路，当陆路交通中断通信彻底失联，当物资告急洪水即将淹没房顶，站在屋顶的广西人，突然听到了远方引擎的轰鸣……他们看到，大疆重载无人机穿云而来，卸下了物资，吊起了受困的群众。总之，科技发展的终极目的，是带着人类共同升级，而不是把普通人甩在时代的身后，一个人如果只局限于技术维度分析问题，却忽视社会民生与文明的长远发展，那他充其量只是一名优秀的技术从业者，而非合格的社会治理者，如今全球AI技术迎来爆发式的大发展，我们最缺的恰恰就是能够通过政策与制度引领，让科技走上正途的治理人才。', '广西、横州、台风', '一看到那张蛇在洪水里探头的照片，真的绷不住。', '["马骝", "美莎克"]', '{"credibility_score": 0.15, "official_ratio": 0.0, "verified_ratio": 0.267, "plain_user_ratio": 0.733, "verification_dist": {"普通用户": 0.733, "认证个人": 0.267}, "factors": ["official_absent", "mostly_unverified"]}', '2026-07-13 00:05:18', '2026-07-13 00:05:18');
INSERT INTO event_keywords (event_id, word, weight, rank) VALUES (22, '无人', 1.0, 0);
INSERT INTO event_keywords (event_id, word, weight, rank) VALUES (22, 'AI', 0.942, 1);
INSERT INTO event_keywords (event_id, word, weight, rank) VALUES (22, '部队', 0.889, 2);
INSERT INTO event_keywords (event_id, word, weight, rank) VALUES (22, '救援', 0.879, 3);
INSERT INTO event_keywords (event_id, word, weight, rank) VALUES (22, '领域', 0.768, 4);
INSERT INTO event_keywords (event_id, word, weight, rank) VALUES (22, '技术', 0.744, 5);
INSERT INTO event_keywords (event_id, word, weight, rank) VALUES (22, '社会', 0.722, 6);
INSERT INTO event_keywords (event_id, word, weight, rank) VALUES (22, '人类', 0.611, 7);
INSERT INTO event_platforms (event_id, platform_name, ratio, rank) VALUES (22, '知乎', 0.933, 0);
INSERT INTO event_platforms (event_id, platform_name, ratio, rank) VALUES (22, '微博', 0.067, 1);
INSERT INTO event_trend_daily (event_id, date, count, is_predicted) VALUES (22, '2026-07-07', 2, 0);
INSERT INTO event_trend_daily (event_id, date, count, is_predicted) VALUES (22, '2026-07-08', 0, 0);
INSERT INTO event_trend_daily (event_id, date, count, is_predicted) VALUES (22, '2026-07-09', 0, 0);
INSERT INTO event_trend_daily (event_id, date, count, is_predicted) VALUES (22, '2026-07-10', 6, 0);
INSERT INTO event_trend_daily (event_id, date, count, is_predicted) VALUES (22, '2026-07-11', 7, 0);
INSERT INTO event_trend_daily (event_id, date, count, is_predicted, predict_heat, predict_count) VALUES (22, '2026-07-12', 0, 1, 10.5, 10.5);
INSERT INTO event_trend_daily (event_id, date, count, is_predicted, predict_heat, predict_count) VALUES (22, '2026-07-13', 0, 1, 14.0, 14.0);
INSERT INTO event_trend_daily (event_id, date, count, is_predicted, predict_heat, predict_count) VALUES (22, '2026-07-14', 0, 1, 17.5, 17.5);

INSERT INTO events (event_id, title, heat, report_count, duplicate_count, time_start, time_end, event_time, risk_level, stage, confidence, prob_latent, prob_growth, prob_peak, prob_decline, analysis, positive, neutral, negative, sources, summary, location, cause, people, authenticity, created_at, updated_at) VALUES (23, '广西暴雨致稻田变汪洋农机队捕鱼苦中作乐', 5.652, 18, 1, '2026-07-09 12:52:33', '2026-07-11 22:41:01', '2026-07-09 12:00:00', 'mid', 'peak', 0.9, 0.0, 0.05, 0.9, 0.05, '当前事件报道量已接近峰值，关注度趋于稳定，处于高潮期。', 0.833, 0.167, 0.0, '["微博", "新浪新闻", "澎湃新闻", "知乎"]', '广西洪灾致39人遇难9人失联，含六蓝水库溃口灾情 #洪灾已致广西39死9失联#包括南宁六蓝水库溃口洪灾在内，广西已有39人死亡、9人失联🙏痛心。广西洪灾含六蓝水库溃口灾情已致39人遇难、9人失联，愿失联者平安归来，受灾群众渡过难关，致敬一线救援人员#广西洪灾 #南宁六蓝水库 #祈福广西 #抗洪救灾。六蓝水库近乎全部下泄，坝底淤泥已经露出】#洪灾已致广西39死9失联#据新华社报道，截至7月9日中午，广西因台风“美莎克”引发的洪灾已造成39人死亡、9人失联，其中仅六蓝水库溃口一处就导致26人遇难，灾情严重程度远超预期。', '广西、南宁、宾阳县', '广西暴雨致稻田变汪洋农机队捕鱼苦中作乐。', '["汪洋", "美莎克", "龙卷风"]', '{"credibility_score": 0.757, "official_ratio": 0.667, "verified_ratio": 0.889, "plain_user_ratio": 0.111, "verification_dist": {"官方平台": 0.667, "认证个人": 0.167, "普通用户": 0.111, "认证机构": 0.056}, "factors": ["well_sourced"]}', '2026-07-13 00:05:18', '2026-07-13 00:05:18');
INSERT INTO event_keywords (event_id, word, weight, rank) VALUES (23, '死亡', 1.0, 0);
INSERT INTO event_keywords (event_id, word, weight, rank) VALUES (23, '广西', 0.999, 1);
INSERT INTO event_keywords (event_id, word, weight, rank) VALUES (23, '水库', 0.897, 2);
INSERT INTO event_keywords (event_id, word, weight, rank) VALUES (23, '转移', 0.677, 3);
INSERT INTO event_keywords (event_id, word, weight, rank) VALUES (23, '加油', 0.594, 4);
INSERT INTO event_keywords (event_id, word, weight, rank) VALUES (23, '人员', 0.542, 5);
INSERT INTO event_keywords (event_id, word, weight, rank) VALUES (23, '洪灾', 0.53, 6);
INSERT INTO event_keywords (event_id, word, weight, rank) VALUES (23, '溃口', 0.524, 7);
INSERT INTO event_platforms (event_id, platform_name, ratio, rank) VALUES (23, '新浪新闻', 0.5, 0);
INSERT INTO event_platforms (event_id, platform_name, ratio, rank) VALUES (23, '知乎', 0.222, 1);
INSERT INTO event_platforms (event_id, platform_name, ratio, rank) VALUES (23, '澎湃新闻', 0.167, 2);
INSERT INTO event_platforms (event_id, platform_name, ratio, rank) VALUES (23, '微博', 0.111, 3);
INSERT INTO event_trend_daily (event_id, date, count, is_predicted) VALUES (23, '2026-07-09', 7, 0);
INSERT INTO event_trend_daily (event_id, date, count, is_predicted) VALUES (23, '2026-07-10', 5, 0);
INSERT INTO event_trend_daily (event_id, date, count, is_predicted) VALUES (23, '2026-07-11', 6, 0);
INSERT INTO event_trend_daily (event_id, date, count, is_predicted, predict_heat, predict_count) VALUES (23, '2026-07-12', 0, 1, 5.5, 5.5);
INSERT INTO event_trend_daily (event_id, date, count, is_predicted, predict_heat, predict_count) VALUES (23, '2026-07-13', 0, 1, 5.0, 5.0);
INSERT INTO event_trend_daily (event_id, date, count, is_predicted, predict_heat, predict_count) VALUES (23, '2026-07-14', 0, 1, 4.5, 4.5);

INSERT INTO events (event_id, title, heat, report_count, duplicate_count, time_start, time_end, event_time, risk_level, stage, confidence, prob_latent, prob_growth, prob_peak, prob_decline, analysis, positive, neutral, negative, sources, summary, location, cause, people, authenticity, created_at, updated_at) VALUES (24, '辟谣，广西灾区不管是什么救援队救人收费直接报警抓人。 蓝天救援队救援不收费，更不可能去灾区收费。这个', 5.525, 11, 1, '2026-07-10 21:32:58', '2026-07-11 22:29:58', '2026-07-11 12:00:00', 'mid', 'growth', 0.9, 0.05, 0.9, 0.05, 0.0, '当前事件报道数量持续增加，公众关注度快速提升，处于成长期。', 0.391, 0.391, 0.217, '["微博", "新浪新闻"]', '百度APP联合蓝天等救援队发起广西暴雨互助通道，5天安全转移受困群众3000余人。百度APP联合蓝天等救援队发起广西暴雨互助通道，5天安全转移受困群众3000余人 百度APP联合蓝天等救援队发起广西暴雨互助通道，5天安全转移受困群众3000余人#百度APP##蓝天救援队##抗洪#。百度APP联合蓝天等救援队发起广西暴雨互助通道。', '广西、宾阳、重庆', '辟谣，广西灾区不管是什么救援队救人收费直接报警抓人。', '["黎里村"]', '{"credibility_score": 0.612, "official_ratio": 0.273, "verified_ratio": 1.0, "plain_user_ratio": 0.0, "verification_dist": {"头部认证个人": 0.273, "认证个人": 0.273, "官方平台": 0.273, "认证机构": 0.182}, "factors": ["well_sourced"]}', '2026-07-13 00:05:18', '2026-07-13 00:05:18');
INSERT INTO event_keywords (event_id, word, weight, rank) VALUES (24, '收费', 1.0, 0);
INSERT INTO event_keywords (event_id, word, weight, rank) VALUES (24, '百度', 0.775, 1);
INSERT INTO event_keywords (event_id, word, weight, rank) VALUES (24, 'APP', 0.775, 2);
INSERT INTO event_keywords (event_id, word, weight, rank) VALUES (24, '救援', 0.718, 3);
INSERT INTO event_keywords (event_id, word, weight, rank) VALUES (24, '通道', 0.665, 4);
INSERT INTO event_keywords (event_id, word, weight, rank) VALUES (24, '救援队', 0.604, 5);
INSERT INTO event_keywords (event_id, word, weight, rank) VALUES (24, '联合', 0.554, 6);
INSERT INTO event_keywords (event_id, word, weight, rank) VALUES (24, '发起', 0.554, 7);
INSERT INTO event_platforms (event_id, platform_name, ratio, rank) VALUES (24, '微博', 0.727, 0);
INSERT INTO event_platforms (event_id, platform_name, ratio, rank) VALUES (24, '新浪新闻', 0.273, 1);
INSERT INTO event_trend_daily (event_id, date, count, is_predicted) VALUES (24, '2026-07-10', 3, 0);
INSERT INTO event_trend_daily (event_id, date, count, is_predicted) VALUES (24, '2026-07-11', 8, 0);
INSERT INTO event_trend_daily (event_id, date, count, is_predicted, predict_heat, predict_count) VALUES (24, '2026-07-12', 0, 1, 13.0, 13.0);
INSERT INTO event_trend_daily (event_id, date, count, is_predicted, predict_heat, predict_count) VALUES (24, '2026-07-13', 0, 1, 18.0, 18.0);
INSERT INTO event_trend_daily (event_id, date, count, is_predicted, predict_heat, predict_count) VALUES (24, '2026-07-14', 0, 1, 23.0, 23.0);

INSERT INTO events (event_id, title, heat, report_count, duplicate_count, time_start, time_end, event_time, risk_level, stage, confidence, prob_latent, prob_growth, prob_peak, prob_decline, analysis, positive, neutral, negative, sources, summary, location, cause, people, authenticity, created_at, updated_at) VALUES (25, '易烊千玺捐赠的挖掘机已到广西', 5.024, 12, 0, '2026-07-10 14:13:49', '2026-07-11 22:38:49', '2026-07-10 12:00:00', 'mid', 'peak', 0.9, 0.0, 0.05, 0.9, 0.05, '当前事件报道量已接近峰值，关注度趋于稳定，处于高潮期。', 0.667, 0.267, 0.067, '["微博", "新浪新闻", "澎湃新闻", "知乎"]', '驰援横州❤️心系广西 半亩花田捐赠100万元人民币 携手@中国乡村发展基金会 紧急向广西横州等受灾地区捐赠救灾物资 助力一线抢险救援与群众安置工作。爷爷不泡茶首批物资已送达 ·霸王茶姬紧急驰援广西防汛救灾 ·北京星巴克公益基金会捐款100万元 ·百胜中国携旗下多品牌捐赠300万元驰援灾区 ·驰援广西洪涝灾区，海底捞捐赠首批3万份自热火锅 农牧养殖 ·牧原公益基金会向广西受灾地区捐赠现金2000万元 食品饮料 ·卫龙美味向广西洪涝灾区捐赠100万元，助力防汛救灾与产业重建 ·蒙牛紧急驰援广西南宁洪涝灾区 ·伊利集团第一时间驰援广西南宁受灾群众 ·农夫山泉捐赠现金1000万元，调拨应急饮用水驰援广西 ·东鹏饮料捐款1000万元及10万瓶饮料驰援广西 互联网平台 ·腾讯公益慈善基金会启动2000万元备灾资金，驰援广西等地灾情 ·小米公益基金会捐赠1000万元现金，紧急驰援广西等地救灾 ·拼多多紧急捐赠1000万元，驰援广西防汛救灾 ·持续跟进。阿里巴巴驰援广西三批物资已经抵达 ·网易捐赠首批25000份物资支援救灾 ·20万份物资陆续送达，美团驰援广西受灾地区 ·京东物流捐赠生活急需物资，送往广西南宁洪涝灾区 汽车制造 ·比亚迪慈善基金会捐赠1000万元驰援广西灾区 纺织服饰 ·安踏集团携手中华慈善总会捐赠1000万元物资 紧急驰援广西救灾 ·李宁集团捐赠2000万元物资驰援救灾一线 ·特步集团紧急捐赠1000万元物资驰援广西、湖北、甘肃等受灾地区 ·361°集团携手中华慈善总会捐赠1000万元物资全力支援广西救灾 ·鸿星尔克携手中华社会救助基金会捐赠800万元物资驰援广西受灾地区 ·匹克集团携手中华慈善总会捐赠500万元物资全力驰援抗洪救灾一线 ·波司登紧急捐赠1000万元物资全力支援广西抗洪救灾一线 ·罗莱生活捐赠200万元物资驰援广西防汛救灾 潮玩文创 ·泡泡玛特捐赠1000万元人民币，驰援救灾一线 一、连锁餐饮 蜜雪冰城向广西受灾地区捐赠1000万元，支援防汛救灾和产业恢复 喜茶再次捐赠200万元驰援广西防汛救灾 7月7日，喜茶宣布驰援广西防汛救灾，灾情发生后，喜茶联合中国乡村发展基金会开展灾区救援及物资援助。', '广西、横州、中国', '易烊千玺捐赠的挖掘机已到广西。', '["陈楚生", "美莎克"]', '{"credibility_score": 0.662, "official_ratio": 0.167, "verified_ratio": 0.917, "plain_user_ratio": 0.083, "verification_dist": {"认证机构": 0.583, "官方平台": 0.167, "认证个人": 0.167, "普通用户": 0.083}, "factors": []}', '2026-07-13 00:05:18', '2026-07-13 00:05:18');
INSERT INTO event_keywords (event_id, word, weight, rank) VALUES (25, '万元', 1.0, 0);
INSERT INTO event_keywords (event_id, word, weight, rank) VALUES (25, '物资', 0.802, 1);
INSERT INTO event_keywords (event_id, word, weight, rank) VALUES (25, '捐赠', 0.762, 2);
INSERT INTO event_keywords (event_id, word, weight, rank) VALUES (25, '捐款', 0.563, 3);
INSERT INTO event_keywords (event_id, word, weight, rank) VALUES (25, '驰援', 0.297, 4);
INSERT INTO event_keywords (event_id, word, weight, rank) VALUES (25, '广西', 0.27, 5);
INSERT INTO event_keywords (event_id, word, weight, rank) VALUES (25, '救灾', 0.252, 6);
INSERT INTO event_keywords (event_id, word, weight, rank) VALUES (25, '紧急', 0.238, 7);
INSERT INTO event_platforms (event_id, platform_name, ratio, rank) VALUES (25, '微博', 0.75, 0);
INSERT INTO event_platforms (event_id, platform_name, ratio, rank) VALUES (25, '新浪新闻', 0.083, 1);
INSERT INTO event_platforms (event_id, platform_name, ratio, rank) VALUES (25, '澎湃新闻', 0.083, 2);
INSERT INTO event_platforms (event_id, platform_name, ratio, rank) VALUES (25, '知乎', 0.083, 3);
INSERT INTO event_trend_daily (event_id, date, count, is_predicted) VALUES (25, '2026-07-10', 7, 0);
INSERT INTO event_trend_daily (event_id, date, count, is_predicted) VALUES (25, '2026-07-11', 5, 0);
INSERT INTO event_trend_daily (event_id, date, count, is_predicted, predict_heat, predict_count) VALUES (25, '2026-07-12', 0, 1, 3.0, 3.0);
INSERT INTO event_trend_daily (event_id, date, count, is_predicted, predict_heat, predict_count) VALUES (25, '2026-07-13', 0, 1, 1.0, 1.0);
INSERT INTO event_trend_daily (event_id, date, count, is_predicted, predict_heat, predict_count) VALUES (25, '2026-07-14', 0, 1, 0.0, 0.0);

-- gold_price.json: 5/10 clusters (heat >= 5.0)
INSERT INTO events (event_id, title, heat, report_count, duplicate_count, time_start, time_end, event_time, risk_level, stage, confidence, prob_latent, prob_growth, prob_peak, prob_decline, analysis, positive, neutral, negative, sources, summary, location, cause, people, authenticity, created_at, updated_at) VALUES (26, '金价刚涨又降', 23.281, 194, 23, '2026-06-01 09:05:01', '2026-07-11 23:35:35', '2026-07-10 12:00:00', 'mid_high', 'decline', 0.9, 0.0, 0.0, 0.1, 0.9, '当前事件报道数量持续下降，公众关注度减弱，处于衰退期。', 0.484, 0.389, 0.127, '["人民网", "微博", "新浪新闻", "澎湃新闻", "知乎"]', '黄金三年牛市骤然终结，金价单月跌幅创近二十年之最，ETF资金外流逼近180亿美元。不管怎么说，现货黄金报价系统目前还在稳定 有序 坚强地运行着，虽然帝国增加了黄金 白银的期货运作系统和ETF等工具，但毕竟黄金这种商品在撒哈拉沙漠里面，在亚马逊热带雨林里面，在青藏高原上，在西伯利亚冻土上都在流通着，因此：今天你就算用期货把黄金砸到了1000美元/盎司，没关系，明天迪拜的黄金交易商们不认，人家明天还是按照4000美元/盎司来交易，那你这期货价格是不是就是来搞笑的。金价路径：触发条件,金价目标,95%置信区间 鸽派信号明确,"$4,500-4,800","[$4,200, $5,000]"五、摩根大通长期预测的路径积分验证5.1 长期看涨的结构性支撑尽管短期风险显著下行，摩根大通维持长期看涨立场：年份,季度,金价预测,核心驱动 2027年,Q1,$4,600,"央行购金恢复+实物需求回归" 2027年,Q2,$4,700,ETF资金回流 2027年,Q3,$4,800,美联储鸽派转向确认 2027年,Q4,$5,000,"降息周期开启+去美元化"5.2 白银、铂金、钯金的路径积分品种,2026年下半年,2027年预测,核心驱动 白银,"$62-65（区间震荡）","$64-70","太阳能需求下降→供需再平衡，金银比向70-75靠拢" 铂金,"$1,600-1,800","$1,950","南非供应端激励价格→随黄金企稳回升" 钯金,"$1,350","$1,300",电动车侵蚀需求→持续承压六、关键节点与95%置信区间汇总6.1 2026年7-12月金价路径时间节点,基准预测,95%置信区间,核心驱动 7月（当前反弹）,"$4,100-4,300","[$3,800, $4,500]","非农疲软→加息预期钝化" 8月,"$3,900-4,200","[$3,600, $4,400]","通胀数据确认+ETF持续流出" 9月（关键拐点）,"$3,800-4,100","[$3,500, $4,300]",美联储政策信号 10月,"$4,000-4,300","[$3,700, $4,600]",中期选举前政策博弈 11月,"$4,100-4,400","[$3,800, $4,700]",选举落地 12月,"$4,200-4,500","[$3,900, $4,800]",降息预期升温6.2 极端情景的置信区间情景,金价目标,95%置信区间,概率 美联储提前加息,"$3,500-$3,600","[$3,300, $3,800]",30% 美联储保持耐心,"$4,100-4,300","[$3,800, $4,600]",45% 美联储鸽派转向,"$4,500-4,800","[$4,200, $5,000]",25%七、结论7.1 核心判断黄金已重新看美联储的脸色。', '美国、美伊、中东', '最精明的资产选择。', '["布伦特", "特朗普", "高盛", "金改", "金龙"]', '{"credibility_score": 0.636, "official_ratio": 0.572, "verified_ratio": 0.701, "plain_user_ratio": 0.299, "verification_dist": {"官方平台": 0.572, "普通用户": 0.299, "认证个人": 0.067, "头部认证个人": 0.046, "认证机构": 0.015}, "factors": ["well_sourced"]}', '2026-07-13 00:05:18', '2026-07-13 00:05:18');
INSERT INTO event_keywords (event_id, word, weight, rank) VALUES (26, '黄金', 1.0, 0);
INSERT INTO event_keywords (event_id, word, weight, rank) VALUES (26, '白银', 0.482, 1);
INSERT INTO event_keywords (event_id, word, weight, rank) VALUES (26, '美元', 0.38, 2);
INSERT INTO event_keywords (event_id, word, weight, rank) VALUES (26, '规划', 0.328, 3);
INSERT INTO event_keywords (event_id, word, weight, rank) VALUES (26, '金价', 0.288, 4);
INSERT INTO event_keywords (event_id, word, weight, rank) VALUES (26, '帝国', 0.282, 5);
INSERT INTO event_keywords (event_id, word, weight, rank) VALUES (26, 'A股', 0.176, 6);
INSERT INTO event_keywords (event_id, word, weight, rank) VALUES (26, 'ETF', 0.172, 7);
INSERT INTO event_platforms (event_id, platform_name, ratio, rank) VALUES (26, '知乎', 0.33, 0);
INSERT INTO event_platforms (event_id, platform_name, ratio, rank) VALUES (26, '澎湃新闻', 0.289, 1);
INSERT INTO event_platforms (event_id, platform_name, ratio, rank) VALUES (26, '新浪新闻', 0.175, 2);
INSERT INTO event_platforms (event_id, platform_name, ratio, rank) VALUES (26, '人民网', 0.108, 3);
INSERT INTO event_platforms (event_id, platform_name, ratio, rank) VALUES (26, '微博', 0.098, 4);
INSERT INTO event_trend_daily (event_id, date, count, is_predicted) VALUES (26, '2026-06-01', 2, 0);
INSERT INTO event_trend_daily (event_id, date, count, is_predicted) VALUES (26, '2026-06-02', 2, 0);
INSERT INTO event_trend_daily (event_id, date, count, is_predicted) VALUES (26, '2026-06-03', 0, 0);
INSERT INTO event_trend_daily (event_id, date, count, is_predicted) VALUES (26, '2026-06-04', 1, 0);
INSERT INTO event_trend_daily (event_id, date, count, is_predicted) VALUES (26, '2026-06-05', 1, 0);
INSERT INTO event_trend_daily (event_id, date, count, is_predicted) VALUES (26, '2026-06-06', 0, 0);
INSERT INTO event_trend_daily (event_id, date, count, is_predicted) VALUES (26, '2026-06-07', 1, 0);
INSERT INTO event_trend_daily (event_id, date, count, is_predicted) VALUES (26, '2026-06-08', 2, 0);
INSERT INTO event_trend_daily (event_id, date, count, is_predicted) VALUES (26, '2026-06-09', 2, 0);
INSERT INTO event_trend_daily (event_id, date, count, is_predicted) VALUES (26, '2026-06-10', 2, 0);
INSERT INTO event_trend_daily (event_id, date, count, is_predicted) VALUES (26, '2026-06-11', 0, 0);
INSERT INTO event_trend_daily (event_id, date, count, is_predicted) VALUES (26, '2026-06-12', 0, 0);
INSERT INTO event_trend_daily (event_id, date, count, is_predicted) VALUES (26, '2026-06-13', 0, 0);
INSERT INTO event_trend_daily (event_id, date, count, is_predicted) VALUES (26, '2026-06-14', 0, 0);
INSERT INTO event_trend_daily (event_id, date, count, is_predicted) VALUES (26, '2026-06-15', 3, 0);
INSERT INTO event_trend_daily (event_id, date, count, is_predicted) VALUES (26, '2026-06-16', 2, 0);
INSERT INTO event_trend_daily (event_id, date, count, is_predicted) VALUES (26, '2026-06-17', 2, 0);
INSERT INTO event_trend_daily (event_id, date, count, is_predicted) VALUES (26, '2026-06-18', 0, 0);
INSERT INTO event_trend_daily (event_id, date, count, is_predicted) VALUES (26, '2026-06-19', 4, 0);
INSERT INTO event_trend_daily (event_id, date, count, is_predicted) VALUES (26, '2026-06-20', 2, 0);
INSERT INTO event_trend_daily (event_id, date, count, is_predicted) VALUES (26, '2026-06-21', 0, 0);
INSERT INTO event_trend_daily (event_id, date, count, is_predicted) VALUES (26, '2026-06-22', 0, 0);
INSERT INTO event_trend_daily (event_id, date, count, is_predicted) VALUES (26, '2026-06-23', 3, 0);
INSERT INTO event_trend_daily (event_id, date, count, is_predicted) VALUES (26, '2026-06-24', 8, 0);
INSERT INTO event_trend_daily (event_id, date, count, is_predicted) VALUES (26, '2026-06-25', 2, 0);
INSERT INTO event_trend_daily (event_id, date, count, is_predicted) VALUES (26, '2026-06-26', 0, 0);
INSERT INTO event_trend_daily (event_id, date, count, is_predicted) VALUES (26, '2026-06-27', 0, 0);
INSERT INTO event_trend_daily (event_id, date, count, is_predicted) VALUES (26, '2026-06-28', 2, 0);
INSERT INTO event_trend_daily (event_id, date, count, is_predicted) VALUES (26, '2026-06-29', 2, 0);
INSERT INTO event_trend_daily (event_id, date, count, is_predicted) VALUES (26, '2026-06-30', 1, 0);
INSERT INTO event_trend_daily (event_id, date, count, is_predicted) VALUES (26, '2026-07-01', 4, 0);
INSERT INTO event_trend_daily (event_id, date, count, is_predicted) VALUES (26, '2026-07-02', 9, 0);
INSERT INTO event_trend_daily (event_id, date, count, is_predicted) VALUES (26, '2026-07-03', 7, 0);
INSERT INTO event_trend_daily (event_id, date, count, is_predicted) VALUES (26, '2026-07-04', 3, 0);
INSERT INTO event_trend_daily (event_id, date, count, is_predicted) VALUES (26, '2026-07-05', 2, 0);
INSERT INTO event_trend_daily (event_id, date, count, is_predicted) VALUES (26, '2026-07-06', 2, 0);
INSERT INTO event_trend_daily (event_id, date, count, is_predicted) VALUES (26, '2026-07-07', 5, 0);
INSERT INTO event_trend_daily (event_id, date, count, is_predicted) VALUES (26, '2026-07-08', 5, 0);
INSERT INTO event_trend_daily (event_id, date, count, is_predicted) VALUES (26, '2026-07-09', 14, 0);
INSERT INTO event_trend_daily (event_id, date, count, is_predicted) VALUES (26, '2026-07-10', 51, 0);
INSERT INTO event_trend_daily (event_id, date, count, is_predicted) VALUES (26, '2026-07-11', 13, 0);
INSERT INTO event_trend_daily (event_id, date, count, is_predicted, predict_heat, predict_count) VALUES (26, '2026-07-12', 0, 1, 12.5, 12.5);
INSERT INTO event_trend_daily (event_id, date, count, is_predicted, predict_heat, predict_count) VALUES (26, '2026-07-13', 0, 1, 12.0, 12.0);
INSERT INTO event_trend_daily (event_id, date, count, is_predicted, predict_heat, predict_count) VALUES (26, '2026-07-14', 0, 1, 11.5, 11.5);

INSERT INTO events (event_id, title, heat, report_count, duplicate_count, time_start, time_end, event_time, risk_level, stage, confidence, prob_latent, prob_growth, prob_peak, prob_decline, analysis, positive, neutral, negative, sources, summary, location, cause, people, authenticity, created_at, updated_at) VALUES (27, '黄金原油下跌', 12.44, 31, 4, '2026-07-10 07:44:36', '2026-07-11 23:27:21', '2026-07-10 12:00:00', 'mid', 'decline', 0.9, 0.0, 0.0, 0.1, 0.9, '当前事件报道数量持续下降，公众关注度减弱，处于衰退期。', 0.37, 0.481, 0.148, '["微博", "知乎"]', '#黄金[超话]# 黄金早间思路 隔夜初请失业金数据出炉21.5万，低于预期21.8万，美国就业市场韧性拉满，市场押注美联储持续高利率，美元、美债同步走强，金价上涨空间被牢牢压制。#黄金[超话]#7.11下周金价怎么看。#侠哥聊股市[超话]# 刘哥下周黄金行情预判 本周金价整体在4100附近窄幅震荡，上方承压明显。', '美伊、美国、密歇根', '自1970年以来，黄金与原油的价格水平相关系数高达0.90，但月度收益率的相关系数仅有0.13。', '["高达", "刘哥", "秦钰恒"]', '{"credibility_score": 0.364, "official_ratio": 0.0, "verified_ratio": 0.903, "plain_user_ratio": 0.097, "verification_dist": {"头部认证个人": 0.484, "认证个人": 0.419, "普通用户": 0.097}, "factors": ["official_absent"]}', '2026-07-13 00:05:18', '2026-07-13 00:05:18');
INSERT INTO event_keywords (event_id, word, weight, rank) VALUES (27, '金价', 1.0, 0);
INSERT INTO event_keywords (event_id, word, weight, rank) VALUES (27, '黄金', 0.99, 1);
INSERT INTO event_keywords (event_id, word, weight, rank) VALUES (27, '原油', 0.731, 2);
INSERT INTO event_keywords (event_id, word, weight, rank) VALUES (27, '下周', 0.58, 3);
INSERT INTO event_keywords (event_id, word, weight, rank) VALUES (27, '相关系数', 0.444, 4);
INSERT INTO event_keywords (event_id, word, weight, rank) VALUES (27, '超话', 0.358, 5);
INSERT INTO event_keywords (event_id, word, weight, rank) VALUES (27, '市场', 0.356, 6);
INSERT INTO event_keywords (event_id, word, weight, rank) VALUES (27, '美元', 0.356, 7);
INSERT INTO event_platforms (event_id, platform_name, ratio, rank) VALUES (27, '微博', 0.968, 0);
INSERT INTO event_platforms (event_id, platform_name, ratio, rank) VALUES (27, '知乎', 0.032, 1);
INSERT INTO event_trend_daily (event_id, date, count, is_predicted) VALUES (27, '2026-07-10', 21, 0);
INSERT INTO event_trend_daily (event_id, date, count, is_predicted) VALUES (27, '2026-07-11', 10, 0);
INSERT INTO event_trend_daily (event_id, date, count, is_predicted, predict_heat, predict_count) VALUES (27, '2026-07-12', 0, 1, 0.0, 0.0);
INSERT INTO event_trend_daily (event_id, date, count, is_predicted, predict_heat, predict_count) VALUES (27, '2026-07-13', 0, 1, 0.0, 0.0);
INSERT INTO event_trend_daily (event_id, date, count, is_predicted, predict_heat, predict_count) VALUES (27, '2026-07-14', 0, 1, 0.0, 0.0);

INSERT INTO events (event_id, title, heat, report_count, duplicate_count, time_start, time_end, event_time, risk_level, stage, confidence, prob_latent, prob_growth, prob_peak, prob_decline, analysis, positive, neutral, negative, sources, summary, location, cause, people, authenticity, created_at, updated_at) VALUES (28, '黄金多单4169布局获利超百点', 10.203, 63, 10, '2026-05-30 19:50:49', '2026-07-11 23:17:36', '2026-07-10 12:00:00', 'mid', 'decline', 0.9, 0.0, 0.0, 0.1, 0.9, '当前事件报道数量持续下降，公众关注度减弱，处于衰退期。', 0.542, 0.256, 0.202, '["微博", "新浪新闻", "知乎"]', '先说结论：在美联储真正加息落地之前，进场布局就是韭菜美联储的降息、维持利率不变、加息，向来都是一个周期，从来没有过回头的，不是上个月时间是降息下个月突然跳到加息，也不是加息期间突然发个公告说要降息了一个完整的标准美元潮汐周期就是加息→维持利率不变→降息→维持利率不变→回到加息→维持利率不变→回到降息一堆说什么黄金做长期投资的，问问美元潮汐在价值投资中起什么作用都不知道，简直滑天下之大稽黄金从什么时候开始涨的。美联储的降息、维持利率不变、加息，向来都是一个周期，从来没有过回头的，不是上个月时间是降息下个月突然跳到加息，也不是加息期间突然发个公告说要降息了一个完整的标准美元潮汐周期就是加息→维持利率不变→降息→维持利率不变→回到加息→维持利率不变→回到降息一堆说什么黄金做长期投资的，问问美元潮汐在价值投资中起什么作用都不知道，简直滑天下之大稽黄金从什么时候开始涨的。期间不断有资金开始布局，黄金开始慢慢抬升，直到加息到维持利率不变期间爆发，然后到25年降息期间达到巅峰，然后在降息→维持利率不变期间获利了结，直接一字断魂刀闪崩，然后持续阴跌到现在当老鲍向市场发出维持利率不变那一刻，本轮黄金的崩盘就已经注定真正做价值投资的人：永远只会在加息→维持利率不变期间布局，而不是在降息→维持利率不变期间接盘什么国际大势，宏大叙事基本面，都不如美元潮汐定律为什么只是释放加息预期并没有加息黄金就在一直跌。', '美伊、美国、伦敦', '1.现在的1000块钱是一个非常低的价格，以后能涨到2000元甚至3000元。', '["白银", "特朗普", "段时间", "马后炮", "布雷顿"]', '{"credibility_score": 0.167, "official_ratio": 0.016, "verified_ratio": 0.254, "plain_user_ratio": 0.746, "verification_dist": {"普通用户": 0.746, "认证个人": 0.175, "头部认证个人": 0.063, "官方平台": 0.016}, "factors": ["official_absent", "mostly_unverified"]}', '2026-07-13 00:05:18', '2026-07-13 00:05:18');
INSERT INTO event_keywords (event_id, word, weight, rank) VALUES (28, '黄金', 1.0, 0);
INSERT INTO event_keywords (event_id, word, weight, rank) VALUES (28, '美元', 0.346, 1);
INSERT INTO event_keywords (event_id, word, weight, rank) VALUES (28, '利率', 0.292, 2);
INSERT INTO event_keywords (event_id, word, weight, rank) VALUES (28, '加息', 0.25, 3);
INSERT INTO event_keywords (event_id, word, weight, rank) VALUES (28, '通胀', 0.195, 4);
INSERT INTO event_keywords (event_id, word, weight, rank) VALUES (28, '央行', 0.194, 5);
INSERT INTO event_keywords (event_id, word, weight, rank) VALUES (28, '美国', 0.158, 6);
INSERT INTO event_keywords (event_id, word, weight, rank) VALUES (28, '维持', 0.119, 7);
INSERT INTO event_platforms (event_id, platform_name, ratio, rank) VALUES (28, '知乎', 0.889, 0);
INSERT INTO event_platforms (event_id, platform_name, ratio, rank) VALUES (28, '微博', 0.095, 1);
INSERT INTO event_platforms (event_id, platform_name, ratio, rank) VALUES (28, '新浪新闻', 0.016, 2);
INSERT INTO event_trend_daily (event_id, date, count, is_predicted) VALUES (28, '2026-05-30', 1, 0);
INSERT INTO event_trend_daily (event_id, date, count, is_predicted) VALUES (28, '2026-05-31', 0, 0);
INSERT INTO event_trend_daily (event_id, date, count, is_predicted) VALUES (28, '2026-06-01', 0, 0);
INSERT INTO event_trend_daily (event_id, date, count, is_predicted) VALUES (28, '2026-06-02', 0, 0);
INSERT INTO event_trend_daily (event_id, date, count, is_predicted) VALUES (28, '2026-06-03', 0, 0);
INSERT INTO event_trend_daily (event_id, date, count, is_predicted) VALUES (28, '2026-06-04', 1, 0);
INSERT INTO event_trend_daily (event_id, date, count, is_predicted) VALUES (28, '2026-06-05', 0, 0);
INSERT INTO event_trend_daily (event_id, date, count, is_predicted) VALUES (28, '2026-06-06', 0, 0);
INSERT INTO event_trend_daily (event_id, date, count, is_predicted) VALUES (28, '2026-06-07', 0, 0);
INSERT INTO event_trend_daily (event_id, date, count, is_predicted) VALUES (28, '2026-06-08', 0, 0);
INSERT INTO event_trend_daily (event_id, date, count, is_predicted) VALUES (28, '2026-06-09', 0, 0);
INSERT INTO event_trend_daily (event_id, date, count, is_predicted) VALUES (28, '2026-06-10', 1, 0);
INSERT INTO event_trend_daily (event_id, date, count, is_predicted) VALUES (28, '2026-06-11', 1, 0);
INSERT INTO event_trend_daily (event_id, date, count, is_predicted) VALUES (28, '2026-06-12', 0, 0);
INSERT INTO event_trend_daily (event_id, date, count, is_predicted) VALUES (28, '2026-06-13', 0, 0);
INSERT INTO event_trend_daily (event_id, date, count, is_predicted) VALUES (28, '2026-06-14', 0, 0);
INSERT INTO event_trend_daily (event_id, date, count, is_predicted) VALUES (28, '2026-06-15', 0, 0);
INSERT INTO event_trend_daily (event_id, date, count, is_predicted) VALUES (28, '2026-06-16', 0, 0);
INSERT INTO event_trend_daily (event_id, date, count, is_predicted) VALUES (28, '2026-06-17', 0, 0);
INSERT INTO event_trend_daily (event_id, date, count, is_predicted) VALUES (28, '2026-06-18', 1, 0);
INSERT INTO event_trend_daily (event_id, date, count, is_predicted) VALUES (28, '2026-06-19', 1, 0);
INSERT INTO event_trend_daily (event_id, date, count, is_predicted) VALUES (28, '2026-06-20', 0, 0);
INSERT INTO event_trend_daily (event_id, date, count, is_predicted) VALUES (28, '2026-06-21', 0, 0);
INSERT INTO event_trend_daily (event_id, date, count, is_predicted) VALUES (28, '2026-06-22', 1, 0);
INSERT INTO event_trend_daily (event_id, date, count, is_predicted) VALUES (28, '2026-06-23', 0, 0);
INSERT INTO event_trend_daily (event_id, date, count, is_predicted) VALUES (28, '2026-06-24', 1, 0);
INSERT INTO event_trend_daily (event_id, date, count, is_predicted) VALUES (28, '2026-06-25', 1, 0);
INSERT INTO event_trend_daily (event_id, date, count, is_predicted) VALUES (28, '2026-06-26', 1, 0);
INSERT INTO event_trend_daily (event_id, date, count, is_predicted) VALUES (28, '2026-06-27', 2, 0);
INSERT INTO event_trend_daily (event_id, date, count, is_predicted) VALUES (28, '2026-06-28', 0, 0);
INSERT INTO event_trend_daily (event_id, date, count, is_predicted) VALUES (28, '2026-06-29', 2, 0);
INSERT INTO event_trend_daily (event_id, date, count, is_predicted) VALUES (28, '2026-06-30', 2, 0);
INSERT INTO event_trend_daily (event_id, date, count, is_predicted) VALUES (28, '2026-07-01', 0, 0);
INSERT INTO event_trend_daily (event_id, date, count, is_predicted) VALUES (28, '2026-07-02', 2, 0);
INSERT INTO event_trend_daily (event_id, date, count, is_predicted) VALUES (28, '2026-07-03', 1, 0);
INSERT INTO event_trend_daily (event_id, date, count, is_predicted) VALUES (28, '2026-07-04', 0, 0);
INSERT INTO event_trend_daily (event_id, date, count, is_predicted) VALUES (28, '2026-07-05', 3, 0);
INSERT INTO event_trend_daily (event_id, date, count, is_predicted) VALUES (28, '2026-07-06', 2, 0);
INSERT INTO event_trend_daily (event_id, date, count, is_predicted) VALUES (28, '2026-07-07', 1, 0);
INSERT INTO event_trend_daily (event_id, date, count, is_predicted) VALUES (28, '2026-07-08', 3, 0);
INSERT INTO event_trend_daily (event_id, date, count, is_predicted) VALUES (28, '2026-07-09', 3, 0);
INSERT INTO event_trend_daily (event_id, date, count, is_predicted) VALUES (28, '2026-07-10', 24, 0);
INSERT INTO event_trend_daily (event_id, date, count, is_predicted) VALUES (28, '2026-07-11', 4, 0);
INSERT INTO event_trend_daily (event_id, date, count, is_predicted, predict_heat, predict_count) VALUES (28, '2026-07-12', 0, 1, 4.5, 4.5);
INSERT INTO event_trend_daily (event_id, date, count, is_predicted, predict_heat, predict_count) VALUES (28, '2026-07-13', 0, 1, 5.0, 5.0);
INSERT INTO event_trend_daily (event_id, date, count, is_predicted, predict_heat, predict_count) VALUES (28, '2026-07-14', 0, 1, 5.5, 5.5);

INSERT INTO events (event_id, title, heat, report_count, duplicate_count, time_start, time_end, event_time, risk_level, stage, confidence, prob_latent, prob_growth, prob_peak, prob_decline, analysis, positive, neutral, negative, sources, summary, location, cause, people, authenticity, created_at, updated_at) VALUES (29, '#黄金##XAU# 这次上涨是第一部分，随后的下跌是第二部分，调整还在进行，不是新的下跌。', 6.148, 19, 3, '2026-07-07 23:37:11', '2026-07-11 23:25:37', '2026-07-10 12:00:00', 'mid', 'decline', 0.9, 0.0, 0.0, 0.1, 0.9, '当前事件报道数量持续下降，公众关注度减弱，处于衰退期。', 0.774, 0.065, 0.161, '["微博", "知乎"]', '不是说黄金是避险资产吗。一句话总结：这次不是常规的避险行情，油价涨是真有供应危机，黄金跌是提前涨完、资金分流+美元压制，不是黄金避险没用了。从现在的美元和黄金反应来看，市场普遍预判，美国就是精准打击，不会全面入侵，伊朗也只是封锁海峡反制，不会升级成全面战争，不确定性快速下降，黄金的避险溢价自然就退了。', '美伊、中东、伊朗', '对神棍政权当然不是好事，本来这场战争就是冲着他们来的。', '["高开", "白银", "比特", "利多", "伊朗人"]', '{"credibility_score": 0.268, "official_ratio": 0.0, "verified_ratio": 0.579, "plain_user_ratio": 0.421, "verification_dist": {"普通用户": 0.421, "头部认证个人": 0.316, "认证个人": 0.263}, "factors": ["official_absent"]}', '2026-07-13 00:05:18', '2026-07-13 00:05:18');
INSERT INTO event_keywords (event_id, word, weight, rank) VALUES (29, '黄金', 1.0, 0);
INSERT INTO event_keywords (event_id, word, weight, rank) VALUES (29, '美元', 0.35, 1);
INSERT INTO event_keywords (event_id, word, weight, rank) VALUES (29, '不是', 0.31, 2);
INSERT INTO event_keywords (event_id, word, weight, rank) VALUES (29, '避险', 0.286, 3);
INSERT INTO event_keywords (event_id, word, weight, rank) VALUES (29, 'AI', 0.282, 4);
INSERT INTO event_keywords (event_id, word, weight, rank) VALUES (29, '溢价', 0.226, 5);
INSERT INTO event_keywords (event_id, word, weight, rank) VALUES (29, '很多', 0.226, 6);
INSERT INTO event_keywords (event_id, word, weight, rank) VALUES (29, '资产', 0.222, 7);
INSERT INTO event_platforms (event_id, platform_name, ratio, rank) VALUES (29, '微博', 0.632, 0);
INSERT INTO event_platforms (event_id, platform_name, ratio, rank) VALUES (29, '知乎', 0.368, 1);
INSERT INTO event_trend_daily (event_id, date, count, is_predicted) VALUES (29, '2026-07-07', 1, 0);
INSERT INTO event_trend_daily (event_id, date, count, is_predicted) VALUES (29, '2026-07-08', 0, 0);
INSERT INTO event_trend_daily (event_id, date, count, is_predicted) VALUES (29, '2026-07-09', 0, 0);
INSERT INTO event_trend_daily (event_id, date, count, is_predicted) VALUES (29, '2026-07-10', 15, 0);
INSERT INTO event_trend_daily (event_id, date, count, is_predicted) VALUES (29, '2026-07-11', 3, 0);
INSERT INTO event_trend_daily (event_id, date, count, is_predicted, predict_heat, predict_count) VALUES (29, '2026-07-12', 0, 1, 4.5, 4.5);
INSERT INTO event_trend_daily (event_id, date, count, is_predicted, predict_heat, predict_count) VALUES (29, '2026-07-13', 0, 1, 6.0, 6.0);
INSERT INTO event_trend_daily (event_id, date, count, is_predicted, predict_heat, predict_count) VALUES (29, '2026-07-14', 0, 1, 7.5, 7.5);

INSERT INTO events (event_id, title, heat, report_count, duplicate_count, time_start, time_end, event_time, risk_level, stage, confidence, prob_latent, prob_growth, prob_peak, prob_decline, analysis, positive, neutral, negative, sources, summary, location, cause, people, authenticity, created_at, updated_at) VALUES (30, '这轮金价还在向下砸！何为底？你觉得呢？', 5.304, 13, 4, '2026-07-09 07:09:41', '2026-07-11 23:23:21', '2026-07-11 12:00:00', 'mid', 'growth', 0.9, 0.05, 0.9, 0.05, 0.0, '当前事件报道数量持续增加，公众关注度快速提升，处于成长期。', 0.526, 0.316, 0.158, '["微博", "新浪新闻", "知乎"]', '以下是各大品牌金店详细报价： 今日金店黄金价格一览（2026年7月9日） 金店报价 今日金价 单位 变动幅度 涨跌 梦金园黄金价格 1242 元/克 10 跌 老庙黄金价格 1246 元/克 4 跌 六福珠宝价格 1240 元/克 10 跌 周大福黄金价格 1242 元/克 10 跌 周六福黄金价格 1237 元/克 10 跌 金至尊黄金价格 1240 元/克 10 跌 老凤祥黄金价格 1246 元/克 8 跌 潮宏基黄金价格 1242 元/克 10 跌 周生生黄金价格 1240 元/克 9 跌 菜百黄金价格 1232 元/克 10 跌 中国黄金价格 888.8 元/克 13.2 跌 周大生黄金价格 1242 元/克 10 跌 今日黄金价格保持下跌，黄金回收价格同样，考虑到不同品牌回收价差也较大，以下为部分金店回收参考价： 今日金店黄金回收价格一览（2026年7月9日） 回收报价 今日金价 单位 黄金 878.70 元/克 周生生黄金 861.00 元/克 周大福黄金 861.00 元/克 老凤祥黄金 901.70 元/克 再简单说一下铂金饰品价格，还是以周生生为例，今日铂金饰品价格下跌13元/克，报624元/克。如果金价后续持续下行，老铺黄金业绩也出现回调，那老铺黄金的奢侈品叙事将很难形成闭环，其估值体系可能再次发生变化。虽然未来的估值还有很大的不确定性，老铺黄金的奢侈品叙事因为无法脱离金价引力，也大概率不会完全跑通。', '中国、青岛、美伊', '这轮金价还在向下砸。', '["周大福", "白银"]', '{"credibility_score": 0.615, "official_ratio": 0.385, "verified_ratio": 0.769, "plain_user_ratio": 0.231, "verification_dist": {"官方平台": 0.385, "认证机构": 0.308, "普通用户": 0.231, "认证个人": 0.077}, "factors": ["well_sourced"]}', '2026-07-13 00:05:18', '2026-07-13 00:05:18');
INSERT INTO event_keywords (event_id, word, weight, rank) VALUES (30, '老铺', 1.0, 0);
INSERT INTO event_keywords (event_id, word, weight, rank) VALUES (30, '黄金', 0.713, 1);
INSERT INTO event_keywords (event_id, word, weight, rank) VALUES (30, '奢侈品', 0.541, 2);
INSERT INTO event_keywords (event_id, word, weight, rank) VALUES (30, '黄金价格', 0.486, 3);
INSERT INTO event_keywords (event_id, word, weight, rank) VALUES (30, '金价', 0.356, 4);
INSERT INTO event_keywords (event_id, word, weight, rank) VALUES (30, '今日', 0.35, 5);
INSERT INTO event_keywords (event_id, word, weight, rank) VALUES (30, '定价', 0.344, 6);
INSERT INTO event_keywords (event_id, word, weight, rank) VALUES (30, '估值', 0.283, 7);
INSERT INTO event_platforms (event_id, platform_name, ratio, rank) VALUES (30, '新浪新闻', 0.385, 0);
INSERT INTO event_platforms (event_id, platform_name, ratio, rank) VALUES (30, '微博', 0.385, 1);
INSERT INTO event_platforms (event_id, platform_name, ratio, rank) VALUES (30, '知乎', 0.231, 2);
INSERT INTO event_trend_daily (event_id, date, count, is_predicted) VALUES (30, '2026-07-09', 2, 0);
INSERT INTO event_trend_daily (event_id, date, count, is_predicted) VALUES (30, '2026-07-10', 5, 0);
INSERT INTO event_trend_daily (event_id, date, count, is_predicted) VALUES (30, '2026-07-11', 6, 0);
INSERT INTO event_trend_daily (event_id, date, count, is_predicted, predict_heat, predict_count) VALUES (30, '2026-07-12', 0, 1, 8.0, 8.0);
INSERT INTO event_trend_daily (event_id, date, count, is_predicted, predict_heat, predict_count) VALUES (30, '2026-07-13', 0, 1, 10.0, 10.0);
INSERT INTO event_trend_daily (event_id, date, count, is_predicted, predict_heat, predict_count) VALUES (30, '2026-07-14', 0, 1, 12.0, 12.0);

-- missile.json: 5/15 clusters (heat >= 5.0)
INSERT INTO events (event_id, title, heat, report_count, duplicate_count, time_start, time_end, event_time, risk_level, stage, confidence, prob_latent, prob_growth, prob_peak, prob_decline, analysis, positive, neutral, negative, sources, summary, location, cause, people, authenticity, created_at, updated_at) VALUES (31, '中国海军试射巨浪3导弹，日本称飞越其上空', 16.878, 68, 27, '2026-07-06 13:50:28', '2026-07-11 22:05:33', '2026-07-10 12:00:00', 'mid_high', 'decline', 0.9, 0.0, 0.0, 0.1, 0.9, '当前事件报道数量持续下降，公众关注度减弱，处于衰退期。', 0.415, 0.309, 0.277, '["微博", "新浪新闻", "知乎"]', '中国试射潜射导弹引北约日本同日反应 中方潜射导弹发射后，北约秘书长吕特公开叫嚣： 北约不能对中国抱有天真的幻想。#唐湘龙评中国射巨浪-3##巨浪导弹飞越日本上空#【唐湘龙评“巨浪”试射：中国向美国发出强烈信号 就。#唐湘龙评中国射巨浪-3##巨浪导弹飞越日本上空#【唐湘龙评“巨浪”试射：中国向美国发出强烈信号 就算我被偷袭了 我也一定能要你的命。', '日本、中国、太平洋', '还记得7月份日本凉月号驱逐舰闯入我国领海的事情吗。', '["特朗普", "唐湘龙", "吕特", "雷达网", "郭正亮"]', '{"credibility_score": 0.446, "official_ratio": 0.265, "verified_ratio": 0.735, "plain_user_ratio": 0.265, "verification_dist": {"认证个人": 0.324, "官方平台": 0.265, "普通用户": 0.265, "认证机构": 0.103, "头部认证个人": 0.044}, "factors": ["well_sourced"]}', '2026-07-13 00:05:18', '2026-07-13 00:05:18');
INSERT INTO event_keywords (event_id, word, weight, rank) VALUES (31, '日本', 1.0, 0);
INSERT INTO event_keywords (event_id, word, weight, rank) VALUES (31, '北约', 0.956, 1);
INSERT INTO event_keywords (event_id, word, weight, rank) VALUES (31, '中国', 0.785, 2);
INSERT INTO event_keywords (event_id, word, weight, rank) VALUES (31, '美国', 0.559, 3);
INSERT INTO event_keywords (event_id, word, weight, rank) VALUES (31, '发射', 0.545, 4);
INSERT INTO event_keywords (event_id, word, weight, rank) VALUES (31, '试射', 0.507, 5);
INSERT INTO event_keywords (event_id, word, weight, rank) VALUES (31, '导弹', 0.432, 6);
INSERT INTO event_keywords (event_id, word, weight, rank) VALUES (31, '巨浪', 0.372, 7);
INSERT INTO event_platforms (event_id, platform_name, ratio, rank) VALUES (31, '微博', 0.456, 0);
INSERT INTO event_platforms (event_id, platform_name, ratio, rank) VALUES (31, '知乎', 0.279, 1);
INSERT INTO event_platforms (event_id, platform_name, ratio, rank) VALUES (31, '新浪新闻', 0.265, 2);
INSERT INTO event_trend_daily (event_id, date, count, is_predicted) VALUES (31, '2026-07-06', 4, 0);
INSERT INTO event_trend_daily (event_id, date, count, is_predicted) VALUES (31, '2026-07-07', 5, 0);
INSERT INTO event_trend_daily (event_id, date, count, is_predicted) VALUES (31, '2026-07-08', 3, 0);
INSERT INTO event_trend_daily (event_id, date, count, is_predicted) VALUES (31, '2026-07-09', 7, 0);
INSERT INTO event_trend_daily (event_id, date, count, is_predicted) VALUES (31, '2026-07-10', 42, 0);
INSERT INTO event_trend_daily (event_id, date, count, is_predicted) VALUES (31, '2026-07-11', 6, 0);
INSERT INTO event_trend_daily (event_id, date, count, is_predicted, predict_heat, predict_count) VALUES (31, '2026-07-12', 0, 1, 5.5, 5.5);
INSERT INTO event_trend_daily (event_id, date, count, is_predicted, predict_heat, predict_count) VALUES (31, '2026-07-13', 0, 1, 5.0, 5.0);
INSERT INTO event_trend_daily (event_id, date, count, is_predicted, predict_heat, predict_count) VALUES (31, '2026-07-14', 0, 1, 4.5, 4.5);

INSERT INTO events (event_id, title, heat, report_count, duplicate_count, time_start, time_end, event_time, risk_level, stage, confidence, prob_latent, prob_growth, prob_peak, prob_decline, analysis, positive, neutral, negative, sources, summary, location, cause, people, authenticity, created_at, updated_at) VALUES (32, '王强：潜射战略导弹全方位体现实战能力 潜射战略导弹展示中国战略核力量', 16.62, 78, 31, '2026-07-06 13:26:05', '2026-07-11 22:05:17', '2026-07-10 12:00:00', 'mid_high', 'decline', 0.9, 0.0, 0.0, 0.1, 0.9, '当前事件报道数量持续下降，公众关注度减弱，处于衰退期。', 0.567, 0.2, 0.233, '["微博", "新浪新闻", "澎湃新闻", "知乎"]', '《香港高Sir•高能•热点词》 2026.07.07 热点词：中国潜射战略导弹试射瞩目 日本勿作贼心虚 中国不愿打但也不怕打 7月6日，中国人民解放军海军1艘战略核潜艇向太平洋相关公海海域，成功发射1发携载训练模拟弹头的潜射战略导弹，准确落入预定海域。发射前已通知各国，系我国海军正常训练，符合国际法，不针对任何特定国家、地区及团体结果某列岛还是一如既往、不负众望的哈气遥想2012年，日本拉着美国不顾中国警告和抗议，在东海联合军演的时候是何等嚣张，军演目的写明了就是针对中国如今试射导弹是符合国际法且不针对任何国家的，为什么反应会这么激烈呢。信源：新华社：《新华社北京7月6日电：中国海军成功组织潜射战略导弹试射》北京日报：《海军成功组织潜射战略导弹试射，外交部回应：例行安排》战区（TWZ）：《中国在太平洋的潜射弹道导弹试射是一件大事》纽约时报：《巨浪-3即将成为中国日益扩张的核武库的一部分》美国有线电视新闻网（CNN）：《此次事件是一次罕见的、公开可见的潜艇弹道导弹发射》美联社：《中国从潜艇在南太平洋试射弹道导弹》朝日新闻：《导弹是否为射程超1万公里的巨浪3。', '中国、太平洋、日本', '一、忠言逆耳不管怎么样，至少说明双头罩技术可靠性达标，得到了军方认可。', '["陆基", "王强", "向海", "马绍尔", "卢克文"]', '{"credibility_score": 0.596, "official_ratio": 0.538, "verified_ratio": 0.731, "plain_user_ratio": 0.269, "verification_dist": {"官方平台": 0.538, "普通用户": 0.269, "认证个人": 0.115, "认证机构": 0.051, "头部认证个人": 0.026}, "factors": ["well_sourced"]}', '2026-07-13 00:05:18', '2026-07-13 00:05:18');
INSERT INTO event_keywords (event_id, word, weight, rank) VALUES (32, '中国', 1.0, 0);
INSERT INTO event_keywords (event_id, word, weight, rank) VALUES (32, '导弹', 0.653, 1);
INSERT INTO event_keywords (event_id, word, weight, rank) VALUES (32, '战略', 0.652, 2);
INSERT INTO event_keywords (event_id, word, weight, rank) VALUES (32, '巨浪', 0.639, 3);
INSERT INTO event_keywords (event_id, word, weight, rank) VALUES (32, '发射', 0.618, 4);
INSERT INTO event_keywords (event_id, word, weight, rank) VALUES (32, '美国', 0.548, 5);
INSERT INTO event_keywords (event_id, word, weight, rank) VALUES (32, '试射', 0.275, 6);
INSERT INTO event_keywords (event_id, word, weight, rank) VALUES (32, '日本', 0.26, 7);
INSERT INTO event_platforms (event_id, platform_name, ratio, rank) VALUES (32, '新浪新闻', 0.462, 0);
INSERT INTO event_platforms (event_id, platform_name, ratio, rank) VALUES (32, '知乎', 0.269, 1);
INSERT INTO event_platforms (event_id, platform_name, ratio, rank) VALUES (32, '微博', 0.218, 2);
INSERT INTO event_platforms (event_id, platform_name, ratio, rank) VALUES (32, '澎湃新闻', 0.051, 3);
INSERT INTO event_trend_daily (event_id, date, count, is_predicted) VALUES (32, '2026-07-06', 5, 0);
INSERT INTO event_trend_daily (event_id, date, count, is_predicted) VALUES (32, '2026-07-07', 10, 0);
INSERT INTO event_trend_daily (event_id, date, count, is_predicted) VALUES (32, '2026-07-08', 5, 0);
INSERT INTO event_trend_daily (event_id, date, count, is_predicted) VALUES (32, '2026-07-09', 17, 0);
INSERT INTO event_trend_daily (event_id, date, count, is_predicted) VALUES (32, '2026-07-10', 32, 0);
INSERT INTO event_trend_daily (event_id, date, count, is_predicted) VALUES (32, '2026-07-11', 8, 0);
INSERT INTO event_trend_daily (event_id, date, count, is_predicted, predict_heat, predict_count) VALUES (32, '2026-07-12', 0, 1, 3.5, 3.5);
INSERT INTO event_trend_daily (event_id, date, count, is_predicted, predict_heat, predict_count) VALUES (32, '2026-07-13', 0, 1, 0.0, 0.0);
INSERT INTO event_trend_daily (event_id, date, count, is_predicted, predict_heat, predict_count) VALUES (32, '2026-07-14', 0, 1, 0.0, 0.0);

INSERT INTO events (event_id, title, heat, report_count, duplicate_count, time_start, time_end, event_time, risk_level, stage, confidence, prob_latent, prob_growth, prob_peak, prob_decline, analysis, positive, neutral, negative, sources, summary, location, cause, people, authenticity, created_at, updated_at) VALUES (33, '巨浪3击穿美岛链防御，近海便可覆盖美本土，美军反导体系还撑得住吗？', 15.977, 40, 13, '2026-07-10 17:00:01', '2026-07-11 22:06:45', '2026-07-10 12:00:00', 'mid_high', 'peak', 0.9, 0.0, 0.05, 0.9, 0.05, '当前事件报道量已接近峰值，关注度趋于稳定，处于高潮期。', 0.463, 0.316, 0.22, '["微博", "新浪新闻", "澎湃新闻", "知乎"]', '渤海一声闷响，巨浪升空🈳，熊猫🐼越来越自信了，不针对任何人，但针对的就是你……7月6日熊猫🐼进行战略核潜艇试射，官方通报显示发射地为平均水深不足百米的渤海内海，导弹飞行八千余公里，精准落入所罗门群岛以东南太平洋公海，落点与1980年东风五号试验海域基本重合。岛国斐济可能是最近得罪人了，但岛国蛰番怕是真要涅槃了，七七事变纪念日前一天，中国海军战略核潜艇，在渤海海域发射新型巨浪系列洲际潜射导弹，飞越八千余公里，精准落入南太平洋预定公海靶区。中美，这就是一个针尖对麦芒的相互战略威慑的过程，美国要在澳洲搭建新的核武威慑力量，中国就公开试射跨太平洋的巨浪导弹。', '中国、太平洋、日本', '巨浪3击穿美岛链防御，近海便可覆盖美本土，美军反导体系还撑得住吗。', '["陆基", "熊猫", "魏东旭"]', '{"credibility_score": 0.303, "official_ratio": 0.15, "verified_ratio": 0.425, "plain_user_ratio": 0.575, "verification_dist": {"普通用户": 0.575, "官方平台": 0.15, "认证个人": 0.15, "头部认证个人": 0.075, "认证机构": 0.05}, "factors": []}', '2026-07-13 00:05:18', '2026-07-13 00:05:18');
INSERT INTO event_keywords (event_id, word, weight, rank) VALUES (33, '中国', 1.0, 0);
INSERT INTO event_keywords (event_id, word, weight, rank) VALUES (33, '巨浪', 0.637, 1);
INSERT INTO event_keywords (event_id, word, weight, rank) VALUES (33, '导弹', 0.578, 2);
INSERT INTO event_keywords (event_id, word, weight, rank) VALUES (33, '美国', 0.398, 3);
INSERT INTO event_keywords (event_id, word, weight, rank) VALUES (33, '发射', 0.37, 4);
INSERT INTO event_keywords (event_id, word, weight, rank) VALUES (33, '就是', 0.352, 5);
INSERT INTO event_keywords (event_id, word, weight, rank) VALUES (33, '日本', 0.298, 6);
INSERT INTO event_keywords (event_id, word, weight, rank) VALUES (33, '战略', 0.278, 7);
INSERT INTO event_platforms (event_id, platform_name, ratio, rank) VALUES (33, '知乎', 0.625, 0);
INSERT INTO event_platforms (event_id, platform_name, ratio, rank) VALUES (33, '微博', 0.25, 1);
INSERT INTO event_platforms (event_id, platform_name, ratio, rank) VALUES (33, '新浪新闻', 0.1, 2);
INSERT INTO event_platforms (event_id, platform_name, ratio, rank) VALUES (33, '澎湃新闻', 0.025, 3);
INSERT INTO event_trend_daily (event_id, date, count, is_predicted) VALUES (33, '2026-07-10', 25, 0);
INSERT INTO event_trend_daily (event_id, date, count, is_predicted) VALUES (33, '2026-07-11', 15, 0);
INSERT INTO event_trend_daily (event_id, date, count, is_predicted, predict_heat, predict_count) VALUES (33, '2026-07-12', 0, 1, 5.0, 5.0);
INSERT INTO event_trend_daily (event_id, date, count, is_predicted, predict_heat, predict_count) VALUES (33, '2026-07-13', 0, 1, 0.0, 0.0);
INSERT INTO event_trend_daily (event_id, date, count, is_predicted, predict_heat, predict_count) VALUES (33, '2026-07-14', 0, 1, 0.0, 0.0);

INSERT INTO events (event_id, title, heat, report_count, duplicate_count, time_start, time_end, event_time, risk_level, stage, confidence, prob_latent, prob_growth, prob_peak, prob_decline, analysis, positive, neutral, negative, sources, summary, location, cause, people, authenticity, created_at, updated_at) VALUES (34, '坚持防御性核战略，巨浪3亮相', 13.323, 30, 6, '2026-07-10 10:33:35', '2026-07-11 22:06:49', '2026-07-10 12:00:00', 'mid', 'growth', 0.9, 0.05, 0.9, 0.05, 0.0, '当前事件报道数量持续增加，公众关注度快速提升，处于成长期。', 0.589, 0.25, 0.161, '["微博", "新浪新闻"]', '中国094核潜艇南太平洋试射巨浪3导弹。中国094核潜艇南太平洋试射巨浪3导弹 高调秀肌肉。疑似中国094核潜艇向南太平洋发射巨浪3，未来096+巨浪4还会更厉害。', '中国、南太平洋、日本', '坚持防御性核战略，巨浪3亮相。', '["毛宁", "陆基", "赵少康", "张延廷", "沈逸"]', '{"credibility_score": 0.41, "official_ratio": 0.1, "verified_ratio": 0.833, "plain_user_ratio": 0.167, "verification_dist": {"认证个人": 0.467, "普通用户": 0.167, "认证机构": 0.167, "官方平台": 0.1, "头部认证个人": 0.1}, "factors": []}', '2026-07-13 00:05:18', '2026-07-13 00:05:18');
INSERT INTO event_keywords (event_id, word, weight, rank) VALUES (34, '巨浪', 1.0, 0);
INSERT INTO event_keywords (event_id, word, weight, rank) VALUES (34, '中国', 0.993, 1);
INSERT INTO event_keywords (event_id, word, weight, rank) VALUES (34, 'http', 0.724, 2);
INSERT INTO event_keywords (event_id, word, weight, rank) VALUES (34, '外交部', 0.621, 3);
INSERT INTO event_keywords (event_id, word, weight, rank) VALUES (34, '太平洋', 0.617, 4);
INSERT INTO event_keywords (event_id, word, weight, rank) VALUES (34, '南太平洋', 0.586, 5);
INSERT INTO event_keywords (event_id, word, weight, rank) VALUES (34, '心态', 0.583, 6);
INSERT INTO event_keywords (event_id, word, weight, rank) VALUES (34, '最新', 0.583, 7);
INSERT INTO event_platforms (event_id, platform_name, ratio, rank) VALUES (34, '微博', 0.933, 0);
INSERT INTO event_platforms (event_id, platform_name, ratio, rank) VALUES (34, '新浪新闻', 0.067, 1);
INSERT INTO event_trend_daily (event_id, date, count, is_predicted) VALUES (34, '2026-07-10', 15, 0);
INSERT INTO event_trend_daily (event_id, date, count, is_predicted) VALUES (34, '2026-07-11', 15, 0);
INSERT INTO event_trend_daily (event_id, date, count, is_predicted, predict_heat, predict_count) VALUES (34, '2026-07-12', 0, 1, 15.0, 15.0);
INSERT INTO event_trend_daily (event_id, date, count, is_predicted, predict_heat, predict_count) VALUES (34, '2026-07-13', 0, 1, 15.0, 15.0);
INSERT INTO event_trend_daily (event_id, date, count, is_predicted, predict_heat, predict_count) VALUES (34, '2026-07-14', 0, 1, 15.0, 15.0);

INSERT INTO events (event_id, title, heat, report_count, duplicate_count, time_start, time_end, event_time, risk_level, stage, confidence, prob_latent, prob_growth, prob_peak, prob_decline, analysis, positive, neutral, negative, sources, summary, location, cause, people, authenticity, created_at, updated_at) VALUES (35, '介文汲谈七七前夕试射导弹，中国人从未忘记历史', 6.171, 17, 2, '2026-07-09 10:14:41', '2026-07-11 22:04:03', '2026-07-10 12:00:00', 'mid', 'peak', 0.9, 0.0, 0.05, 0.9, 0.05, '当前事件报道量已接近峰值，关注度趋于稳定，处于高潮期。', 0.342, 0.404, 0.254, '["微博", "新浪新闻"]', '台媒台湾防务部门称巨浪导弹飞经菲律宾遭专家质疑。台媒：中国巨浪3导弹一发入魂，日本跳脚抗议 #一分钟精选视频扶持计划##热点解读##日本# http。台媒：中国巨浪3导弹一发入魂，日本跳脚抗议 #一分钟精选视频扶持计划##热点解读##日本# http://t.cn/AXoDh6UX。', '中国、日本、美国', '介文汲谈七七前夕试射导弹，中国人从未忘记历史。', '["赵骚康"]', '{"credibility_score": 0.456, "official_ratio": 0.176, "verified_ratio": 1.0, "plain_user_ratio": 0.0, "verification_dist": {"认证个人": 0.588, "头部认证个人": 0.235, "官方平台": 0.176}, "factors": []}', '2026-07-13 00:05:18', '2026-07-13 00:05:18');
INSERT INTO event_keywords (event_id, word, weight, rank) VALUES (35, 'doge', 1.0, 0);
INSERT INTO event_keywords (event_id, word, weight, rank) VALUES (35, '中国', 0.952, 1);
INSERT INTO event_keywords (event_id, word, weight, rank) VALUES (35, '日本', 0.951, 2);
INSERT INTO event_keywords (event_id, word, weight, rank) VALUES (35, '全球', 0.914, 3);
INSERT INTO event_keywords (event_id, word, weight, rank) VALUES (35, '抗议', 0.873, 4);
INSERT INTO event_keywords (event_id, word, weight, rank) VALUES (35, '质疑', 0.783, 5);
INSERT INTO event_keywords (event_id, word, weight, rank) VALUES (35, '台媒', 0.728, 6);
INSERT INTO event_keywords (event_id, word, weight, rank) VALUES (35, '菲律宾', 0.728, 7);
INSERT INTO event_platforms (event_id, platform_name, ratio, rank) VALUES (35, '微博', 0.824, 0);
INSERT INTO event_platforms (event_id, platform_name, ratio, rank) VALUES (35, '新浪新闻', 0.176, 1);
INSERT INTO event_trend_daily (event_id, date, count, is_predicted) VALUES (35, '2026-07-09', 2, 0);
INSERT INTO event_trend_daily (event_id, date, count, is_predicted) VALUES (35, '2026-07-10', 10, 0);
INSERT INTO event_trend_daily (event_id, date, count, is_predicted) VALUES (35, '2026-07-11', 5, 0);
INSERT INTO event_trend_daily (event_id, date, count, is_predicted, predict_heat, predict_count) VALUES (35, '2026-07-12', 0, 1, 6.5, 6.5);
INSERT INTO event_trend_daily (event_id, date, count, is_predicted, predict_heat, predict_count) VALUES (35, '2026-07-13', 0, 1, 8.0, 8.0);
INSERT INTO event_trend_daily (event_id, date, count, is_predicted, predict_heat, predict_count) VALUES (35, '2026-07-14', 0, 1, 9.5, 9.5);

-- cc_backdoor.json: 1/1 clusters (heat >= 5.0)
INSERT INTO events (event_id, title, heat, report_count, duplicate_count, time_start, time_end, event_time, risk_level, stage, confidence, prob_latent, prob_growth, prob_peak, prob_decline, analysis, positive, neutral, negative, sources, summary, location, cause, people, authenticity, created_at, updated_at) VALUES (36, '发布了头条文章：《睡前消息【2026-7-8】工信部：Claude Code有后门》 #睡前消息#', 25.054, 55, 9, '2026-07-10 21:00:11', '2026-07-11 23:05:24', '2026-07-11 12:00:00', 'mid_high', 'growth', 0.9, 0.05, 0.9, 0.05, 0.0, '当前事件报道数量持续增加，公众关注度快速提升，处于成长期。', 0.603, 0.353, 0.044, '["微博", "澎湃新闻", "知乎"]', '【#ClaudeCode安全风险提示#】Claude Code因内置隐蔽的中国用户识别与数据回传后门，已被工业和信息化部公开点名安全风险，影响版本2.1.91至2.1.196，并直接引发阿里巴巴等企业全面禁用。#工信部提示ClaudeCode风险# 【#工信部发布风险提示#：Claude Code 存在安全后门，可能泄露用户敏感信息】7 月 8 日消息，工业和信息化部网络安全威胁和漏洞信息共享平台（NVDB）今日发布了一则风险提示，指出 AI 编程工具 Claude Code 存在安全后门隐患。这次管控不是企业自主规定，是工信部此前点名Claude代码工具存在数据后门，会偷偷收集国内用户信息，存在严重信息安全隐患。', '美国、中国、美伊', '发布了头条文章：《睡前消息【2026-7-8】工信部：Claude Code有后门》 #睡前消息#。', '["阿里", "阿里巴巴", "白银"]', '{"credibility_score": 0.387, "official_ratio": 0.036, "verified_ratio": 0.673, "plain_user_ratio": 0.327, "verification_dist": {"普通用户": 0.327, "认证机构": 0.255, "认证个人": 0.236, "头部认证个人": 0.145, "官方平台": 0.036}, "factors": ["official_absent"]}', '2026-07-13 00:05:19', '2026-07-13 00:05:19');
INSERT INTO event_keywords (event_id, word, weight, rank) VALUES (36, '企业', 1.0, 0);
INSERT INTO event_keywords (event_id, word, weight, rank) VALUES (36, 'Claude', 0.861, 1);
INSERT INTO event_keywords (event_id, word, weight, rank) VALUES (36, 'Code', 0.727, 2);
INSERT INTO event_keywords (event_id, word, weight, rank) VALUES (36, 'ClaudeCode', 0.703, 3);
INSERT INTO event_keywords (event_id, word, weight, rank) VALUES (36, '工具', 0.665, 4);
INSERT INTO event_keywords (event_id, word, weight, rank) VALUES (36, '用户', 0.653, 5);
INSERT INTO event_keywords (event_id, word, weight, rank) VALUES (36, '不是', 0.652, 6);
INSERT INTO event_keywords (event_id, word, weight, rank) VALUES (36, '代码', 0.619, 7);
INSERT INTO event_platforms (event_id, platform_name, ratio, rank) VALUES (36, '微博', 0.836, 0);
INSERT INTO event_platforms (event_id, platform_name, ratio, rank) VALUES (36, '知乎', 0.145, 1);
INSERT INTO event_platforms (event_id, platform_name, ratio, rank) VALUES (36, '澎湃新闻', 0.018, 2);
INSERT INTO event_trend_daily (event_id, date, count, is_predicted) VALUES (36, '2026-07-10', 27, 0);
INSERT INTO event_trend_daily (event_id, date, count, is_predicted) VALUES (36, '2026-07-11', 28, 0);
INSERT INTO event_trend_daily (event_id, date, count, is_predicted, predict_heat, predict_count) VALUES (36, '2026-07-12', 0, 1, 29.0, 29.0);
INSERT INTO event_trend_daily (event_id, date, count, is_predicted, predict_heat, predict_count) VALUES (36, '2026-07-13', 0, 1, 30.0, 30.0);
INSERT INTO event_trend_daily (event_id, date, count, is_predicted, predict_heat, predict_count) VALUES (36, '2026-07-14', 0, 1, 31.0, 31.0);
