-- Trendsight seed data — generated by scripts/export_to_sql.py
-- Generated at: 2026-07-11T08:35:49.008519
SET NAMES utf8mb4;

-- guangxi_auto.json: 8/21 clusters (heat >= 5.0)
INSERT INTO events (event_id, title, heat, report_count, duplicate_count, time_start, time_end, event_time, risk_level, stage, confidence, prob_latent, prob_growth, prob_peak, prob_decline, analysis, positive, neutral, negative, sources, created_at, updated_at) VALUES (1, '广西横州六蓝水库[话题]#', 25.529, 67, 0, '2026-07-07 08:52:55', '2026-07-09 21:00:36', '2026-07-09 12:00:00', 'mid_high', 'growth', 0.9, 0.05, 0.9, 0.05, 0.0, '当前事件报道数量持续增加，公众关注度快速提升，处于成长期。', 0.439, 0.335, 0.225, '["微博", "新浪新闻"]', '2026-07-11 08:35:49', '2026-07-11 08:35:49');
INSERT INTO event_keywords (event_id, word, weight, rank) VALUES (1, '水库', 1.0, 0);
INSERT INTO event_keywords (event_id, word, weight, rank) VALUES (1, '广西', 0.829, 1);
INSERT INTO event_keywords (event_id, word, weight, rank) VALUES (1, '险情', 0.625, 2);
INSERT INTO event_keywords (event_id, word, weight, rank) VALUES (1, '洪水', 0.609, 3);
INSERT INTO event_keywords (event_id, word, weight, rank) VALUES (1, '六蓝', 0.583, 4);
INSERT INTO event_keywords (event_id, word, weight, rank) VALUES (1, '退去', 0.44, 5);
INSERT INTO event_keywords (event_id, word, weight, rank) VALUES (1, '洪灾', 0.431, 6);
INSERT INTO event_keywords (event_id, word, weight, rank) VALUES (1, '溃坝', 0.421, 7);
INSERT INTO event_platforms (event_id, platform_name, ratio, rank) VALUES (1, '新浪新闻', 0.761, 0);
INSERT INTO event_platforms (event_id, platform_name, ratio, rank) VALUES (1, '微博', 0.239, 1);
INSERT INTO event_trend_daily (event_id, date, count, is_predicted) VALUES (1, '2026-07-07', 8, 0);
INSERT INTO event_trend_daily (event_id, date, count, is_predicted) VALUES (1, '2026-07-08', 28, 0);
INSERT INTO event_trend_daily (event_id, date, count, is_predicted) VALUES (1, '2026-07-09', 31, 0);
INSERT INTO event_trend_daily (event_id, date, count, is_predicted, predict_heat, predict_count) VALUES (1, '2026-07-10', 0, 1, 42.5, 42.5);
INSERT INTO event_trend_daily (event_id, date, count, is_predicted, predict_heat, predict_count) VALUES (1, '2026-07-11', 0, 1, 54.0, 54.0);
INSERT INTO event_trend_daily (event_id, date, count, is_predicted, predict_heat, predict_count) VALUES (1, '2026-07-12', 0, 1, 65.5, 65.5);

INSERT INTO events (event_id, title, heat, report_count, duplicate_count, time_start, time_end, event_time, risk_level, stage, confidence, prob_latent, prob_growth, prob_peak, prob_decline, analysis, positive, neutral, negative, sources, created_at, updated_at) VALUES (2, '广西蛇场辟谣称养殖蛇无毒温顺', 13.932, 28, 0, '2026-07-07 13:40:47', '2026-07-09 20:53:17', '2026-07-09 12:00:00', 'mid_high', 'growth', 0.9, 0.05, 0.9, 0.05, 0.0, '当前事件报道数量持续增加，公众关注度快速提升，处于成长期。', 0.286, 0.4, 0.314, '["微博", "新浪新闻"]', '2026-07-11 08:35:49', '2026-07-11 08:35:49');
INSERT INTO event_keywords (event_id, word, weight, rank) VALUES (2, '蛇毒', 1.0, 0);
INSERT INTO event_keywords (event_id, word, weight, rank) VALUES (2, '血清', 0.872, 1);
INSERT INTO event_keywords (event_id, word, weight, rank) VALUES (2, '水库', 0.802, 2);
INSERT INTO event_keywords (event_id, word, weight, rank) VALUES (2, '谣言', 0.701, 3);
INSERT INTO event_keywords (event_id, word, weight, rank) VALUES (2, '真相', 0.654, 4);
INSERT INTO event_keywords (event_id, word, weight, rank) VALUES (2, '辟谣', 0.647, 5);
INSERT INTO event_keywords (event_id, word, weight, rank) VALUES (2, '贵港', 0.535, 6);
INSERT INTO event_keywords (event_id, word, weight, rank) VALUES (2, '尸体', 0.503, 7);
INSERT INTO event_platforms (event_id, platform_name, ratio, rank) VALUES (2, '微博', 0.607, 0);
INSERT INTO event_platforms (event_id, platform_name, ratio, rank) VALUES (2, '新浪新闻', 0.393, 1);
INSERT INTO event_trend_daily (event_id, date, count, is_predicted) VALUES (2, '2026-07-07', 1, 0);
INSERT INTO event_trend_daily (event_id, date, count, is_predicted) VALUES (2, '2026-07-08', 6, 0);
INSERT INTO event_trend_daily (event_id, date, count, is_predicted) VALUES (2, '2026-07-09', 21, 0);
INSERT INTO event_trend_daily (event_id, date, count, is_predicted, predict_heat, predict_count) VALUES (2, '2026-07-10', 0, 1, 31.0, 31.0);
INSERT INTO event_trend_daily (event_id, date, count, is_predicted, predict_heat, predict_count) VALUES (2, '2026-07-11', 0, 1, 41.0, 41.0);
INSERT INTO event_trend_daily (event_id, date, count, is_predicted, predict_heat, predict_count) VALUES (2, '2026-07-12', 0, 1, 51.0, 51.0);

INSERT INTO events (event_id, title, heat, report_count, duplicate_count, time_start, time_end, event_time, risk_level, stage, confidence, prob_latent, prob_growth, prob_peak, prob_decline, analysis, positive, neutral, negative, sources, created_at, updated_at) VALUES (3, '两层自建房瞬间被冲垮，广西横州市六蓝村村民含泪回忆', 9.596, 19, 0, '2026-07-09 10:21:12', '2026-07-09 21:01:00', '2026-07-09 12:00:00', 'mid', 'decline', 0.7, 0.0, 0.0, 0.3, 0.7, '当前事件报道数量持续下降，公众关注度减弱，处于衰退期。', 0.545, 0.091, 0.364, '["微博", "新浪新闻"]', '2026-07-11 08:35:49', '2026-07-11 08:35:49');
INSERT INTO event_keywords (event_id, word, weight, rank) VALUES (3, '洪水', 1.0, 0);
INSERT INTO event_keywords (event_id, word, weight, rank) VALUES (3, '横州', 0.655, 1);
INSERT INTO event_keywords (event_id, word, weight, rank) VALUES (3, '养殖户', 0.534, 2);
INSERT INTO event_keywords (event_id, word, weight, rank) VALUES (3, '茉莉', 0.473, 3);
INSERT INTO event_keywords (event_id, word, weight, rank) VALUES (3, '积水', 0.406, 4);
INSERT INTO event_keywords (event_id, word, weight, rank) VALUES (3, '村民', 0.405, 5);
INSERT INTO event_keywords (event_id, word, weight, rank) VALUES (3, '广西', 0.389, 6);
INSERT INTO event_keywords (event_id, word, weight, rank) VALUES (3, '致蛇', 0.327, 7);
INSERT INTO event_platforms (event_id, platform_name, ratio, rank) VALUES (3, '新浪新闻', 0.842, 0);
INSERT INTO event_platforms (event_id, platform_name, ratio, rank) VALUES (3, '微博', 0.158, 1);
INSERT INTO event_trend_daily (event_id, date, count, is_predicted) VALUES (3, '2026-07-09', 19, 0);
INSERT INTO event_trend_daily (event_id, date, count, is_predicted, predict_heat, predict_count) VALUES (3, '2026-07-10', 0, 1, 19.0, 19.0);
INSERT INTO event_trend_daily (event_id, date, count, is_predicted, predict_heat, predict_count) VALUES (3, '2026-07-11', 0, 1, 19.0, 19.0);
INSERT INTO event_trend_daily (event_id, date, count, is_predicted, predict_heat, predict_count) VALUES (3, '2026-07-12', 0, 1, 19.0, 19.0);

INSERT INTO events (event_id, title, heat, report_count, duplicate_count, time_start, time_end, event_time, risk_level, stage, confidence, prob_latent, prob_growth, prob_peak, prob_decline, analysis, positive, neutral, negative, sources, created_at, updated_at) VALUES (4, '广西小伙冒暴雨游4小时回村救父母', 9.516, 24, 0, '2026-07-08 09:18:24', '2026-07-09 21:00:19', '2026-07-09 12:00:00', 'mid', 'decline', 0.9, 0.0, 0.0, 0.1, 0.9, '当前事件报道数量持续下降，公众关注度减弱，处于衰退期。', 0.641, 0.333, 0.026, '["微博", "新浪新闻"]', '2026-07-11 08:35:49', '2026-07-11 08:35:49');
INSERT INTO event_keywords (event_id, word, weight, rank) VALUES (4, '救援', 1.0, 0);
INSERT INTO event_keywords (event_id, word, weight, rank) VALUES (4, '冲走', 0.993, 1);
INSERT INTO event_keywords (event_id, word, weight, rank) VALUES (4, '贵港', 0.916, 2);
INSERT INTO event_keywords (event_id, word, weight, rank) VALUES (4, '人员', 0.814, 3);
INSERT INTO event_keywords (event_id, word, weight, rank) VALUES (4, '孩子', 0.652, 4);
INSERT INTO event_keywords (event_id, word, weight, rank) VALUES (4, '小时', 0.643, 5);
INSERT INTO event_keywords (event_id, word, weight, rank) VALUES (4, '小伙', 0.634, 6);
INSERT INTO event_keywords (event_id, word, weight, rank) VALUES (4, '暴雨', 0.59, 7);
INSERT INTO event_platforms (event_id, platform_name, ratio, rank) VALUES (4, '新浪新闻', 0.958, 0);
INSERT INTO event_platforms (event_id, platform_name, ratio, rank) VALUES (4, '微博', 0.042, 1);
INSERT INTO event_trend_daily (event_id, date, count, is_predicted) VALUES (4, '2026-07-08', 9, 0);
INSERT INTO event_trend_daily (event_id, date, count, is_predicted) VALUES (4, '2026-07-09', 15, 0);
INSERT INTO event_trend_daily (event_id, date, count, is_predicted, predict_heat, predict_count) VALUES (4, '2026-07-10', 0, 1, 21.0, 21.0);
INSERT INTO event_trend_daily (event_id, date, count, is_predicted, predict_heat, predict_count) VALUES (4, '2026-07-11', 0, 1, 27.0, 27.0);
INSERT INTO event_trend_daily (event_id, date, count, is_predicted, predict_heat, predict_count) VALUES (4, '2026-07-12', 0, 1, 33.0, 33.0);

INSERT INTO events (event_id, title, heat, report_count, duplicate_count, time_start, time_end, event_time, risk_level, stage, confidence, prob_latent, prob_growth, prob_peak, prob_decline, analysis, positive, neutral, negative, sources, created_at, updated_at) VALUES (5, '子弟兵驰援广西贵港抗洪', 9.437, 19, 0, '2026-07-09 06:34:28', '2026-07-09 21:00:36', '2026-07-09 12:00:00', 'mid', 'decline', 0.8, 0.0, 0.0, 0.2, 0.8, '当前事件报道数量持续下降，公众关注度减弱，处于衰退期。', 0.725, 0.2, 0.075, '["微博", "新浪新闻"]', '2026-07-11 08:35:49', '2026-07-11 08:35:49');
INSERT INTO event_keywords (event_id, word, weight, rank) VALUES (5, '广西', 1.0, 0);
INSERT INTO event_keywords (event_id, word, weight, rank) VALUES (5, '子弟兵', 0.529, 1);
INSERT INTO event_keywords (event_id, word, weight, rank) VALUES (5, '洪水', 0.423, 2);
INSERT INTO event_keywords (event_id, word, weight, rank) VALUES (5, '贵港', 0.383, 3);
INSERT INTO event_keywords (event_id, word, weight, rank) VALUES (5, '驰援', 0.361, 4);
INSERT INTO event_keywords (event_id, word, weight, rank) VALUES (5, '加油', 0.355, 5);
INSERT INTO event_keywords (event_id, word, weight, rank) VALUES (5, '暴雨', 0.255, 6);
INSERT INTO event_keywords (event_id, word, weight, rank) VALUES (5, '奔赴', 0.255, 7);
INSERT INTO event_platforms (event_id, platform_name, ratio, rank) VALUES (5, '新浪新闻', 0.842, 0);
INSERT INTO event_platforms (event_id, platform_name, ratio, rank) VALUES (5, '微博', 0.158, 1);
INSERT INTO event_trend_daily (event_id, date, count, is_predicted) VALUES (5, '2026-07-09', 19, 0);
INSERT INTO event_trend_daily (event_id, date, count, is_predicted, predict_heat, predict_count) VALUES (5, '2026-07-10', 0, 1, 19.0, 19.0);
INSERT INTO event_trend_daily (event_id, date, count, is_predicted, predict_heat, predict_count) VALUES (5, '2026-07-11', 0, 1, 19.0, 19.0);
INSERT INTO event_trend_daily (event_id, date, count, is_predicted, predict_heat, predict_count) VALUES (5, '2026-07-12', 0, 1, 19.0, 19.0);

INSERT INTO events (event_id, title, heat, report_count, duplicate_count, time_start, time_end, event_time, risk_level, stage, confidence, prob_latent, prob_growth, prob_peak, prob_decline, analysis, positive, neutral, negative, sources, created_at, updated_at) VALUES (6, '重型无人机参与广西洪涝救援', 8.27, 17, 0, '2026-07-08 22:52:25', '2026-07-09 21:00:30', '2026-07-09 12:00:00', 'mid', 'peak', 0.9, 0.0, 0.05, 0.9, 0.05, '当前事件报道量已接近峰值，关注度趋于稳定，处于高潮期。', 0.417, 0.25, 0.333, '["微博", "新浪新闻"]', '2026-07-11 08:35:49', '2026-07-11 08:35:49');
INSERT INTO event_keywords (event_id, word, weight, rank) VALUES (6, '无人机', 1.0, 0);
INSERT INTO event_keywords (event_id, word, weight, rank) VALUES (6, '航母', 0.672, 1);
INSERT INTO event_keywords (event_id, word, weight, rank) VALUES (6, '救援', 0.57, 2);
INSERT INTO event_keywords (event_id, word, weight, rank) VALUES (6, '安置', 0.507, 3);
INSERT INTO event_keywords (event_id, word, weight, rank) VALUES (6, '横州', 0.497, 4);
INSERT INTO event_keywords (event_id, word, weight, rank) VALUES (6, '民众', 0.471, 5);
INSERT INTO event_keywords (event_id, word, weight, rank) VALUES (6, '群众', 0.353, 6);
INSERT INTO event_keywords (event_id, word, weight, rank) VALUES (6, '校椅', 0.353, 7);
INSERT INTO event_platforms (event_id, platform_name, ratio, rank) VALUES (6, '新浪新闻', 0.824, 0);
INSERT INTO event_platforms (event_id, platform_name, ratio, rank) VALUES (6, '微博', 0.176, 1);
INSERT INTO event_trend_daily (event_id, date, count, is_predicted) VALUES (6, '2026-07-08', 1, 0);
INSERT INTO event_trend_daily (event_id, date, count, is_predicted) VALUES (6, '2026-07-09', 16, 0);
INSERT INTO event_trend_daily (event_id, date, count, is_predicted, predict_heat, predict_count) VALUES (6, '2026-07-10', 0, 1, 31.0, 31.0);
INSERT INTO event_trend_daily (event_id, date, count, is_predicted, predict_heat, predict_count) VALUES (6, '2026-07-11', 0, 1, 46.0, 46.0);
INSERT INTO event_trend_daily (event_id, date, count, is_predicted, predict_heat, predict_count) VALUES (6, '2026-07-12', 0, 1, 61.0, 61.0);

INSERT INTO events (event_id, title, heat, report_count, duplicate_count, time_start, time_end, event_time, risk_level, stage, confidence, prob_latent, prob_growth, prob_peak, prob_decline, analysis, positive, neutral, negative, sources, created_at, updated_at) VALUES (7, '广东广西部分地区仍有大到暴雨 局地特大暴雨', 7.291, 15, 0, '2026-07-08 09:52:24', '2026-07-09 21:00:51', '2026-07-09 12:00:00', 'mid', 'growth', 0.9, 0.05, 0.9, 0.05, 0.0, '当前事件报道数量持续增加，公众关注度快速提升，处于成长期。', 0.338, 0.631, 0.031, '["微博", "新浪新闻"]', '2026-07-11 08:35:49', '2026-07-11 08:35:49');
INSERT INTO event_keywords (event_id, word, weight, rank) VALUES (7, '广西', 1.0, 0);
INSERT INTO event_keywords (event_id, word, weight, rank) VALUES (7, '洪水', 0.759, 1);
INSERT INTO event_keywords (event_id, word, weight, rank) VALUES (7, '局地', 0.44, 2);
INSERT INTO event_keywords (event_id, word, weight, rank) VALUES (7, '大暴雨', 0.408, 3);
INSERT INTO event_keywords (event_id, word, weight, rank) VALUES (7, '西江', 0.396, 4);
INSERT INTO event_keywords (event_id, word, weight, rank) VALUES (7, '大到暴雨', 0.354, 5);
INSERT INTO event_keywords (event_id, word, weight, rank) VALUES (7, '广东', 0.35, 6);
INSERT INTO event_keywords (event_id, word, weight, rank) VALUES (7, '一边', 0.342, 7);
INSERT INTO event_platforms (event_id, platform_name, ratio, rank) VALUES (7, '新浪新闻', 0.533, 0);
INSERT INTO event_platforms (event_id, platform_name, ratio, rank) VALUES (7, '微博', 0.467, 1);
INSERT INTO event_trend_daily (event_id, date, count, is_predicted) VALUES (7, '2026-07-08', 3, 0);
INSERT INTO event_trend_daily (event_id, date, count, is_predicted) VALUES (7, '2026-07-09', 12, 0);
INSERT INTO event_trend_daily (event_id, date, count, is_predicted, predict_heat, predict_count) VALUES (7, '2026-07-10', 0, 1, 21.0, 21.0);
INSERT INTO event_trend_daily (event_id, date, count, is_predicted, predict_heat, predict_count) VALUES (7, '2026-07-11', 0, 1, 30.0, 30.0);
INSERT INTO event_trend_daily (event_id, date, count, is_predicted, predict_heat, predict_count) VALUES (7, '2026-07-12', 0, 1, 39.0, 39.0);

INSERT INTO events (event_id, title, heat, report_count, duplicate_count, time_start, time_end, event_time, risk_level, stage, confidence, prob_latent, prob_growth, prob_peak, prob_decline, analysis, positive, neutral, negative, sources, created_at, updated_at) VALUES (8, '多位主播向广西捐款', 5.851, 11, 0, '2026-07-09 01:15:41', '2026-07-09 21:00:34', '2026-07-09 12:00:00', 'mid', 'growth', 0.9, 0.05, 0.9, 0.05, 0.0, '当前事件报道数量持续增加，公众关注度快速提升，处于成长期。', 0.857, 0.143, 0.0, '["微博", "新浪新闻"]', '2026-07-11 08:35:49', '2026-07-11 08:35:49');
INSERT INTO event_keywords (event_id, word, weight, rank) VALUES (8, '广西', 1.0, 0);
INSERT INTO event_keywords (event_id, word, weight, rank) VALUES (8, '甜玉米', 0.355, 1);
INSERT INTO event_keywords (event_id, word, weight, rank) VALUES (8, '粉丝', 0.26, 2);
INSERT INTO event_keywords (event_id, word, weight, rank) VALUES (8, '都灵', 0.254, 3);
INSERT INTO event_keywords (event_id, word, weight, rank) VALUES (8, '驰援', 0.252, 4);
INSERT INTO event_keywords (event_id, word, weight, rank) VALUES (8, '横州', 0.217, 5);
INSERT INTO event_keywords (event_id, word, weight, rank) VALUES (8, '张雪', 0.203, 6);
INSERT INTO event_keywords (event_id, word, weight, rank) VALUES (8, '时代', 0.203, 7);
INSERT INTO event_platforms (event_id, platform_name, ratio, rank) VALUES (8, '微博', 0.545, 0);
INSERT INTO event_platforms (event_id, platform_name, ratio, rank) VALUES (8, '新浪新闻', 0.455, 1);
INSERT INTO event_trend_daily (event_id, date, count, is_predicted) VALUES (8, '2026-07-09', 11, 0);
INSERT INTO event_trend_daily (event_id, date, count, is_predicted, predict_heat, predict_count) VALUES (8, '2026-07-10', 0, 1, 11.0, 11.0);
INSERT INTO event_trend_daily (event_id, date, count, is_predicted, predict_heat, predict_count) VALUES (8, '2026-07-11', 0, 1, 11.0, 11.0);
INSERT INTO event_trend_daily (event_id, date, count, is_predicted, predict_heat, predict_count) VALUES (8, '2026-07-12', 0, 1, 11.0, 11.0);

-- wc_auto.json: 6/27 clusters (heat >= 5.0)
INSERT INTO events (event_id, title, heat, report_count, duplicate_count, time_start, time_end, event_time, risk_level, stage, confidence, prob_latent, prob_growth, prob_peak, prob_decline, analysis, positive, neutral, negative, sources, created_at, updated_at) VALUES (9, '阿根廷vs埃及争议判罚，裁判未及时吹犯规引质疑', 43.75, 125, 0, '2026-07-08 01:35:12', '2026-07-09 18:55:06', '2026-07-08 12:00:00', 'high', 'peak', 0.9, 0.0, 0.05, 0.9, 0.05, '当前事件报道量已接近峰值，关注度趋于稳定，处于高潮期。', 0.458, 0.292, 0.25, '["微博", "新浪新闻"]', '2026-07-11 08:35:49', '2026-07-11 08:35:49');
INSERT INTO event_keywords (event_id, word, weight, rank) VALUES (9, '埃及', 1.0, 0);
INSERT INTO event_keywords (event_id, word, weight, rank) VALUES (9, '裁判', 0.539, 1);
INSERT INTO event_keywords (event_id, word, weight, rank) VALUES (9, '比赛', 0.501, 2);
INSERT INTO event_keywords (event_id, word, weight, rank) VALUES (9, '阿根廷', 0.488, 3);
INSERT INTO event_keywords (event_id, word, weight, rank) VALUES (9, '足协', 0.436, 4);
INSERT INTO event_keywords (event_id, word, weight, rank) VALUES (9, '申诉', 0.278, 5);
INSERT INTO event_keywords (event_id, word, weight, rank) VALUES (9, '阿根廷队', 0.249, 6);
INSERT INTO event_keywords (event_id, word, weight, rank) VALUES (9, '判罚', 0.219, 7);
INSERT INTO event_platforms (event_id, platform_name, ratio, rank) VALUES (9, '新浪新闻', 0.816, 0);
INSERT INTO event_platforms (event_id, platform_name, ratio, rank) VALUES (9, '微博', 0.184, 1);
INSERT INTO event_trend_daily (event_id, date, count, is_predicted) VALUES (9, '2026-07-08', 74, 0);
INSERT INTO event_trend_daily (event_id, date, count, is_predicted) VALUES (9, '2026-07-09', 51, 0);
INSERT INTO event_trend_daily (event_id, date, count, is_predicted, predict_heat, predict_count) VALUES (9, '2026-07-10', 0, 1, 28.0, 28.0);
INSERT INTO event_trend_daily (event_id, date, count, is_predicted, predict_heat, predict_count) VALUES (9, '2026-07-11', 0, 1, 5.0, 5.0);
INSERT INTO event_trend_daily (event_id, date, count, is_predicted, predict_heat, predict_count) VALUES (9, '2026-07-12', 0, 1, 0.0, 0.0);

INSERT INTO events (event_id, title, heat, report_count, duplicate_count, time_start, time_end, event_time, risk_level, stage, confidence, prob_latent, prob_growth, prob_peak, prob_decline, analysis, positive, neutral, negative, sources, created_at, updated_at) VALUES (10, '亚马尔称最想认识詹姆斯，若进决赛愿踢阿根廷', 17.632, 31, 0, '2026-07-09 17:59:12', '2026-07-09 18:56:43', '2026-07-09 12:00:00', 'mid_high', 'peak', 0.6, 0.0, 0.2, 0.6, 0.2, '当前事件报道量已接近峰值，关注度趋于稳定，处于高潮期。', 0.593, 0.333, 0.074, '["微博", "新浪新闻"]', '2026-07-11 08:35:49', '2026-07-11 08:35:49');
INSERT INTO event_keywords (event_id, word, weight, rank) VALUES (10, '阿根廷', 1.0, 0);
INSERT INTO event_keywords (event_id, word, weight, rank) VALUES (10, '判罚', 0.945, 1);
INSERT INTO event_keywords (event_id, word, weight, rank) VALUES (10, '世界杯', 0.78, 2);
INSERT INTO event_keywords (event_id, word, weight, rank) VALUES (10, '绝杀', 0.546, 3);
INSERT INTO event_keywords (event_id, word, weight, rank) VALUES (10, '认定', 0.539, 4);
INSERT INTO event_keywords (event_id, word, weight, rank) VALUES (10, '国际足联', 0.471, 5);
INSERT INTO event_keywords (event_id, word, weight, rank) VALUES (10, '解读', 0.459, 6);
INSERT INTO event_keywords (event_id, word, weight, rank) VALUES (10, '埃及', 0.415, 7);
INSERT INTO event_platforms (event_id, platform_name, ratio, rank) VALUES (10, '微博', 0.871, 0);
INSERT INTO event_platforms (event_id, platform_name, ratio, rank) VALUES (10, '新浪新闻', 0.129, 1);
INSERT INTO event_trend_daily (event_id, date, count, is_predicted) VALUES (10, '2026-07-09', 31, 0);
INSERT INTO event_trend_daily (event_id, date, count, is_predicted, predict_heat, predict_count) VALUES (10, '2026-07-10', 0, 1, 31.0, 31.0);
INSERT INTO event_trend_daily (event_id, date, count, is_predicted, predict_heat, predict_count) VALUES (10, '2026-07-11', 0, 1, 31.0, 31.0);
INSERT INTO event_trend_daily (event_id, date, count, is_predicted, predict_heat, predict_count) VALUES (10, '2026-07-12', 0, 1, 31.0, 31.0);

INSERT INTO events (event_id, title, heat, report_count, duplicate_count, time_start, time_end, event_time, risk_level, stage, confidence, prob_latent, prob_growth, prob_peak, prob_decline, analysis, positive, neutral, negative, sources, created_at, updated_at) VALUES (11, '🐐🇦🇷 一旦披上这件战袍，享受就变成了玩命。 世界冠军？那只是过去式。 #阿根廷3比2埃及##20', 6.848, 12, 0, '2026-07-09 18:49:18', '2026-07-09 18:56:47', '2026-07-09 12:00:00', 'mid', 'peak', 0.6, 0.0, 0.2, 0.6, 0.2, '当前事件报道量已接近峰值，关注度趋于稳定，处于高潮期。', 0.5, 0.143, 0.357, '["微博"]', '2026-07-11 08:35:49', '2026-07-11 08:35:49');
INSERT INTO event_keywords (event_id, word, weight, rank) VALUES (11, '二哈', 1.0, 0);
INSERT INTO event_keywords (event_id, word, weight, rank) VALUES (11, '埃及', 0.94, 1);
INSERT INTO event_keywords (event_id, word, weight, rank) VALUES (11, '一届', 0.667, 2);
INSERT INTO event_keywords (event_id, word, weight, rank) VALUES (11, '不了', 0.667, 3);
INSERT INTO event_keywords (event_id, word, weight, rank) VALUES (11, '动作', 0.61, 4);
INSERT INTO event_keywords (event_id, word, weight, rank) VALUES (11, '必胜', 0.573, 5);
INSERT INTO event_keywords (event_id, word, weight, rank) VALUES (11, '时间', 0.506, 6);
INSERT INTO event_keywords (event_id, word, weight, rank) VALUES (11, '不会', 0.5, 7);
INSERT INTO event_platforms (event_id, platform_name, ratio, rank) VALUES (11, '微博', 1.0, 0);
INSERT INTO event_trend_daily (event_id, date, count, is_predicted) VALUES (11, '2026-07-09', 12, 0);
INSERT INTO event_trend_daily (event_id, date, count, is_predicted, predict_heat, predict_count) VALUES (11, '2026-07-10', 0, 1, 12.0, 12.0);
INSERT INTO event_trend_daily (event_id, date, count, is_predicted, predict_heat, predict_count) VALUES (11, '2026-07-11', 0, 1, 12.0, 12.0);
INSERT INTO event_trend_daily (event_id, date, count, is_predicted, predict_heat, predict_count) VALUES (11, '2026-07-12', 0, 1, 12.0, 12.0);

INSERT INTO events (event_id, title, heat, report_count, duplicate_count, time_start, time_end, event_time, risk_level, stage, confidence, prob_latent, prob_growth, prob_peak, prob_decline, analysis, positive, neutral, negative, sources, created_at, updated_at) VALUES (12, '阿根廷球迷世界杯庆祝闹事，9人被捕', 6.754, 12, 0, '2026-07-09 12:49:38', '2026-07-09 18:56:49', '2026-07-09 12:00:00', 'mid', 'growth', 0.7, 0.15, 0.7, 0.15, 0.0, '当前事件报道数量持续增加，公众关注度快速提升，处于成长期。', 0.264, 0.308, 0.429, '["微博", "新浪新闻"]', '2026-07-11 08:35:49', '2026-07-11 08:35:49');
INSERT INTO event_keywords (event_id, word, weight, rank) VALUES (12, '阿根廷', 1.0, 0);
INSERT INTO event_keywords (event_id, word, weight, rank) VALUES (12, '判罚', 0.789, 1);
INSERT INTO event_keywords (event_id, word, weight, rank) VALUES (12, '埃及', 0.674, 2);
INSERT INTO event_keywords (event_id, word, weight, rank) VALUES (12, '孙葆洁', 0.659, 3);
INSERT INTO event_keywords (event_id, word, weight, rank) VALUES (12, '裁判', 0.653, 4);
INSERT INTO event_keywords (event_id, word, weight, rank) VALUES (12, '庆祝', 0.622, 5);
INSERT INTO event_keywords (event_id, word, weight, rank) VALUES (12, '阿根廷队', 0.622, 6);
INSERT INTO event_keywords (event_id, word, weight, rank) VALUES (12, '争议', 0.497, 7);
INSERT INTO event_platforms (event_id, platform_name, ratio, rank) VALUES (12, '微博', 0.917, 0);
INSERT INTO event_platforms (event_id, platform_name, ratio, rank) VALUES (12, '新浪新闻', 0.083, 1);
INSERT INTO event_trend_daily (event_id, date, count, is_predicted) VALUES (12, '2026-07-09', 12, 0);
INSERT INTO event_trend_daily (event_id, date, count, is_predicted, predict_heat, predict_count) VALUES (12, '2026-07-10', 0, 1, 12.0, 12.0);
INSERT INTO event_trend_daily (event_id, date, count, is_predicted, predict_heat, predict_count) VALUES (12, '2026-07-11', 0, 1, 12.0, 12.0);
INSERT INTO event_trend_daily (event_id, date, count, is_predicted, predict_heat, predict_count) VALUES (12, '2026-07-12', 0, 1, 12.0, 12.0);

INSERT INTO events (event_id, title, heat, report_count, duplicate_count, time_start, time_end, event_time, risk_level, stage, confidence, prob_latent, prob_growth, prob_peak, prob_decline, analysis, positive, neutral, negative, sources, created_at, updated_at) VALUES (13, '唯一非遗猪脏粉，还是申报积极性不够', 6.602, 12, 0, '2026-07-08 22:25:35', '2026-07-09 18:55:16', '2026-07-09 12:00:00', 'mid', 'growth', 0.9, 0.05, 0.9, 0.05, 0.0, '当前事件报道数量持续增加，公众关注度快速提升，处于成长期。', 0.467, 0.2, 0.333, '["微博", "新浪新闻"]', '2026-07-11 08:35:49', '2026-07-11 08:35:49');
INSERT INTO event_keywords (event_id, word, weight, rank) VALUES (13, '园丁', 1.0, 0);
INSERT INTO event_keywords (event_id, word, weight, rank) VALUES (13, '埃及', 0.88, 1);
INSERT INTO event_keywords (event_id, word, weight, rank) VALUES (13, '裁判', 0.759, 2);
INSERT INTO event_keywords (event_id, word, weight, rank) VALUES (13, '不住', 0.667, 3);
INSERT INTO event_keywords (event_id, word, weight, rank) VALUES (13, '国际足联', 0.632, 4);
INSERT INTO event_keywords (event_id, word, weight, rank) VALUES (13, '阿根廷', 0.617, 5);
INSERT INTO event_keywords (event_id, word, weight, rank) VALUES (13, '足协', 0.542, 6);
INSERT INTO event_keywords (event_id, word, weight, rank) VALUES (13, '遗猪', 0.5, 7);
INSERT INTO event_platforms (event_id, platform_name, ratio, rank) VALUES (13, '微博', 0.917, 0);
INSERT INTO event_platforms (event_id, platform_name, ratio, rank) VALUES (13, '新浪新闻', 0.083, 1);
INSERT INTO event_trend_daily (event_id, date, count, is_predicted) VALUES (13, '2026-07-08', 1, 0);
INSERT INTO event_trend_daily (event_id, date, count, is_predicted) VALUES (13, '2026-07-09', 11, 0);
INSERT INTO event_trend_daily (event_id, date, count, is_predicted, predict_heat, predict_count) VALUES (13, '2026-07-10', 0, 1, 21.0, 21.0);
INSERT INTO event_trend_daily (event_id, date, count, is_predicted, predict_heat, predict_count) VALUES (13, '2026-07-11', 0, 1, 31.0, 31.0);
INSERT INTO event_trend_daily (event_id, date, count, is_predicted, predict_heat, predict_count) VALUES (13, '2026-07-12', 0, 1, 41.0, 41.0);

INSERT INTO events (event_id, title, heat, report_count, duplicate_count, time_start, time_end, event_time, risk_level, stage, confidence, prob_latent, prob_growth, prob_peak, prob_decline, analysis, positive, neutral, negative, sources, created_at, updated_at) VALUES (14, '为何我力证梅西乃GOAT（3）', 6.472, 18, 0, '2026-07-07 11:37:19', '2026-07-09 11:27:36', '2026-07-09 12:00:00', 'mid', 'growth', 0.9, 0.05, 0.9, 0.05, 0.0, '当前事件报道数量持续增加，公众关注度快速提升，处于成长期。', 0.36, 0.35, 0.29, '["新浪新闻"]', '2026-07-11 08:35:49', '2026-07-11 08:35:49');
INSERT INTO event_keywords (event_id, word, weight, rank) VALUES (14, '埃及', 1.0, 0);
INSERT INTO event_keywords (event_id, word, weight, rank) VALUES (14, '梅西', 0.813, 1);
INSERT INTO event_keywords (event_id, word, weight, rank) VALUES (14, '阿根廷', 0.718, 2);
INSERT INTO event_keywords (event_id, word, weight, rank) VALUES (14, '世界杯', 0.487, 3);
INSERT INTO event_keywords (event_id, word, weight, rank) VALUES (14, '调整', 0.463, 4);
INSERT INTO event_keywords (event_id, word, weight, rank) VALUES (14, '点球', 0.45, 5);
INSERT INTO event_keywords (event_id, word, weight, rank) VALUES (14, '为何', 0.397, 6);
INSERT INTO event_keywords (event_id, word, weight, rank) VALUES (14, '纪录', 0.397, 7);
INSERT INTO event_platforms (event_id, platform_name, ratio, rank) VALUES (14, '新浪新闻', 1.0, 0);
INSERT INTO event_trend_daily (event_id, date, count, is_predicted) VALUES (14, '2026-07-07', 2, 0);
INSERT INTO event_trend_daily (event_id, date, count, is_predicted) VALUES (14, '2026-07-08', 5, 0);
INSERT INTO event_trend_daily (event_id, date, count, is_predicted) VALUES (14, '2026-07-09', 11, 0);
INSERT INTO event_trend_daily (event_id, date, count, is_predicted, predict_heat, predict_count) VALUES (14, '2026-07-10', 0, 1, 15.5, 15.5);
INSERT INTO event_trend_daily (event_id, date, count, is_predicted, predict_heat, predict_count) VALUES (14, '2026-07-11', 0, 1, 20.0, 20.0);
INSERT INTO event_trend_daily (event_id, date, count, is_predicted, predict_heat, predict_count) VALUES (14, '2026-07-12', 0, 1, 24.5, 24.5);

-- gold_auto.json: 5/12 clusters (heat >= 5.0)
INSERT INTO events (event_id, title, heat, report_count, duplicate_count, time_start, time_end, event_time, risk_level, stage, confidence, prob_latent, prob_growth, prob_peak, prob_decline, analysis, positive, neutral, negative, sources, created_at, updated_at) VALUES (15, '现货黄金再度失守4000美元大关，距1月高点已回落近30%', 31.392, 94, 0, '2026-06-30 13:13:00', '2026-07-09 20:40:50', '2026-07-09 12:00:00', 'high', 'peak', 0.9, 0.0, 0.05, 0.9, 0.05, '当前事件报道量已接近峰值，关注度趋于稳定，处于高潮期。', 0.476, 0.379, 0.146, '["微博", "新浪新闻"]', '2026-07-11 08:35:49', '2026-07-11 08:35:49');
INSERT INTO event_keywords (event_id, word, weight, rank) VALUES (15, '黄金', 1.0, 0);
INSERT INTO event_keywords (event_id, word, weight, rank) VALUES (15, '美元', 0.628, 1);
INSERT INTO event_keywords (event_id, word, weight, rank) VALUES (15, 'ETF', 0.431, 2);
INSERT INTO event_keywords (event_id, word, weight, rank) VALUES (15, '美联储', 0.395, 3);
INSERT INTO event_keywords (event_id, word, weight, rank) VALUES (15, '金价', 0.366, 4);
INSERT INTO event_keywords (event_id, word, weight, rank) VALUES (15, '通胀', 0.304, 5);
INSERT INTO event_keywords (event_id, word, weight, rank) VALUES (15, '官员', 0.243, 6);
INSERT INTO event_keywords (event_id, word, weight, rank) VALUES (15, '盎司', 0.191, 7);
INSERT INTO event_platforms (event_id, platform_name, ratio, rank) VALUES (15, '新浪新闻', 0.819, 0);
INSERT INTO event_platforms (event_id, platform_name, ratio, rank) VALUES (15, '微博', 0.181, 1);
INSERT INTO event_trend_daily (event_id, date, count, is_predicted) VALUES (15, '2026-06-30', 3, 0);
INSERT INTO event_trend_daily (event_id, date, count, is_predicted) VALUES (15, '2026-07-01', 3, 0);
INSERT INTO event_trend_daily (event_id, date, count, is_predicted) VALUES (15, '2026-07-02', 2, 0);
INSERT INTO event_trend_daily (event_id, date, count, is_predicted) VALUES (15, '2026-07-03', 1, 0);
INSERT INTO event_trend_daily (event_id, date, count, is_predicted) VALUES (15, '2026-07-04', 0, 0);
INSERT INTO event_trend_daily (event_id, date, count, is_predicted) VALUES (15, '2026-07-05', 0, 0);
INSERT INTO event_trend_daily (event_id, date, count, is_predicted) VALUES (15, '2026-07-06', 12, 0);
INSERT INTO event_trend_daily (event_id, date, count, is_predicted) VALUES (15, '2026-07-07', 7, 0);
INSERT INTO event_trend_daily (event_id, date, count, is_predicted) VALUES (15, '2026-07-08', 16, 0);
INSERT INTO event_trend_daily (event_id, date, count, is_predicted) VALUES (15, '2026-07-09', 50, 0);
INSERT INTO event_trend_daily (event_id, date, count, is_predicted, predict_heat, predict_count) VALUES (15, '2026-07-10', 0, 1, 71.5, 71.5);
INSERT INTO event_trend_daily (event_id, date, count, is_predicted, predict_heat, predict_count) VALUES (15, '2026-07-11', 0, 1, 93.0, 93.0);
INSERT INTO event_trend_daily (event_id, date, count, is_predicted, predict_heat, predict_count) VALUES (15, '2026-07-12', 0, 1, 114.5, 114.5);

INSERT INTO events (event_id, title, heat, report_count, duplicate_count, time_start, time_end, event_time, risk_level, stage, confidence, prob_latent, prob_growth, prob_peak, prob_decline, analysis, positive, neutral, negative, sources, created_at, updated_at) VALUES (16, '油价突然大涨油价大涨背后原因', 10.604, 21, 0, '2026-07-08 07:30:06', '2026-07-09 20:41:05', '2026-07-09 12:00:00', 'mid', 'growth', 0.9, 0.05, 0.9, 0.05, 0.0, '当前事件报道数量持续增加，公众关注度快速提升，处于成长期。', 0.429, 0.286, 0.286, '["微博", "新浪新闻"]', '2026-07-11 08:35:49', '2026-07-11 08:35:49');
INSERT INTO event_keywords (event_id, word, weight, rank) VALUES (16, '黄金', 1.0, 0);
INSERT INTO event_keywords (event_id, word, weight, rank) VALUES (16, '周三', 0.574, 1);
INSERT INTO event_keywords (event_id, word, weight, rank) VALUES (16, '美元', 0.571, 2);
INSERT INTO event_keywords (event_id, word, weight, rank) VALUES (16, '大跌', 0.571, 3);
INSERT INTO event_keywords (event_id, word, weight, rank) VALUES (16, '财经', 0.544, 4);
INSERT INTO event_keywords (event_id, word, weight, rank) VALUES (16, '指数', 0.529, 5);
INSERT INTO event_keywords (event_id, word, weight, rank) VALUES (16, '市场', 0.519, 6);
INSERT INTO event_keywords (event_id, word, weight, rank) VALUES (16, '美国', 0.519, 7);
INSERT INTO event_platforms (event_id, platform_name, ratio, rank) VALUES (16, '微博', 0.619, 0);
INSERT INTO event_platforms (event_id, platform_name, ratio, rank) VALUES (16, '新浪新闻', 0.381, 1);
INSERT INTO event_trend_daily (event_id, date, count, is_predicted) VALUES (16, '2026-07-08', 4, 0);
INSERT INTO event_trend_daily (event_id, date, count, is_predicted) VALUES (16, '2026-07-09', 17, 0);
INSERT INTO event_trend_daily (event_id, date, count, is_predicted, predict_heat, predict_count) VALUES (16, '2026-07-10', 0, 1, 30.0, 30.0);
INSERT INTO event_trend_daily (event_id, date, count, is_predicted, predict_heat, predict_count) VALUES (16, '2026-07-11', 0, 1, 43.0, 43.0);
INSERT INTO event_trend_daily (event_id, date, count, is_predicted, predict_heat, predict_count) VALUES (16, '2026-07-12', 0, 1, 56.0, 56.0);

INSERT INTO events (event_id, title, heat, report_count, duplicate_count, time_start, time_end, event_time, risk_level, stage, confidence, prob_latent, prob_growth, prob_peak, prob_decline, analysis, positive, neutral, negative, sources, created_at, updated_at) VALUES (17, '#黄金[超话]##金价# 4000是舒服建仓区起点而非必反弹点，积存金禁止梭哈赌底，只适合分批低吸、', 8.991, 15, 0, '2026-07-09 20:27:00', '2026-07-09 20:37:26', '2026-07-09 12:00:00', 'mid', 'peak', 0.6, 0.0, 0.2, 0.6, 0.2, '当前事件报道量已接近峰值，关注度趋于稳定，处于高潮期。', 0.4, 0.4, 0.2, '["微博"]', '2026-07-11 08:35:49', '2026-07-11 08:35:49');
INSERT INTO event_keywords (event_id, word, weight, rank) VALUES (17, '黄金', 1.0, 0);
INSERT INTO event_keywords (event_id, word, weight, rank) VALUES (17, '超话', 0.766, 1);
INSERT INTO event_keywords (event_id, word, weight, rank) VALUES (17, '外汇', 0.511, 2);
INSERT INTO event_keywords (event_id, word, weight, rank) VALUES (17, '金价', 0.366, 3);
INSERT INTO event_keywords (event_id, word, weight, rank) VALUES (17, '操作', 0.333, 4);
INSERT INTO event_keywords (event_id, word, weight, rank) VALUES (17, '涨回来', 0.333, 5);
INSERT INTO event_keywords (event_id, word, weight, rank) VALUES (17, '今天', 0.289, 6);
INSERT INTO event_keywords (event_id, word, weight, rank) VALUES (17, '朋友', 0.289, 7);
INSERT INTO event_platforms (event_id, platform_name, ratio, rank) VALUES (17, '微博', 1.0, 0);
INSERT INTO event_trend_daily (event_id, date, count, is_predicted) VALUES (17, '2026-07-09', 15, 0);
INSERT INTO event_trend_daily (event_id, date, count, is_predicted, predict_heat, predict_count) VALUES (17, '2026-07-10', 0, 1, 15.0, 15.0);
INSERT INTO event_trend_daily (event_id, date, count, is_predicted, predict_heat, predict_count) VALUES (17, '2026-07-11', 0, 1, 15.0, 15.0);
INSERT INTO event_trend_daily (event_id, date, count, is_predicted, predict_heat, predict_count) VALUES (17, '2026-07-12', 0, 1, 15.0, 15.0);

INSERT INTO events (event_id, title, heat, report_count, duplicate_count, time_start, time_end, event_time, risk_level, stage, confidence, prob_latent, prob_growth, prob_peak, prob_decline, analysis, positive, neutral, negative, sources, created_at, updated_at) VALUES (18, '带大家再复盘下上周末给到的黄金分析。当时我们明确以4200为强压制看下行，目标甚至给到4030，时至', 6.587, 11, 0, '2026-07-09 20:27:18', '2026-07-09 20:40:52', '2026-07-09 12:00:00', 'mid', 'peak', 0.6, 0.0, 0.2, 0.6, 0.2, '当前事件报道量已接近峰值，关注度趋于稳定，处于高潮期。', 0.357, 0.429, 0.214, '["微博"]', '2026-07-11 08:35:49', '2026-07-11 08:35:49');
INSERT INTO event_keywords (event_id, word, weight, rank) VALUES (18, '一线', 1.0, 0);
INSERT INTO event_keywords (event_id, word, weight, rank) VALUES (18, '晚间', 0.829, 1);
INSERT INTO event_keywords (event_id, word, weight, rank) VALUES (18, '直接', 0.669, 2);
INSERT INTO event_keywords (event_id, word, weight, rank) VALUES (18, '呱唧', 0.669, 3);
INSERT INTO event_keywords (event_id, word, weight, rank) VALUES (18, '实盘', 0.571, 4);
INSERT INTO event_keywords (event_id, word, weight, rank) VALUES (18, '数据', 0.561, 5);
INSERT INTO event_keywords (event_id, word, weight, rank) VALUES (18, '美元', 0.503, 6);
INSERT INTO event_keywords (event_id, word, weight, rank) VALUES (18, '上方', 0.503, 7);
INSERT INTO event_platforms (event_id, platform_name, ratio, rank) VALUES (18, '微博', 1.0, 0);
INSERT INTO event_trend_daily (event_id, date, count, is_predicted) VALUES (18, '2026-07-09', 11, 0);
INSERT INTO event_trend_daily (event_id, date, count, is_predicted, predict_heat, predict_count) VALUES (18, '2026-07-10', 0, 1, 11.0, 11.0);
INSERT INTO event_trend_daily (event_id, date, count, is_predicted, predict_heat, predict_count) VALUES (18, '2026-07-11', 0, 1, 11.0, 11.0);
INSERT INTO event_trend_daily (event_id, date, count, is_predicted, predict_heat, predict_count) VALUES (18, '2026-07-12', 0, 1, 11.0, 11.0);

INSERT INTO events (event_id, title, heat, report_count, duplicate_count, time_start, time_end, event_time, risk_level, stage, confidence, prob_latent, prob_growth, prob_peak, prob_decline, analysis, positive, neutral, negative, sources, created_at, updated_at) VALUES (19, '今日重点关注的财经数据与事件：2026年7月9日 周四 ① 14:00 德国5月季调后贸易帐 ② 1', 5.405, 9, 0, '2026-07-09 20:33:29', '2026-07-09 20:41:09', '2026-07-09 12:00:00', 'mid', 'peak', 0.6, 0.0, 0.2, 0.6, 0.2, '当前事件报道量已接近峰值，关注度趋于稳定，处于高潮期。', 0.781, 0.156, 0.062, '["微博"]', '2026-07-11 08:35:49', '2026-07-11 08:35:49');
INSERT INTO event_keywords (event_id, word, weight, rank) VALUES (19, '数据', 1.0, 0);
INSERT INTO event_keywords (event_id, word, weight, rank) VALUES (19, '初请', 0.852, 1);
INSERT INTO event_keywords (event_id, word, weight, rank) VALUES (19, '万人', 0.725, 2);
INSERT INTO event_keywords (event_id, word, weight, rank) VALUES (19, '黄金', 0.68, 3);
INSERT INTO event_keywords (event_id, word, weight, rank) VALUES (19, '就业', 0.678, 4);
INSERT INTO event_keywords (event_id, word, weight, rank) VALUES (19, '金价', 0.658, 5);
INSERT INTO event_keywords (event_id, word, weight, rank) VALUES (19, '预期', 0.658, 6);
INSERT INTO event_keywords (event_id, word, weight, rank) VALUES (19, '容易', 0.612, 7);
INSERT INTO event_platforms (event_id, platform_name, ratio, rank) VALUES (19, '微博', 1.0, 0);
INSERT INTO event_trend_daily (event_id, date, count, is_predicted) VALUES (19, '2026-07-09', 9, 0);
INSERT INTO event_trend_daily (event_id, date, count, is_predicted, predict_heat, predict_count) VALUES (19, '2026-07-10', 0, 1, 9.0, 9.0);
INSERT INTO event_trend_daily (event_id, date, count, is_predicted, predict_heat, predict_count) VALUES (19, '2026-07-11', 0, 1, 9.0, 9.0);
INSERT INTO event_trend_daily (event_id, date, count, is_predicted, predict_heat, predict_count) VALUES (19, '2026-07-12', 0, 1, 9.0, 9.0);

-- missile_auto.json: 4/13 clusters (heat >= 5.0)
INSERT INTO events (event_id, title, heat, report_count, duplicate_count, time_start, time_end, event_time, risk_level, stage, confidence, prob_latent, prob_growth, prob_peak, prob_decline, analysis, positive, neutral, negative, sources, created_at, updated_at) VALUES (20, '俄核动力重型巡洋舰，升级后重归北方舰队，用来保护北极水下核力量', 50.692, 123, 0, '2026-07-01 12:45:13', '2026-07-09 19:52:00', '2026-07-09 12:00:00', 'high', 'growth', 0.9, 0.05, 0.9, 0.05, 0.0, '当前事件报道数量持续增加，公众关注度快速提升，处于成长期。', 0.487, 0.333, 0.179, '["微博", "新浪新闻"]', '2026-07-11 08:35:49', '2026-07-11 08:35:49');
INSERT INTO event_keywords (event_id, word, weight, rank) VALUES (20, '日本', 1.0, 0);
INSERT INTO event_keywords (event_id, word, weight, rank) VALUES (20, '战略', 0.625, 1);
INSERT INTO event_keywords (event_id, word, weight, rank) VALUES (20, '北约', 0.545, 2);
INSERT INTO event_keywords (event_id, word, weight, rank) VALUES (20, '中方', 0.458, 3);
INSERT INTO event_keywords (event_id, word, weight, rank) VALUES (20, '中国', 0.453, 4);
INSERT INTO event_keywords (event_id, word, weight, rank) VALUES (20, '巨浪', 0.315, 5);
INSERT INTO event_keywords (event_id, word, weight, rank) VALUES (20, '无人机', 0.293, 6);
INSERT INTO event_keywords (event_id, word, weight, rank) VALUES (20, '国家', 0.277, 7);
INSERT INTO event_platforms (event_id, platform_name, ratio, rank) VALUES (20, '新浪新闻', 0.52, 0);
INSERT INTO event_platforms (event_id, platform_name, ratio, rank) VALUES (20, '微博', 0.48, 1);
INSERT INTO event_trend_daily (event_id, date, count, is_predicted) VALUES (20, '2026-07-01', 1, 0);
INSERT INTO event_trend_daily (event_id, date, count, is_predicted) VALUES (20, '2026-07-02', 1, 0);
INSERT INTO event_trend_daily (event_id, date, count, is_predicted) VALUES (20, '2026-07-03', 0, 0);
INSERT INTO event_trend_daily (event_id, date, count, is_predicted) VALUES (20, '2026-07-04', 0, 0);
INSERT INTO event_trend_daily (event_id, date, count, is_predicted) VALUES (20, '2026-07-05', 0, 0);
INSERT INTO event_trend_daily (event_id, date, count, is_predicted) VALUES (20, '2026-07-06', 2, 0);
INSERT INTO event_trend_daily (event_id, date, count, is_predicted) VALUES (20, '2026-07-07', 17, 0);
INSERT INTO event_trend_daily (event_id, date, count, is_predicted) VALUES (20, '2026-07-08', 32, 0);
INSERT INTO event_trend_daily (event_id, date, count, is_predicted) VALUES (20, '2026-07-09', 70, 0);
INSERT INTO event_trend_daily (event_id, date, count, is_predicted, predict_heat, predict_count) VALUES (20, '2026-07-10', 0, 1, 96.5, 96.5);
INSERT INTO event_trend_daily (event_id, date, count, is_predicted, predict_heat, predict_count) VALUES (20, '2026-07-11', 0, 1, 123.0, 123.0);
INSERT INTO event_trend_daily (event_id, date, count, is_predicted, predict_heat, predict_count) VALUES (20, '2026-07-12', 0, 1, 149.5, 149.5);

INSERT INTO events (event_id, title, heat, report_count, duplicate_count, time_start, time_end, event_time, risk_level, stage, confidence, prob_latent, prob_growth, prob_peak, prob_decline, analysis, positive, neutral, negative, sources, created_at, updated_at) VALUES (21, '巨浪导弹刚打完，澳大利亚第一个跳了出来，抢先对中国发难', 11.953, 38, 0, '2026-07-07 15:36:17', '2026-07-09 19:49:40', '2026-07-08 12:00:00', 'mid', 'peak', 0.9, 0.0, 0.05, 0.9, 0.05, '当前事件报道量已接近峰值，关注度趋于稳定，处于高潮期。', 0.432, 0.341, 0.227, '["微博", "新浪新闻"]', '2026-07-11 08:35:49', '2026-07-11 08:35:49');
INSERT INTO event_keywords (event_id, word, weight, rank) VALUES (21, '日本', 1.0, 0);
INSERT INTO event_keywords (event_id, word, weight, rank) VALUES (21, '中国', 0.679, 1);
INSERT INTO event_keywords (event_id, word, weight, rank) VALUES (21, '试射', 0.389, 2);
INSERT INTO event_keywords (event_id, word, weight, rank) VALUES (21, '导弹', 0.293, 3);
INSERT INTO event_keywords (event_id, word, weight, rank) VALUES (21, '发射', 0.282, 4);
INSERT INTO event_keywords (event_id, word, weight, rank) VALUES (21, '美国', 0.244, 5);
INSERT INTO event_keywords (event_id, word, weight, rank) VALUES (21, '介文', 0.228, 6);
INSERT INTO event_keywords (event_id, word, weight, rank) VALUES (21, '巨浪', 0.226, 7);
INSERT INTO event_platforms (event_id, platform_name, ratio, rank) VALUES (21, '新浪新闻', 0.816, 0);
INSERT INTO event_platforms (event_id, platform_name, ratio, rank) VALUES (21, '微博', 0.184, 1);
INSERT INTO event_trend_daily (event_id, date, count, is_predicted) VALUES (21, '2026-07-07', 8, 0);
INSERT INTO event_trend_daily (event_id, date, count, is_predicted) VALUES (21, '2026-07-08', 16, 0);
INSERT INTO event_trend_daily (event_id, date, count, is_predicted) VALUES (21, '2026-07-09', 14, 0);
INSERT INTO event_trend_daily (event_id, date, count, is_predicted, predict_heat, predict_count) VALUES (21, '2026-07-10', 0, 1, 17.0, 17.0);
INSERT INTO event_trend_daily (event_id, date, count, is_predicted, predict_heat, predict_count) VALUES (21, '2026-07-11', 0, 1, 20.0, 20.0);
INSERT INTO event_trend_daily (event_id, date, count, is_predicted, predict_heat, predict_count) VALUES (21, '2026-07-12', 0, 1, 23.0, 23.0);

INSERT INTO events (event_id, title, heat, report_count, duplicate_count, time_start, time_end, event_time, risk_level, stage, confidence, prob_latent, prob_growth, prob_peak, prob_decline, analysis, positive, neutral, negative, sources, created_at, updated_at) VALUES (22, '深海重器亮剑炸出亚太博弈真相，美日各怀心思，藏不住同盟裂痕#烽火问鼎计划# http://t.cn/', 9.962, 17, 0, '2026-07-09 19:46:44', '2026-07-09 19:50:22', '2026-07-09 12:00:00', 'mid', 'peak', 0.6, 0.0, 0.2, 0.6, 0.2, '当前事件报道量已接近峰值，关注度趋于稳定，处于高潮期。', 0.393, 0.304, 0.304, '["微博"]', '2026-07-11 08:35:49', '2026-07-11 08:35:49');
INSERT INTO event_keywords (event_id, word, weight, rank) VALUES (22, '澳大利亚', 1.0, 0);
INSERT INTO event_keywords (event_id, word, weight, rank) VALUES (22, '抗议', 0.911, 1);
INSERT INTO event_keywords (event_id, word, weight, rank) VALUES (22, '这枚', 0.836, 2);
INSERT INTO event_keywords (event_id, word, weight, rank) VALUES (22, '认领', 0.836, 3);
INSERT INTO event_keywords (event_id, word, weight, rank) VALUES (22, '不到', 0.75, 4);
INSERT INTO event_keywords (event_id, word, weight, rank) VALUES (22, '日本', 0.723, 5);
INSERT INTO event_keywords (event_id, word, weight, rank) VALUES (22, '帅化民', 0.683, 6);
INSERT INTO event_keywords (event_id, word, weight, rank) VALUES (22, '头盔', 0.638, 7);
INSERT INTO event_platforms (event_id, platform_name, ratio, rank) VALUES (22, '微博', 1.0, 0);
INSERT INTO event_trend_daily (event_id, date, count, is_predicted) VALUES (22, '2026-07-09', 17, 0);
INSERT INTO event_trend_daily (event_id, date, count, is_predicted, predict_heat, predict_count) VALUES (22, '2026-07-10', 0, 1, 17.0, 17.0);
INSERT INTO event_trend_daily (event_id, date, count, is_predicted, predict_heat, predict_count) VALUES (22, '2026-07-11', 0, 1, 17.0, 17.0);
INSERT INTO event_trend_daily (event_id, date, count, is_predicted, predict_heat, predict_count) VALUES (22, '2026-07-12', 0, 1, 17.0, 17.0);

INSERT INTO events (event_id, title, heat, report_count, duplicate_count, time_start, time_end, event_time, risk_level, stage, confidence, prob_latent, prob_growth, prob_peak, prob_decline, analysis, positive, neutral, negative, sources, created_at, updated_at) VALUES (23, '20马赫“空中惊雷”出鞘！补齐三位一体核打击最后短板', 7.515, 14, 0, '2026-07-01 08:20:01', '2026-07-09 19:51:48', '2026-07-09 12:00:00', 'mid', 'growth', 0.9, 0.05, 0.9, 0.05, 0.0, '当前事件报道数量持续增加，公众关注度快速提升，处于成长期。', 0.706, 0.206, 0.088, '["微博", "新浪新闻"]', '2026-07-11 08:35:49', '2026-07-11 08:35:49');
INSERT INTO event_keywords (event_id, word, weight, rank) VALUES (23, '我国', 1.0, 0);
INSERT INTO event_keywords (event_id, word, weight, rank) VALUES (23, '升级', 0.933, 1);
INSERT INTO event_keywords (event_id, word, weight, rank) VALUES (23, '渤海', 0.82, 2);
INSERT INTO event_keywords (event_id, word, weight, rank) VALUES (23, '补齐', 0.691, 3);
INSERT INTO event_keywords (event_id, word, weight, rank) VALUES (23, '体系', 0.676, 4);
INSERT INTO event_keywords (event_id, word, weight, rank) VALUES (23, '出鞘', 0.576, 5);
INSERT INTO event_keywords (event_id, word, weight, rank) VALUES (23, '核打击', 0.576, 6);
INSERT INTO event_keywords (event_id, word, weight, rank) VALUES (23, '战略', 0.575, 7);
INSERT INTO event_platforms (event_id, platform_name, ratio, rank) VALUES (23, '微博', 0.857, 0);
INSERT INTO event_platforms (event_id, platform_name, ratio, rank) VALUES (23, '新浪新闻', 0.143, 1);
INSERT INTO event_trend_daily (event_id, date, count, is_predicted) VALUES (23, '2026-07-01', 1, 0);
INSERT INTO event_trend_daily (event_id, date, count, is_predicted) VALUES (23, '2026-07-02', 0, 0);
INSERT INTO event_trend_daily (event_id, date, count, is_predicted) VALUES (23, '2026-07-03', 0, 0);
INSERT INTO event_trend_daily (event_id, date, count, is_predicted) VALUES (23, '2026-07-04', 0, 0);
INSERT INTO event_trend_daily (event_id, date, count, is_predicted) VALUES (23, '2026-07-05', 0, 0);
INSERT INTO event_trend_daily (event_id, date, count, is_predicted) VALUES (23, '2026-07-06', 0, 0);
INSERT INTO event_trend_daily (event_id, date, count, is_predicted) VALUES (23, '2026-07-07', 0, 0);
INSERT INTO event_trend_daily (event_id, date, count, is_predicted) VALUES (23, '2026-07-08', 0, 0);
INSERT INTO event_trend_daily (event_id, date, count, is_predicted) VALUES (23, '2026-07-09', 13, 0);
INSERT INTO event_trend_daily (event_id, date, count, is_predicted, predict_heat, predict_count) VALUES (23, '2026-07-10', 0, 1, 19.5, 19.5);
INSERT INTO event_trend_daily (event_id, date, count, is_predicted, predict_heat, predict_count) VALUES (23, '2026-07-11', 0, 1, 26.0, 26.0);
INSERT INTO event_trend_daily (event_id, date, count, is_predicted, predict_heat, predict_count) VALUES (23, '2026-07-12', 0, 1, 32.5, 32.5);
